# Created by FreeCAD <https://www.freecad.org>
v -16.763390 0.000000 9.577709
v -35.918808 0.000000 0.000000
v -22.752232 0.000000 5.583288
v -15.918806 0.000000 9.000000
v -16.624815 0.000000 9.643703
v -16.483282 0.000000 9.704549
v -16.339077 0.000000 9.760056
v -16.192507 0.000000 9.810058
v -16.043888 0.000000 9.854411
v -15.893546 0.000000 9.892996
v -15.741821 0.000000 9.925719
v -15.589056 0.000000 9.952514
v -15.435597 0.000000 9.973339
v -15.281795 0.000000 9.988181
v -15.127993 0.000000 9.997055
v -14.974534 0.000000 10.000000
v -22.752232 -0.000000 -5.583288
v -16.763390 0.000000 -9.577709
v -15.918806 -0.000000 -9.000000
v -16.624815 0.000000 -9.643703
v -16.483282 0.000000 -9.704549
v -16.339077 0.000000 -9.760056
v -16.192507 0.000000 -9.810058
v -16.043888 0.000000 -9.854411
v -15.893546 0.000000 -9.892996
v -15.741821 0.000000 -9.925719
v -15.589056 0.000000 -9.952514
v -15.435597 0.000000 -9.973339
v -15.281795 0.000000 -9.988181
v -15.127993 0.000000 -9.997055
v -14.974534 0.000000 -10.000000
v 103.081192 0.000000 9.000000
v 102.179329 0.000000 9.997591
v 102.081192 -0.000000 10.000000
v 102.277229 0.000000 9.990370
v 102.374657 0.000000 9.978353
v 102.471375 0.000000 9.961571
v 102.567154 0.000000 9.940063
v 102.661766 0.000000 9.913880
v 102.754974 0.000000 9.883088
v 102.846558 0.000000 9.847759
v 102.936302 0.000000 9.807979
v 103.023987 0.000000 9.763843
v 103.109398 0.000000 9.715457
v 103.192337 0.000000 9.662939
v 103.272591 0.000000 9.606415
v 103.349983 0.000000 9.546021
v 103.424309 0.000000 9.481902
v 103.495407 0.000000 9.414213
v 103.563095 0.000000 9.343118
v 103.627213 0.000000 9.268786
v 103.687607 0.000000 9.191399
v 103.744133 0.000000 9.111140
v 103.796654 0.000000 9.028206
v 103.845039 0.000000 8.942794
v 103.889175 0.000000 8.855110
v 103.928955 0.000000 8.765367
v 103.964279 0.000000 8.673779
v 103.995071 0.000000 8.580569
v 104.021255 0.000000 8.485960
v 104.042763 0.000000 8.390181
v 104.059547 0.000000 8.293461
v 104.071564 0.000000 8.196034
v 104.078781 0.000000 8.098135
v 104.081192 -0.000000 8.000000
v 103.081192 0.000000 5.500000
v 104.081192 0.000000 5.500000
v 104.081192 0.000000 -8.000000
v 104.081192 0.000000 -5.500000
v 103.081192 0.000000 -5.500000
v 103.081192 -0.000000 -9.000000
v 102.179329 0.000000 -9.997591
v 102.081192 0.000000 -10.000000
v 104.078781 0.000000 -8.098135
v 104.071564 0.000000 -8.196034
v 102.277229 0.000000 -9.990370
v 102.374657 0.000000 -9.978353
v 104.059547 0.000000 -8.293461
v 102.471375 0.000000 -9.961571
v 104.042763 0.000000 -8.390181
v 102.567154 0.000000 -9.940063
v 104.021255 0.000000 -8.485960
v 102.661766 0.000000 -9.913880
v 103.995071 0.000000 -8.580569
v 102.754974 0.000000 -9.883088
v 103.964279 0.000000 -8.673779
v 103.928955 0.000000 -8.765367
v 102.846558 0.000000 -9.847759
v 102.936302 0.000000 -9.807979
v 103.889175 0.000000 -8.855110
v 103.023987 0.000000 -9.763843
v 103.845039 0.000000 -8.942794
v 103.109398 0.000000 -9.715457
v 103.796654 0.000000 -9.028206
v 103.192337 0.000000 -9.662939
v 103.744133 0.000000 -9.111140
v 103.272591 0.000000 -9.606415
v 103.687607 0.000000 -9.191399
v 103.349983 0.000000 -9.546021
v 103.627213 0.000000 -9.268786
v 103.424309 0.000000 -9.481902
v 103.563095 0.000000 -9.343118
v 103.495407 0.000000 -9.414213
v 102.081192 0.498459 -9.987569
v -14.974534 0.499844 -9.987500
v -14.974534 0.948726 -9.954896
v 102.081192 0.995678 -9.950308
v -14.974534 1.351135 -9.908304
v 102.081192 1.490423 -9.888309
v -14.974534 1.751347 -9.845448
v 102.081192 1.981461 -9.801724
v -14.974534 2.148699 -9.766431
v 102.081192 2.467574 -9.690773
v -14.974534 2.542532 -9.671381
v 102.081192 2.947552 -9.555728
v -14.974534 2.932196 -9.560454
v -14.974534 3.317047 -9.433835
v 102.081192 3.420202 -9.396926
v -14.974534 3.696453 -9.291730
v 102.081192 3.884348 -9.214762
v -14.974534 4.069788 -9.134376
v 102.081192 4.338838 -9.009688
v -14.974534 4.436439 -8.962029
v 102.081192 4.782540 -8.782216
v -14.974534 4.795803 -8.774976
v -14.974534 5.147291 -8.573524
v 102.081192 5.214352 -8.532908
v -14.974534 5.490326 -8.358004
v 102.081192 5.633201 -8.262387
v -14.974534 5.824345 -8.128770
v 102.081192 6.038044 -7.971325
v -14.974534 6.148801 -7.886199
v 102.081192 6.427876 -7.660444
v -14.974534 6.463162 -7.630691
v -14.974534 6.766913 -7.362664
v 102.081192 6.801727 -7.330519
v -14.974534 7.059556 -7.082558
v 102.081192 7.158669 -6.982368
v -14.974534 7.340612 -6.790833
v 102.081192 7.497812 -6.616858
v -14.974534 7.609620 -6.487968
v 102.081192 7.818315 -6.234898
v -14.974534 7.866138 -6.174459
v 102.081192 8.119380 -5.837437
v -14.974534 8.109748 -5.850820
v -14.974534 8.340049 -5.517581
v 102.081192 8.400259 -5.425463
v -14.974534 8.556664 -5.175292
v 102.081192 8.660254 -5.000000
v -14.974534 8.759237 -4.824510
v 102.081192 8.898718 -4.562107
v -14.974534 8.947438 -4.465812
v 102.081192 9.115059 -4.112871
v -14.974534 9.120957 -4.099787
v -14.974534 9.279510 -3.727035
v 102.081192 9.308738 -3.653410
v -14.974534 9.422836 -3.348167
v 102.081192 9.479274 -3.184866
v -14.974534 9.550702 -2.963804
v 102.081192 9.626243 -2.708405
v -14.974534 9.662896 -2.574578
v 102.081192 9.749279 -2.225209
v -14.974534 9.759234 -2.181126
v -14.974534 9.839560 -1.784094
v 102.081192 9.848078 -1.736482
v -14.974534 9.903740 -1.384135
v 102.081192 9.922392 -1.243437
v -14.974534 9.951671 -0.981904
v 102.081192 9.972038 -0.747301
v -14.974534 9.983272 -0.578061
v 102.081192 9.996892 -0.249307
v -14.974534 9.998491 -0.173270
v 102.081192 9.996892 0.249307
v -14.974534 9.997306 0.231806
v -14.974534 9.979716 0.636502
v 102.081192 9.972038 0.747301
v -14.974534 9.945751 1.040152
v 102.081192 9.922392 1.243437
v -14.974534 9.895467 1.442096
v 102.081192 9.848078 1.736482
v -14.974534 9.828946 1.841673
v 102.081192 9.749279 2.225209
v -14.974534 9.746298 2.238227
v -14.974534 9.647656 2.631108
v 102.081192 9.626243 2.708405
v -14.974534 9.533186 3.019670
v 102.081192 9.479274 3.184866
v -14.974534 9.403072 3.403278
v 102.081192 9.308738 3.653410
v -14.974534 9.257530 3.781300
v 102.081192 9.115059 4.112871
v -14.974534 9.096798 4.153118
v -14.974534 8.921139 4.518121
v 102.081192 8.898718 4.562107
v -14.974534 8.730841 4.875710
v 102.081192 8.660254 5.000000
v -14.974534 8.526217 5.225300
v 102.081192 8.400259 5.425463
v -14.974534 8.307601 5.566316
v 102.081192 8.119380 5.837437
v -14.974534 8.075353 5.898200
v 102.081192 7.818315 6.234898
v -14.974534 7.829853 6.220407
v -14.974534 7.571503 6.532410
v 102.081192 7.497812 6.616858
v -14.974534 7.300726 6.833695
v 102.081192 7.158669 6.982368
v -14.974534 7.017967 7.123770
v 102.081192 6.801727 7.330519
v -14.974534 6.723689 7.402158
v 102.081192 6.427876 7.660444
v -14.974534 6.418373 7.668403
v -14.974534 6.102520 7.922067
v 102.081192 6.038044 7.971325
v -14.974534 5.776649 8.162734
v 102.081192 5.633201 8.262387
v -14.974534 5.441292 8.390008
v 102.081192 5.214352 8.532908
v -14.974534 5.097001 8.603517
v 102.081192 4.782540 8.782216
v -14.974534 4.744338 8.802908
v -14.974534 4.383884 8.987854
v 102.081192 4.338838 9.009688
v -14.974534 4.016230 9.158051
v 102.081192 3.884348 9.214762
v -14.974534 3.641979 9.313216
v 102.081192 3.420202 9.396926
v -14.974534 3.261748 9.453097
v 102.081192 2.947552 9.555728
v -14.974534 2.876161 9.577461
v 102.081192 2.467574 9.690773
v -14.974534 2.485855 9.686103
v -14.974534 2.091473 9.778845
v 102.081192 1.981461 9.801724
v -14.974534 1.693667 9.855535
v 102.081192 1.490423 9.888309
v -14.974534 1.293096 9.916045
v 102.081192 0.995678 9.950308
v -14.974534 0.890425 9.960279
v 102.081192 0.498459 9.987569
v -14.974534 0.486325 9.988168
v -14.974534 0.243225 9.997042
v 104.081192 0.398767 7.990056
v 102.179329 0.498339 -9.985163
v 102.277229 0.497979 -9.977951
v 102.374657 0.497380 -9.965949
v 102.471375 0.496543 -9.949187
v 102.567154 0.495471 -9.927706
v 102.179329 0.995439 -9.947910
v 102.661766 0.494166 -9.901557
v 102.277229 0.994720 -9.940725
v 102.754974 0.492631 -9.870803
v 102.374657 0.993523 -9.928768
v 102.846558 0.490870 -9.835518
v 102.471375 0.991852 -9.912069
v 102.936302 0.488887 -9.795787
v 102.567154 0.989711 -9.890668
v 103.023987 0.486687 -9.751705
v 102.179329 1.490064 -9.885926
v 102.661766 0.987104 -9.864616
v 103.109398 0.484276 -9.703381
v 102.277229 1.488987 -9.878785
v 102.754974 0.984038 -9.833977
v 103.192337 0.481658 -9.650928
v 102.374657 1.487196 -9.866903
v 102.846558 0.980520 -9.798823
v 103.272591 0.478840 -9.594474
v 102.471375 1.484695 -9.850308
v 102.936302 0.976559 -9.759240
v 103.349983 0.475830 -9.534155
v 102.567154 1.481489 -9.829041
v 103.023987 0.972165 -9.715323
v 102.179329 1.980984 -9.799363
v 103.424309 0.472634 -9.470116
v 102.661766 1.477587 -9.803151
v 103.109398 0.967347 -9.667179
v 102.277229 1.979553 -9.792285
v 103.495407 0.469260 -9.402511
v 102.754974 1.472998 -9.772702
v 103.192337 0.962118 -9.614922
v 102.374657 1.977172 -9.780507
v 103.563095 0.465716 -9.331504
v 102.846558 1.467732 -9.737768
v 103.272591 0.956490 -9.558679
v 102.471375 1.973847 -9.764057
v 103.627213 0.462011 -9.257265
v 102.936302 1.461803 -9.698432
v 103.349983 0.950477 -9.498585
v 102.567154 1.969585 -9.742976
v 103.687607 0.458153 -9.179973
v 103.023987 1.455225 -9.654788
v 102.179329 2.466980 -9.688438
v 103.424309 0.944093 -9.434785
v 102.661766 1.964397 -9.717313
v 103.744133 0.454153 -9.099814
v 103.109398 1.448014 -9.606943
v 102.277229 2.465198 -9.681440
v 103.495407 0.937353 -9.367433
v 102.754974 1.958296 -9.687131
v 103.796654 0.450019 -9.016983
v 103.192337 1.440186 -9.555012
v 102.374657 2.462232 -9.669795
v 103.563095 0.930274 -9.296690
v 102.846558 1.951295 -9.652502
v 103.845039 0.445761 -8.931677
v 103.272591 1.431762 -9.499120
v 102.471375 2.458091 -9.653532
v 103.627213 0.922873 -9.222728
v 102.936302 1.943413 -9.613511
v 103.889175 0.441391 -8.844103
v 103.349983 1.422761 -9.439400
v 102.567154 2.452784 -9.632689
v 103.687607 0.915168 -9.145724
v 103.023987 1.934668 -9.570250
v 103.928955 0.436917 -8.754471
v 102.179329 2.946842 -9.553426
v 103.424309 1.413204 -9.375998
v 102.661766 2.446323 -9.607317
v 103.744133 0.907177 -9.065866
v 103.109398 1.925080 -9.522824
v 103.964279 0.432352 -8.662997
v 102.277229 2.944713 -9.546525
v 103.495407 1.403116 -9.309065
v 102.754974 2.438725 -9.577477
v 103.796654 0.898919 -8.983342
v 103.192337 1.914674 -9.471347
v 103.995071 0.427706 -8.569903
v 102.374657 2.941171 -9.535043
v 103.563095 1.392519 -9.238763
v 102.846558 2.430007 -9.543240
v 103.845039 0.890415 -8.898355
v 103.272591 1.903474 -9.415944
v 104.021255 0.422990 -8.475411
v 102.471375 2.936224 -9.519006
v 103.627213 1.381441 -9.165262
v 102.936302 2.420191 -9.504689
v 103.889175 0.881684 -8.811107
v 103.349983 1.891507 -9.356747
v 104.042763 0.418216 -8.379751
v 102.567154 2.929885 -9.498453
v 103.687607 1.369907 -9.088738
v 103.023987 2.409300 -9.461918
v 103.928955 0.872749 -8.721809
v 102.179329 3.419378 -9.394663
v 103.424309 1.878802 -9.293900
v 104.059547 0.413395 -8.283152
v 102.661766 2.922168 -9.473434
v 103.744133 1.357945 -9.009377
v 103.109398 2.397361 -9.415029
v 103.964279 0.863630 -8.630678
v 102.277229 3.416908 -9.387877
v 103.495407 1.865390 -9.227553
v 104.071564 0.408539 -8.185846
v 102.754974 2.913091 -9.444010
v 103.796654 1.345584 -8.927368
v 103.192337 2.384402 -9.364135
v 103.995071 0.854349 -8.537930
v 102.374657 3.412798 -9.376585
v 103.563095 1.851303 -9.157867
v 104.078781 0.403659 -8.088069
v 104.081192 0.398767 -7.990056
v 102.846558 2.902678 -9.410251
v 103.845039 1.332854 -8.842910
v 103.272591 2.370454 -9.309359
v 104.021255 0.844929 -8.443791
v 102.471375 3.407058 -9.360814
v 103.627213 1.836574 -9.085010
v 102.936302 2.890952 -9.372237
v 103.889175 1.319786 -8.756206
v 103.349983 2.355551 -9.250832
v 104.042763 0.835392 -8.348488
v 102.567154 3.399702 -9.340604
v 103.687607 1.821240 -9.009156
v 103.023987 2.877943 -9.330063
v 103.928955 1.306410 -8.667465
v 102.179329 3.883412 -9.212543
v 103.424309 2.339730 -9.188696
v 104.059547 0.825762 -8.252249
v 102.661766 3.390747 -9.316001
v 103.744133 1.805337 -8.930490
v 103.109398 2.863681 -9.283827
v 103.964279 1.292760 -8.576900
v 102.277229 3.880607 -9.205888
v 103.495407 2.323027 -9.123100
v 104.071564 0.816061 -8.155307
v 102.754974 3.380215 -9.287065
v 103.796654 1.788904 -8.849198
v 103.192337 2.848201 -9.233642
v 103.995071 1.278867 -8.484732
v 102.374657 3.875940 -9.194815
v 103.563095 2.305484 -9.054203
v 104.078781 0.806314 -8.057894
v 104.081192 0.796543 -7.960246
v 102.846558 3.368132 -9.253866
v 103.845039 1.771980 -8.765480
v 103.272591 2.831541 -9.179629
v 104.021255 1.264767 -8.391179
v 102.471375 3.869421 -9.179350
v 103.627213 2.287142 -8.982170
v 102.936302 3.354526 -9.216485
v 103.889175 1.754606 -8.679535
v 103.349983 2.813739 -9.121918
v 104.042763 1.250491 -8.296470
v 102.567154 3.861066 -9.159532
v 103.687607 2.268046 -8.907176
v 103.023987 3.339431 -9.175011
v 103.928955 1.736824 -8.591572
v 102.179329 4.337792 -9.007518
v 103.424309 2.794840 -9.060648
v 104.059547 1.236076 -8.200830
v 102.661766 3.850896 -9.135406
v 103.744133 2.248241 -8.829399
v 103.109398 3.322882 -9.129543
v 103.964279 1.718676 -8.501801
v 102.277229 4.334659 -9.001012
v 103.495407 2.774888 -8.995967
v 104.071564 1.221555 -8.104491
v 102.754974 3.838935 -9.107031
v 103.796654 2.227777 -8.749029
v 103.192337 3.304920 -9.080193
v 103.995071 1.700207 -8.410438
v 102.374657 4.329445 -8.990186
v 103.563095 2.753932 -8.928029
v 104.078781 1.206964 -8.007686
v 104.081192 1.192338 -7.910646
v 102.846558 3.825212 -9.074475
v 103.845039 2.206701 -8.666258
v 103.272591 3.285588 -9.027078
v 104.021255 1.681460 -8.317705
v 102.471375 4.322164 -8.975065
v 103.627213 2.732023 -8.857000
v 102.936302 3.809760 -9.037819
v 103.889175 2.185064 -8.581286
v 103.349983 3.264931 -8.970325
v 104.042763 1.662482 -8.223825
v 102.567154 4.312831 -8.955687
v 103.687607 2.709212 -8.783051
v 103.023987 3.792616 -8.997149
v 103.928955 2.162919 -8.494318
v 102.179329 4.781388 -8.780100
v 103.424309 3.243001 -8.910073
v 104.059547 1.643317 -8.129023
v 102.661766 4.301472 -8.932097
v 103.744133 2.685556 -8.706358
v 103.109398 3.773822 -8.952562
v 103.964279 2.140319 -8.405563
v 102.277229 4.777934 -8.773758
v 103.495407 3.219851 -8.846467
v 104.071564 1.624013 -8.033527
v 102.754974 4.288111 -8.904355
v 103.796654 2.661110 -8.627108
v 103.192337 3.753422 -8.904169
v 103.995071 2.117319 -8.315235
v 102.374657 4.772187 -8.763205
v 103.563095 3.195534 -8.779659
v 104.078781 1.604614 -7.937570
v 104.081192 1.585169 -7.841380
v 102.846558 4.272782 -8.872524
v 103.845039 2.635935 -8.545490
v 103.272591 3.731466 -8.852083
v 104.021255 2.093973 -8.223552
v 102.471375 4.764161 -8.748466
v 103.627213 3.170112 -8.709810
v 102.936302 4.255522 -8.836683
v 103.889175 2.610090 -8.461702
v 103.349983 3.708007 -8.796432
v 104.042763 2.070339 -8.130733
v 102.567154 4.753874 -8.729577
v 103.687607 3.143643 -8.637090
v 103.023987 4.236372 -8.796918
v 103.928955 2.583637 -8.375946
v 102.179329 5.213096 -8.530853
v 103.424309 3.683101 -8.737348
v 104.059547 2.046473 -8.037004
v 102.661766 4.741353 -8.706584
v 103.744133 3.116194 -8.561671
v 103.109398 4.215379 -8.753325
v 103.964279 2.556641 -8.288428
v 102.277229 5.209331 -8.524692
v 103.495407 3.656808 -8.674973
v 104.071564 2.022432 -7.942591
v 102.754974 4.726626 -8.679542
v 103.796654 3.087828 -8.483738
v 103.192337 4.192592 -8.706007
v 103.995071 2.529167 -8.199359
v 102.374657 5.203064 -8.514438
v 103.563095 3.629192 -8.609461
v 104.078781 1.998275 -7.847719
v 104.081192 1.974059 -7.752618
v 102.846558 4.709730 -8.648515
v 103.845039 3.058615 -8.403477
v 103.272591 4.168067 -8.655081
v 104.021255 2.501281 -8.108953
v 102.471375 5.194314 -8.500117
v 103.627213 3.600319 -8.540966
v 102.936302 4.690705 -8.613579
v 103.889175 3.028626 -8.321082
v 103.349983 4.141863 -8.600668
v 104.042763 2.473049 -8.017428
v 102.567154 5.183098 -8.481765
v 103.687607 3.570259 -8.469655
v 103.023987 4.669597 -8.574817
v 103.928955 2.997932 -8.236751
v 102.179329 5.631844 -8.260397
v 103.424309 4.114043 -8.542899
v 104.059547 2.444541 -7.925006
v 102.661766 5.169446 -8.459424
v 103.744133 3.539084 -8.395700
v 103.109398 4.646456 -8.532324
v 103.964279 2.966607 -8.150687
v 102.277229 5.627776 -8.254431
v 103.495407 4.084674 -8.481914
v 104.071564 2.415823 -7.831907
v 102.754974 5.153390 -8.433149
v 103.796654 3.506869 -8.319277
v 103.192337 4.621339 -8.486201
v 103.995071 2.934728 -8.063098
v 102.374657 5.621006 -8.244502
v 103.563095 4.053827 -8.417858
v 104.078781 2.386967 -7.738358
v 104.081192 2.358041 -7.644582
v 102.846558 5.134968 -8.403003
v 103.845039 3.473692 -8.240571
v 103.272591 4.594306 -8.436561
v 104.021255 2.902369 -7.974195
v 102.471375 5.611553 -8.230636
v 103.627213 4.021576 -8.350888
v 102.936302 5.114225 -8.369059
v 103.889175 3.439633 -8.159774
v 103.349983 4.565423 -8.383521
v 104.042763 2.869611 -7.884191
v 102.567154 5.599437 -8.212865
v 103.687607 3.987998 -8.281164
v 103.023987 5.091211 -8.331398
v 103.928955 3.404773 -8.077077
v 102.179329 6.036590 -7.969405
v 103.424309 4.534758 -8.327211
v 104.059547 2.836531 -7.793304
v 102.661766 5.584688 -8.191233
v 103.744133 3.953176 -8.208854
v 103.109398 5.065981 -8.290111
v 103.964279 3.369198 -7.992682
v 102.277229 6.032229 -7.963648
v 103.495407 4.502385 -8.267765
v 104.071564 2.803209 -7.701753
v 102.754974 5.567342 -8.165791
v 103.796654 3.917192 -8.134132
v 103.192337 5.038597 -8.245298
v 103.995071 3.332992 -7.906791
v 102.374657 6.024973 -7.954070
v 103.563095 4.468383 -8.205328
v 104.078781 2.769725 -7.609758
v 104.081192 2.736161 -7.517541
v 104.081192 3.107478 -7.371809
v 102.846558 5.547440 -8.136600
v 103.845039 3.880133 -8.057178
v 103.272591 5.009123 -8.197066
v 104.021255 3.296242 -7.819611
v 102.471375 6.014840 -7.940692
v 103.627213 4.432834 -8.140048
v 102.936302 5.525031 -8.103732
v 103.889175 3.842088 -7.978179
v 103.349983 4.977632 -8.145533
v 104.042763 3.259038 -7.731352
v 102.567154 6.001853 -7.923547
v 103.687607 4.395823 -8.072084
v 103.023987 5.500168 -8.067266
v 103.928955 3.803150 -7.897323
v 102.179329 6.426328 -7.658599
v 103.424309 4.944198 -8.090820
v 104.059547 3.221469 -7.642227
v 102.661766 5.986045 -7.902677
v 103.744133 4.357439 -8.001600
v 103.109398 5.472912 -8.027287
v 103.964279 3.763412 -7.814806
v 102.277229 6.421686 -7.653067
v 103.495407 4.908902 -8.033063
v 104.071564 3.183625 -7.552451
v 102.754974 5.967452 -7.878131
v 103.796654 4.317775 -7.928765
v 103.192337 5.443327 -7.983895
v 103.995071 3.722970 -7.730826
v 102.374657 6.413962 -7.643862
v 103.563095 4.871830 -7.972397
v 104.078781 3.145597 -7.462239
v 102.846558 5.946120 -7.849969
v 103.845039 4.276927 -7.853754
v 103.272591 5.411486 -7.937192
v 104.021255 3.681920 -7.645586
v 102.471375 6.403174 -7.631006
v 103.627213 4.833072 -7.908971
v 102.936302 5.922101 -7.818259
v 103.889175 4.234992 -7.776749
v 103.349983 5.377465 -7.887292
v 104.042763 3.640363 -7.559291
v 102.567154 6.389349 -7.614530
v 103.687607 4.792719 -7.842937
v 103.023987 5.895451 -7.783076
v 103.928955 4.192071 -7.697934
v 102.179329 6.800089 -7.328753
v 103.424309 5.341346 -7.834315
v 104.059547 3.598398 -7.472150
v 102.661766 6.372519 -7.594473
v 103.744133 4.750869 -7.774453
v 103.109398 5.866236 -7.744507
v 103.964279 4.148270 -7.617500
v 102.277229 6.795177 -7.323459
v 103.495407 5.303216 -7.778389
v 104.071564 3.556126 -7.384372
v 102.754974 6.352726 -7.570885
v 103.796654 4.707624 -7.703685
v 103.192337 5.834525 -7.702643
v 103.995071 4.103692 -7.535641
v 102.374657 6.787004 -7.314651
v 103.563095 5.263166 -7.719646
v 104.078781 3.513649 -7.296168
v 104.081192 3.471070 -7.207751
v 102.846558 6.330018 -7.543821
v 103.845039 4.663087 -7.630804
v 103.272591 5.800396 -7.657586
v 104.021255 4.058444 -7.452553
v 102.471375 6.775589 -7.302348
v 103.627213 5.221293 -7.658231
v 102.936302 6.304447 -7.513348
v 103.889175 4.617366 -7.555985
v 103.349983 5.763929 -7.609444
v 104.042763 4.012637 -7.368438
v 102.567154 6.760960 -7.286582
v 103.687607 5.177699 -7.594290
v 103.023987 6.276077 -7.479537
v 103.928955 4.570571 -7.479408
v 102.179329 7.156944 -6.980686
v 103.424309 5.725214 -7.558332
v 104.059547 3.966381 -7.283496
v 102.661766 6.743151 -7.267389
v 103.744133 5.132488 -7.527977
v 103.109398 6.244976 -7.442472
v 103.964279 4.522814 -7.401257
v 102.277229 7.151774 -6.975644
v 103.495407 5.684344 -7.504375
v 104.071564 3.919786 -7.197934
v 102.754974 6.722207 -7.244816
v 103.796654 5.085769 -7.459454
v 103.192337 6.211217 -7.402241
v 103.995071 4.474211 -7.321722
v 102.374657 7.143172 -6.967254
v 103.563095 5.641416 -7.447703
v 104.078781 3.872965 -7.111957
v 104.081192 3.826032 -7.025773
v 104.081192 4.171482 -6.826327
v 102.846558 6.698177 -7.218918
v 103.845039 5.037655 -7.388883
v 103.272591 6.174885 -7.358941
v 104.021255 4.424879 -7.240993
v 102.471375 7.131158 -6.955535
v 103.627213 5.596534 -7.388451
v 102.936302 6.671120 -7.189757
v 103.889175 4.988261 -7.316435
v 103.349983 6.136064 -7.312676
v 104.042763 4.374936 -7.159265
v 102.567154 7.115761 -6.940517
v 103.687607 5.549807 -7.326763
v 103.023987 6.641099 -7.157403
v 103.928955 4.937707 -7.242286
v 102.179329 7.496006 -6.615264
v 103.424309 6.094849 -7.263558
v 104.059547 4.324502 -7.076735
v 102.661766 7.097019 -6.922236
v 103.744133 5.501347 -7.262786
v 103.109398 6.608189 -7.121934
v 103.964279 4.886114 -7.166613
v 102.277229 7.490591 -6.610486
v 103.495407 6.051340 -7.211706
v 104.071564 4.273701 -6.993601
v 102.754974 7.074975 -6.900736
v 103.796654 5.451270 -7.196676
v 103.192337 6.572468 -7.083436
v 103.995071 4.833607 -7.089599
v 102.374657 7.481582 -6.602535
v 103.563095 6.005641 -7.157244
v 104.078781 4.222653 -6.910065
v 102.846558 7.049684 -6.876068
v 103.845039 5.399698 -7.128592
v 103.272591 6.534022 -7.042001
v 104.021255 4.780312 -7.011429
v 102.471375 7.468998 -6.591430
v 103.627213 5.957861 -7.100302
v 102.936302 7.021207 -6.848292
v 103.889175 5.346755 -7.058696
v 103.349983 6.492943 -6.997728
v 104.042763 4.726357 -6.932292
v 102.567154 7.452872 -6.577199
v 103.687607 5.908117 -7.041020
v 103.023987 6.989611 -6.817474
v 103.928955 5.292567 -6.987159
v 102.179329 7.816432 -6.233396
v 103.424309 6.449331 -6.950726
v 104.059547 4.671873 -6.852379
v 102.661766 7.433241 -6.559875
v 103.744133 5.856528 -6.979538
v 103.109398 6.954974 -6.783690
v 103.964279 5.237267 -6.914152
v 102.277229 7.810785 -6.228893
v 103.495407 6.403291 -6.901107
v 104.071564 4.616991 -6.771881
v 102.754974 7.410154 -6.539499
v 103.796654 5.803219 -6.916007
v 103.192337 6.917378 -6.747020
v 103.995071 5.180985 -6.839851
v 102.374657 7.801391 -6.221401
v 103.563095 6.354934 -6.848990
v 104.078781 4.561842 -6.690993
v 104.081192 4.506560 -6.609910
v 102.846558 7.383665 -6.516123
v 103.845039 5.748317 -6.850577
v 103.272591 6.876914 -6.707553
v 104.021255 5.123860 -6.764435
v 102.471375 7.788270 -6.210938
v 103.627213 6.304376 -6.794501
v 102.936302 7.353838 -6.489800
v 103.889175 5.691955 -6.783408
v 103.349983 6.833680 -6.665383
v 104.042763 5.066028 -6.688086
v 102.567154 7.771454 -6.197527
v 103.687607 6.251739 -6.737772
v 103.023987 7.320745 -6.460596
v 103.928955 5.634269 -6.714661
v 102.179329 8.117424 -5.836030
v 103.424309 6.787779 -6.620613
v 104.059547 5.007628 -6.610987
v 102.661766 7.750984 -6.181203
v 103.744133 6.197149 -6.678938
v 103.109398 7.284467 -6.428580
v 103.964279 5.575398 -6.644501
v 102.277229 8.111561 -5.831815
v 103.495407 6.739324 -6.573350
v 104.071564 4.948802 -6.533325
v 102.754974 7.726910 -6.162004
v 103.796654 6.140739 -6.618143
v 103.192337 7.245090 -6.393830
v 103.995071 5.515484 -6.573098
v 102.374657 8.101804 -5.824800
v 103.563095 6.688428 -6.523709
v 104.078781 4.889690 -6.455287
v 104.081192 4.830435 -6.377060
v 102.846558 7.699288 -6.139977
v 103.845039 6.082644 -6.555532
v 103.272591 7.202710 -6.356429
v 104.021255 5.454670 -6.500623
v 102.471375 8.088178 -5.815004
v 103.627213 6.635217 -6.471808
v 102.936302 7.668187 -6.115175
v 103.889175 6.023005 -6.491255
v 103.349983 7.157427 -6.316467
v 104.042763 5.393104 -6.427251
v 102.567154 8.070715 -5.802449
v 103.687607 6.579818 -6.417773
v 103.023987 7.633679 -6.087656
v 103.928955 5.961964 -6.425468
v 102.179329 8.398235 -5.424156
v 103.424309 7.109352 -6.274040
v 104.059547 5.330934 -6.353160
v 102.661766 8.049457 -5.787165
v 103.744133 6.522363 -6.361734
v 103.109398 7.595850 -6.057488
v 103.964279 5.899669 -6.358330
v 102.277229 8.392169 -5.420238
v 103.495407 7.058600 -6.229252
v 104.071564 5.268309 -6.278526
v 102.754974 8.024455 -5.769190
v 103.796654 6.462993 -6.303825
v 103.192337 7.554790 -6.024744
v 103.995071 5.836269 -6.290002
v 102.374657 8.382075 -5.413718
v 103.563095 7.005294 -6.182209
v 104.078781 5.205381 -6.203532
v 104.081192 5.142301 -6.128356
v 102.846558 7.995770 -5.748567
v 103.845039 6.401849 -6.244188
v 103.272591 7.510598 -5.989502
v 104.021255 5.771919 -6.220649
v 102.471375 8.367977 -5.404613
v 103.627213 6.949562 -6.133025
v 102.936302 7.963470 -5.725346
v 103.889175 6.339080 -6.182964
v 103.349983 7.463380 -5.951847
v 104.042763 5.706772 -6.150438
v 102.567154 8.349910 -5.392944
v 103.687607 6.891538 -6.081818
v 103.023987 7.927635 -5.699581
v 103.928955 6.274836 -6.120302
v 102.179329 8.658168 -4.998796
v 103.424309 7.413249 -5.911870
v 104.059547 5.640986 -6.079537
v 102.661766 8.327917 -5.378739
v 103.744133 6.831362 -6.028713
v 103.109398 7.888349 -5.671337
v 103.964279 6.209271 -6.056352
v 102.277229 8.651914 -4.995185
v 103.495407 7.360329 -5.869666
v 104.071564 5.574719 -6.008118
v 102.754974 8.302051 -5.362032
v 103.796654 6.769179 -5.973836
v 103.192337 7.845707 -5.640680
v 103.995071 6.142545 -5.991270
v 102.374657 8.641507 -4.989176
v 103.563095 7.304744 -5.825339
v 104.078781 5.508131 -5.936353
v 104.081192 5.441382 -5.864415
v 102.846558 8.272373 -5.342865
v 103.845039 6.705139 -5.917320
v 103.272591 7.799813 -5.607684
v 104.021255 6.074818 -5.925210
v 102.471375 8.626973 -4.980785
v 103.627213 7.246629 -5.778994
v 102.936302 8.238956 -5.321282
v 103.889175 6.639395 -5.859301
v 103.349983 7.750777 -5.572429
v 104.042763 6.006252 -5.858333
v 102.567154 8.608347 -4.970031
v 103.687607 7.186125 -5.730743
v 103.023987 8.201880 -5.297336
v 103.928955 6.572107 -5.799919
v 102.179329 8.896574 -4.561007
v 103.424309 7.698717 -5.535000
v 104.059547 5.937014 -5.790800
v 102.661766 8.585672 -4.956940
v 103.744133 7.123376 -5.680703
v 103.109398 8.161236 -5.271085
v 103.964279 6.503437 -5.739317
v 102.277229 8.890148 -4.557713
v 103.495407 7.643758 -5.495488
v 104.071564 5.867269 -5.722773
v 102.754974 8.559006 -4.941544
v 103.796654 7.058535 -5.628994
v 103.192337 8.117120 -5.242591
v 103.995071 6.433549 -5.677641
v 102.374657 8.879455 -4.552231
v 103.563095 7.586032 -5.453986
v 104.078781 5.797187 -5.654416
v 104.081192 5.726935 -5.585895
v 102.846558 8.528410 -4.923880
v 103.845039 6.991757 -5.575740
v 103.272591 8.069637 -5.211925
v 104.021255 6.362614 -5.615040
v 102.471375 8.864521 -4.544575
v 103.627213 7.525680 -5.410595
v 102.936302 8.493958 -4.903989
v 103.889175 6.923204 -5.521071
v 103.349983 8.018905 -5.179158
v 104.042763 6.290800 -5.551664
v 102.567154 8.845382 -4.534762
v 103.687607 7.462846 -5.365421
v 103.023987 8.455735 -4.881921
v 103.928955 6.853040 -5.465117
v 102.179329 9.112863 -4.111880
v 103.424309 7.965044 -5.144371
v 104.059547 6.218281 -5.487666
v 102.661766 8.822083 -4.522818
v 103.744133 7.397681 -5.318571
v 103.109398 8.413833 -4.857728
v 103.964279 6.781434 -5.408013
v 102.277229 9.106280 -4.108910
v 103.495407 7.908184 -5.107646
v 104.071564 6.145233 -5.423200
v 102.754974 8.794682 -4.508770
v 103.796654 7.330343 -5.270158
v 103.192337 8.368351 -4.831470
v 103.995071 6.708559 -5.349897
v 102.374657 9.095327 -4.103968
v 103.563095 7.848461 -5.069074
v 104.078781 6.071830 -5.358421
v 104.081192 5.998250 -5.293487
v 102.846558 8.763243 -4.492652
v 103.845039 7.260994 -5.220299
v 103.272591 8.319400 -4.803207
v 104.021255 6.634591 -5.290910
v 102.471375 9.080029 -4.097065
v 103.627213 7.786021 -5.028746
v 102.936302 8.727843 -4.474504
v 103.889175 7.189801 -5.169115
v 103.349983 8.267097 -4.773010
v 104.042763 6.559707 -5.231192
v 102.567154 9.060425 -4.088220
v 103.687607 7.721013 -4.986759
v 103.023987 8.688568 -4.454369
v 103.928955 7.116934 -5.116727
v 102.179329 9.306495 -3.652530
v 103.424309 8.211568 -4.740951
v 104.059547 6.484089 -5.170888
v 102.661766 9.036560 -4.077451
v 103.744133 7.653594 -4.943215
v 103.109398 8.645512 -4.432295
v 103.964279 7.042572 -5.063264
v 102.277229 9.299772 -3.649892
v 103.495407 8.152948 -4.707107
v 104.071564 6.407917 -5.110144
v 102.754974 9.008492 -4.064787
v 103.796654 7.583927 -4.898219
v 103.192337 8.598777 -4.408336
v 103.995071 6.966890 -5.008853
v 102.374657 9.288587 -3.645502
v 103.563095 8.091377 -4.671559
v 104.078781 6.331377 -5.049105
v 104.081192 6.254652 -4.987918
v 104.081192 6.495504 -4.669950
v 102.846558 8.976290 -4.050256
v 103.845039 7.512178 -4.851879
v 103.272591 8.548478 -4.382549
v 104.021255 6.890074 -4.953626
v 102.471375 9.272964 -3.639370
v 103.627213 8.027004 -4.634393
v 102.936302 8.940030 -4.033895
v 103.889175 7.438522 -4.804307
v 103.349983 8.494735 -4.354997
v 104.042763 6.812306 -4.897715
v 102.567154 9.252943 -3.631513
v 103.687607 7.959985 -4.595699
v 103.023987 8.899799 -4.015742
v 103.928955 7.363135 -4.755617
v 102.179329 9.476990 -3.184099
v 103.424309 8.437677 -4.325745
v 104.059547 6.733776 -4.841255
v 102.661766 9.228571 -3.621947
v 103.744133 7.890479 -4.555570
v 103.109398 8.855696 -3.995842
v 103.964279 7.286200 -4.705927
v 102.277229 9.470144 -3.181799
v 103.495407 8.377443 -4.294865
v 104.071564 6.654672 -4.784383
v 102.754974 9.199907 -3.610698
v 103.796654 7.818655 -4.514103
v 103.192337 8.807826 -3.974242
v 103.995071 7.207901 -4.655356
v 102.374657 9.458754 -3.177972
v 103.563095 8.314178 -4.262430
v 104.078781 6.575184 -4.727235
v 102.846558 9.167021 -3.597790
v 103.845039 7.744686 -4.471397
v 103.272591 8.756304 -3.950995
v 104.021255 7.128427 -4.604026
v 102.471375 9.442845 -3.172627
v 103.627213 8.248032 -4.228519
v 102.936302 9.129990 -3.583257
v 103.889175 7.668750 -4.427555
v 103.349983 8.701254 -3.926155
v 104.042763 7.047969 -4.552061
v 102.567154 9.422457 -3.165777
v 103.687607 8.179167 -4.193214
v 103.023987 9.088904 -3.567132
v 103.928955 7.591031 -4.382683
v 102.179329 9.623923 -2.707752
v 103.424309 8.642810 -3.899784
v 104.059547 6.966722 -4.499586
v 102.661766 9.397638 -3.157439
v 103.744133 8.107747 -4.156600
v 103.109398 9.043864 -3.549455
v 103.964279 7.511714 -4.336890
v 102.277229 9.616972 -2.705796
v 103.495407 8.581111 -3.871945
v 104.071564 6.884881 -4.446728
v 102.754974 9.368449 -3.147632
v 103.796654 8.033945 -4.118763
v 103.192337 8.994976 -3.530268
v 103.995071 7.430991 -4.290285
v 102.374657 9.605405 -2.702542
v 103.563095 8.516307 -3.842704
v 104.078781 6.802644 -4.393613
v 104.081192 6.720207 -4.340370
v 104.081192 6.928203 -4.000000
v 102.846558 9.334960 -3.136380
v 103.845039 7.957940 -4.079798
v 103.272591 8.942360 -3.509618
v 104.021255 7.349057 -4.242980
v 102.471375 9.589250 -2.697996
v 103.627213 8.448553 -3.812132
v 102.936302 9.297251 -3.123710
v 103.889175 7.879913 -4.039796
v 103.349983 8.886140 -3.487553
v 104.042763 7.266109 -4.195090
v 102.567154 9.568545 -2.692171
v 103.687607 8.378014 -3.780304
v 103.023987 9.255413 -3.109653
v 103.928955 7.800053 -3.998854
v 102.179329 9.746930 -2.224673
v 103.424309 8.826454 -3.464128
v 104.059547 7.182348 -4.146730
v 102.661766 9.543342 -2.685080
v 103.744133 8.304858 -3.747295
v 103.109398 9.209548 -3.094244
v 103.964279 7.718552 -3.957071
v 102.277229 9.739890 -2.223066
v 103.495407 8.763444 -3.439399
v 104.071564 7.097974 -4.098017
v 102.754974 9.513700 -2.676740
v 103.796654 8.229262 -3.713185
v 103.192337 9.159764 -3.077517
v 103.995071 7.635607 -3.914547
v 102.374657 9.728175 -2.220392
v 103.563095 8.697263 -3.413424
v 104.078781 7.013191 -4.049067
v 102.846558 9.479692 -2.667172
v 103.845039 8.151408 -3.678056
v 103.272591 9.106184 -3.059515
v 104.021255 7.551417 -3.871386
v 102.471375 9.711813 -2.216658
v 103.627213 8.628070 -3.386268
v 102.936302 9.441398 -2.656398
v 103.889175 8.071485 -3.641993
v 103.349983 9.048934 -3.040280
v 104.042763 7.466185 -3.827690
v 102.567154 9.690845 -2.211872
v 103.687607 8.556031 -3.357995
v 103.023987 9.398911 -2.644444
v 103.928955 7.989683 -3.605082
v 102.179329 9.845705 -1.736063
v 103.424309 8.988154 -3.019859
v 104.059547 7.380117 -3.783565
v 102.661766 9.665319 -2.206046
v 103.744133 8.481321 -3.328673
v 103.109398 9.352335 -2.631339
v 103.964279 7.906201 -3.567414
v 102.277229 9.838593 -1.734809
v 103.495407 8.923990 -2.998301
v 104.071564 7.293420 -3.739118
v 102.754974 9.635299 -2.199194
v 103.796654 8.404119 -3.298374
v 103.192337 9.301780 -2.617115
v 103.995071 7.821239 -3.529078
v 102.374657 9.826759 -1.732723
v 103.563095 8.856597 -2.975658
v 104.078781 7.206302 -3.694456
v 104.081192 7.118975 -3.649685
v 102.846558 9.600855 -2.191333
v 103.845039 8.324612 -3.267169
v 103.272591 9.247368 -2.601806
v 104.021255 7.735003 -3.490166
v 102.471375 9.810232 -1.729809
v 103.627213 8.786137 -2.951985
v 102.936302 9.562072 -2.182481
v 103.889175 8.242990 -3.235135
v 103.349983 9.189231 -2.585449
v 104.042763 7.647699 -3.450773
v 102.567154 9.789051 -1.726074
v 103.687607 8.712778 -2.927338
v 103.023987 9.519043 -2.172659
v 103.928955 8.159450 -3.202348
v 102.179329 9.920002 -1.243137
v 103.424309 9.127509 -2.568083
v 104.059547 7.559538 -3.410994
v 102.661766 9.763267 -1.721527
v 103.744133 8.636700 -2.901777
v 103.109398 9.471870 -2.161893
v 103.964279 8.074194 -3.168888
v 102.277229 9.912836 -1.242240
v 103.495407 9.062350 -2.549750
v 104.071564 7.470733 -3.370923
v 102.754974 9.732942 -1.716180
v 103.796654 8.558083 -2.875363
v 103.192337 9.420670 -2.150206
v 103.995071 7.987427 -3.134834
v 102.374657 9.900913 -1.240745
v 103.563095 8.993912 -2.530494
v 104.078781 7.381498 -3.330659
v 104.081192 7.292047 -3.290297
v 102.846558 9.698150 -1.710045
v 103.845039 8.477118 -2.848160
v 103.272591 9.365562 -2.137629
v 104.021255 7.899358 -3.100270
v 102.471375 9.884261 -1.238659
v 103.627213 8.922359 -2.510362
v 102.936302 9.658974 -1.703138
v 103.889175 8.394001 -2.820234
v 103.349983 9.306683 -2.124189
v 104.042763 7.810199 -3.065277
v 102.567154 9.862920 -1.235984
v 103.687607 8.847863 -2.489403
v 103.023987 9.615508 -1.695473
v 103.928955 8.308931 -2.791652
v 102.179329 9.969636 -0.747121
v 103.424309 9.244171 -2.109922
v 104.059547 7.720165 -3.029942
v 102.661766 9.836941 -1.232729
v 103.744133 8.770605 -2.467665
v 103.109398 9.567858 -1.687071
v 103.964279 8.222113 -2.762483
v 102.277229 9.962435 -0.746581
v 103.495407 9.178180 -2.094860
v 104.071564 7.629473 -2.994348
v 102.754974 9.806388 -1.228900
v 103.796654 8.690769 -2.445203
v 103.192337 9.516137 -1.677952
v 103.995071 8.133757 -2.732797
v 102.374657 9.950452 -0.745683
v 103.563095 9.108867 -2.079039
v 104.078781 7.538342 -2.958581
v 104.081192 7.446990 -2.922728
v 102.846558 9.771333 -1.224507
v 103.845039 8.608550 -2.422070
v 103.272591 9.460472 -1.668136
v 104.021255 8.044074 -2.702665
v 102.471375 9.933716 -0.744429
v 103.627213 9.036399 -2.062499
v 102.936302 9.731861 -1.219560
v 103.889175 8.524144 -2.398322
v 103.349983 9.400995 -1.657649
v 104.042763 7.953282 -2.672161
v 102.567154 9.912268 -0.742822
v 103.687607 8.960951 -2.045279
v 103.023987 9.688067 -1.214072
v 103.928955 8.437755 -2.374016
v 102.179329 9.994484 -0.249247
v 103.424309 9.337851 -1.646515
v 104.059547 7.861598 -2.641357
v 102.661766 9.886160 -0.740865
v 103.744133 8.882705 -2.027420
v 103.109398 9.640058 -1.208056
v 103.964279 8.349590 -2.349211
v 102.277229 9.987265 -0.249067
v 103.495407 9.271191 -1.634761
v 104.071564 7.769245 -2.610327
v 102.754974 9.855453 -0.738564
v 103.796654 8.801849 -2.008965
v 103.192337 9.587947 -1.201526
v 103.995071 8.259864 -2.323965
v 102.374657 9.975251 -0.248767
v 103.563095 9.201175 -1.622415
v 104.078781 7.676444 -2.579148
v 104.081192 7.583419 -2.547893
v 102.846558 9.820223 -0.735924
v 103.845039 8.718579 -1.989959
v 103.272591 9.531861 -1.194497
v 104.021255 8.168791 -2.298342
v 102.471375 9.958474 -0.248349
v 103.627213 9.127973 -1.609508
v 102.936302 9.780554 -0.732951
v 103.889175 8.633094 -1.970447
v 103.349983 9.471936 -1.186988
v 104.042763 8.076591 -2.272400
v 102.567154 9.936973 -0.247813
v 103.687607 9.051761 -1.596070
v 103.023987 9.736541 -0.729653
v 103.928955 8.545601 -1.950478
v 102.179329 9.994484 0.249247
v 103.424309 9.408315 -1.179015
v 104.059547 7.983487 -2.246205
v 102.661766 9.910799 -0.247160
v 103.744133 8.972722 -1.582133
v 103.109398 9.688291 -0.726037
v 103.964279 8.456310 -1.930098
v 102.277229 9.987265 0.249067
v 103.495407 9.341152 -1.170598
v 104.071564 7.889701 -2.219818
v 102.754974 9.880016 -0.246392
v 103.796654 8.891047 -1.567731
v 103.192337 9.635920 -0.722112
v 103.995071 8.365437 -1.909356
v 102.374657 9.975251 0.248767
v 103.563095 9.270608 -1.161758
v 104.078781 7.795462 -2.193303
v 104.081192 7.700994 -2.166724
v 102.846558 9.844698 -0.245511
v 103.845039 8.806932 -1.552900
v 103.272591 9.579554 -0.717888
v 104.021255 8.273200 -1.888304
v 102.471375 9.958474 0.248349
v 103.627213 9.196854 -1.152515
v 102.936302 9.804930 -0.244520
v 103.889175 8.720581 -1.537674
v 103.349983 9.519328 -0.713375
v 104.042763 8.179821 -1.866991
v 102.567154 9.936973 0.247813
v 103.687607 9.120066 -1.142893
v 103.023987 9.760808 -0.243419
v 103.928955 8.632201 -1.522090
v 102.179329 9.969636 0.747121
v 103.424309 9.455389 -0.708583
v 104.059547 8.085526 -1.845469
v 102.661766 9.910799 0.247160
v 103.744133 9.040431 -1.132913
v 103.109398 9.712438 -0.242213
v 103.964279 8.542006 -1.506186
v 102.277229 9.962435 0.746581
v 103.495407 9.387890 -0.703525
v 104.071564 7.990542 -1.823789
v 102.754974 9.880016 0.246392
v 103.796654 8.958139 -1.122601
v 103.192337 9.659936 -0.240904
v 103.995071 8.450212 -1.490000
v 102.374657 9.950452 0.745683
v 103.563095 9.316993 -0.698212
v 104.078781 7.895098 -1.802005
v 104.081192 7.799423 -1.780167
v 102.846558 9.844698 0.245511
v 103.845039 8.873390 -1.111980
v 103.272591 9.603429 -0.239495
v 104.021255 8.357039 -1.473572
v 102.471375 9.933716 0.744429
v 103.627213 9.242869 -0.692657
v 102.936302 9.804930 0.244520
v 103.889175 8.786387 -1.101077
v 103.349983 9.543054 -0.237989
v 104.042763 8.262715 -1.456940
v 102.567154 9.912268 0.742822
v 103.687607 9.165698 -0.686874
v 103.023987 9.760808 0.243419
v 103.928955 8.697341 -1.089918
v 102.179329 9.920002 1.243137
v 103.424309 9.478955 -0.236390
v 104.059547 8.167464 -1.440144
v 102.661766 9.886160 0.740865
v 103.744133 9.085664 -0.680876
v 103.109398 9.712438 0.242213
v 103.964279 8.606464 -1.078530
v 102.277229 9.912836 1.242240
v 103.495407 9.411287 -0.234703
v 104.071564 8.071518 -1.423226
v 102.754974 9.855453 0.738564
v 103.796654 9.002961 -0.674679
v 103.192337 9.659936 0.240904
v 103.995071 8.513977 -1.066940
v 102.374657 9.900913 1.240745
v 103.563095 9.340214 -0.232930
v 104.078781 7.975106 -1.406226
v 104.081192 7.878462 -1.389185
v 102.846558 9.820223 0.735924
v 103.845039 8.917788 -0.668296
v 103.272591 9.603429 0.239495
v 104.021255 8.420102 -1.055176
v 102.471375 9.884261 1.238659
v 103.627213 9.265905 -0.231077
v 102.936302 9.780554 0.732951
v 103.889175 8.830350 -0.661743
v 103.349983 9.543054 0.237989
v 104.042763 8.325067 -1.043266
v 102.567154 9.862920 1.235984
v 103.687607 9.188541 -0.229148
v 103.023987 9.736541 0.729653
v 103.928955 8.740857 -0.655037
v 102.179329 9.845705 1.736063
v 103.424309 9.478955 0.236390
v 104.059547 8.229097 -1.031240
v 102.661766 9.836941 1.232729
v 103.744133 9.108309 -0.227147
v 103.109398 9.688291 0.726037
v 103.964279 8.649526 -0.648192
v 102.277229 9.838593 1.734809
v 103.495407 9.411287 0.234703
v 104.071564 8.132426 -1.019125
v 102.754974 9.806388 1.228900
v 103.796654 9.025399 -0.225079
v 103.192337 9.635920 0.722112
v 103.995071 8.556577 -0.641227
v 102.374657 9.826759 1.732723
v 103.563095 9.340214 0.232930
v 104.078781 8.035288 -1.006952
v 104.081192 7.937913 -0.994750
v 104.081192 7.977631 -0.597841
v 102.846558 9.771333 1.224507
v 103.845039 8.940014 -0.222950
v 103.272591 9.579554 0.717888
v 104.021255 8.462232 -0.634157
v 102.471375 9.810232 1.729809
v 103.627213 9.265905 0.231077
v 102.936302 9.731861 1.219560
v 103.889175 8.852358 -0.220764
v 103.349983 9.519328 0.713375
v 104.042763 8.366720 -0.626999
v 102.567154 9.789051 1.726074
v 103.687607 9.188541 0.229148
v 103.023987 9.688067 1.214072
v 103.928955 8.762643 -0.218527
v 102.179329 9.746930 2.224673
v 103.424309 9.455389 0.708583
v 104.059547 8.270270 -0.619771
v 102.661766 9.763267 1.721527
v 103.744133 9.108309 0.227147
v 103.109398 9.640058 1.208056
v 103.964279 8.671083 -0.216243
v 102.277229 9.739890 2.223066
v 103.495407 9.387890 0.703525
v 104.071564 8.173117 -0.612490
v 102.754974 9.732942 1.716180
v 103.796654 9.025399 0.225079
v 103.192337 9.587947 1.201526
v 103.995071 8.577903 -0.213920
v 102.374657 9.728175 2.220392
v 103.563095 9.316993 0.698212
v 104.078781 8.075491 -0.605174
v 104.081192 7.997513 -0.199446
v 102.846558 9.698150 1.710045
v 103.845039 8.940014 0.222950
v 103.272591 9.531861 1.194497
v 104.021255 8.483323 -0.211561
v 102.471375 9.711813 2.216658
v 103.627213 9.242869 0.692657
v 102.936302 9.658974 1.703138
v 103.889175 8.852358 0.220764
v 103.349983 9.471936 1.186988
v 104.042763 8.387573 -0.209173
v 102.567154 9.690845 2.211872
v 103.687607 9.165698 0.686874
v 103.023987 9.615508 1.695473
v 103.928955 8.762643 0.218527
v 102.179329 9.623923 2.707752
v 103.424309 9.408315 1.179015
v 104.059547 8.290883 -0.206762
v 102.661766 9.665319 2.206046
v 103.744133 9.085664 0.680876
v 103.109398 9.567858 1.687071
v 103.964279 8.671083 0.216243
v 102.277229 9.616972 2.705796
v 103.495407 9.341152 1.170598
v 104.071564 8.193487 -0.204333
v 102.754974 9.635299 2.199194
v 103.796654 9.002961 0.674679
v 103.192337 9.516137 1.677952
v 103.995071 8.577903 0.213920
v 102.374657 9.605405 2.702542
v 103.563095 9.270608 1.161758
v 104.078781 8.095618 -0.201892
v 102.846558 9.600855 2.191333
v 103.845039 8.917788 0.668296
v 103.272591 9.460472 1.668136
v 104.021255 8.483323 0.211561
v 102.471375 9.589250 2.697996
v 103.627213 9.196854 1.152515
v 102.936302 9.562072 2.182481
v 103.889175 8.830350 0.661743
v 103.349983 9.400995 1.657649
v 104.042763 8.387573 0.209173
v 102.567154 9.568545 2.692171
v 103.687607 9.120066 1.142893
v 103.023987 9.519043 2.172659
v 103.928955 8.740857 0.655037
v 102.179329 9.476990 3.184099
v 103.424309 9.337851 1.646515
v 104.059547 8.290883 0.206762
v 102.661766 9.543342 2.685080
v 103.744133 9.040431 1.132913
v 103.109398 9.471870 2.161893
v 103.964279 8.649526 0.648192
v 102.277229 9.470144 3.181799
v 103.495407 9.271191 1.634761
v 104.071564 8.193487 0.204333
v 102.754974 9.513700 2.676740
v 103.796654 8.958139 1.122601
v 103.192337 9.420670 2.150206
v 103.995071 8.556577 0.641227
v 102.374657 9.458754 3.177972
v 103.563095 9.201175 1.622415
v 104.078781 8.095618 0.201892
v 104.081192 7.997513 0.199446
v 102.846558 9.479692 2.667172
v 103.845039 8.873390 1.111980
v 103.272591 9.365562 2.137629
v 104.021255 8.462232 0.634157
v 102.471375 9.442845 3.172627
v 103.627213 9.127973 1.609508
v 102.936302 9.441398 2.656398
v 103.889175 8.786387 1.101077
v 103.349983 9.306683 2.124189
v 104.042763 8.366720 0.626999
v 102.567154 9.422457 3.165777
v 103.687607 9.051761 1.596070
v 103.023987 9.398911 2.644444
v 103.928955 8.697341 1.089918
v 102.179329 9.306495 3.652530
v 103.424309 9.244171 2.109922
v 104.059547 8.270270 0.619771
v 102.661766 9.397638 3.157439
v 103.744133 8.972722 1.582133
v 103.109398 9.352335 2.631339
v 103.964279 8.606464 1.078530
v 102.277229 9.299772 3.649892
v 103.495407 9.178180 2.094860
v 104.071564 8.173117 0.612490
v 102.754974 9.368449 3.147632
v 103.796654 8.891047 1.567731
v 103.192337 9.301780 2.617115
v 103.995071 8.513977 1.066940
v 102.374657 9.288587 3.645502
v 103.563095 9.108867 2.079039
v 104.078781 8.075491 0.605174
v 104.081192 7.977631 0.597841
v 102.846558 9.334960 3.136380
v 103.845039 8.806932 1.552900
v 103.272591 9.247368 2.601806
v 104.021255 8.420102 1.055176
v 102.471375 9.272964 3.639370
v 103.627213 9.036399 2.062499
v 102.936302 9.297251 3.123710
v 103.889175 8.720581 1.537674
v 103.349983 9.189231 2.585449
v 104.042763 8.325067 1.043266
v 102.567154 9.252943 3.631513
v 103.687607 8.960951 2.045279
v 103.023987 9.255413 3.109653
v 103.928955 8.632201 1.522090
v 102.179329 9.112863 4.111880
v 103.424309 9.127509 2.568083
v 104.059547 8.229097 1.031240
v 102.661766 9.228571 3.621947
v 103.744133 8.882705 2.027420
v 103.109398 9.209548 3.094244
v 103.964279 8.542006 1.506186
v 102.277229 9.106280 4.108910
v 103.495407 9.062350 2.549750
v 104.071564 8.132426 1.019125
v 102.754974 9.199907 3.610698
v 103.796654 8.801849 2.008965
v 103.192337 9.159764 3.077517
v 103.995071 8.450212 1.490000
v 102.374657 9.095327 4.103968
v 103.563095 8.993912 2.530494
v 104.078781 8.035288 1.006952
v 104.081192 7.937913 0.994750
v 102.846558 9.167021 3.597790
v 103.845039 8.718579 1.989959
v 103.272591 9.106184 3.059515
v 104.021255 8.357039 1.473572
v 102.471375 9.080029 4.097065
v 103.627213 8.922359 2.510362
v 102.936302 9.129990 3.583257
v 103.889175 8.633094 1.970447
v 103.349983 9.048934 3.040280
v 104.042763 8.262715 1.456940
v 102.567154 9.060425 4.088220
v 103.687607 8.847863 2.489403
v 103.023987 9.088904 3.567132
v 103.928955 8.545601 1.950478
v 102.179329 8.896574 4.561007
v 103.424309 8.988154 3.019859
v 104.059547 8.167464 1.440144
v 102.661766 9.036560 4.077451
v 103.744133 8.770605 2.467665
v 103.109398 9.043864 3.549455
v 103.964279 8.456310 1.930098
v 102.277229 8.890148 4.557713
v 103.495407 8.923990 2.998301
v 104.071564 8.071518 1.423226
v 102.754974 9.008492 4.064787
v 103.796654 8.690769 2.445203
v 103.192337 8.994976 3.530268
v 103.995071 8.365437 1.909356
v 102.374657 8.879455 4.552231
v 103.563095 8.856597 2.975658
v 104.078781 7.975106 1.406226
v 104.081192 7.878462 1.389185
v 104.081192 7.799423 1.780167
v 102.846558 8.976290 4.050256
v 103.845039 8.608550 2.422070
v 103.272591 8.942360 3.509618
v 104.021255 8.273200 1.888304
v 102.471375 8.864521 4.544575
v 103.627213 8.786137 2.951985
v 102.936302 8.940030 4.033895
v 103.889175 8.524144 2.398322
v 103.349983 8.886140 3.487553
v 104.042763 8.179821 1.866991
v 102.567154 8.845382 4.534762
v 103.687607 8.712778 2.927338
v 103.023987 8.899799 4.015742
v 103.928955 8.437755 2.374016
v 102.179329 8.658168 4.998796
v 103.424309 8.826454 3.464128
v 104.059547 8.085526 1.845469
v 102.661766 8.822083 4.522818
v 103.744133 8.636700 2.901777
v 103.109398 8.855696 3.995842
v 103.964279 8.349590 2.349211
v 102.277229 8.651914 4.995185
v 103.495407 8.763444 3.439399
v 104.071564 7.990542 1.823789
v 102.754974 8.794682 4.508770
v 103.796654 8.558083 2.875363
v 103.192337 8.807826 3.974242
v 103.995071 8.259864 2.323965
v 102.374657 8.641507 4.989176
v 103.563095 8.697263 3.413424
v 104.078781 7.895098 1.802005
v 104.081192 7.700994 2.166724
v 102.846558 8.763243 4.492652
v 103.845039 8.477118 2.848160
v 103.272591 8.756304 3.950995
v 104.021255 8.168791 2.298342
v 102.471375 8.626973 4.980785
v 103.627213 8.628070 3.386268
v 102.936302 8.727843 4.474504
v 103.889175 8.394001 2.820234
v 103.349983 8.701254 3.926155
v 104.042763 8.076591 2.272400
v 102.567154 8.608347 4.970031
v 103.687607 8.556031 3.357995
v 103.023987 8.688568 4.454369
v 103.928955 8.308931 2.791652
v 102.179329 8.398235 5.424156
v 103.424309 8.642810 3.899784
v 104.059547 7.983487 2.246205
v 102.661766 8.585672 4.956940
v 103.744133 8.481321 3.328673
v 103.109398 8.645512 4.432295
v 103.964279 8.222113 2.762483
v 102.277229 8.392169 5.420238
v 103.495407 8.581111 3.871945
v 104.071564 7.889701 2.219818
v 102.754974 8.559006 4.941544
v 103.796654 8.404119 3.298374
v 103.192337 8.598777 4.408336
v 103.995071 8.133757 2.732797
v 102.374657 8.382075 5.413718
v 103.563095 8.516307 3.842704
v 104.078781 7.795462 2.193303
v 104.081192 7.583419 2.547893
v 102.846558 8.528410 4.923880
v 103.845039 8.324612 3.267169
v 103.272591 8.548478 4.382549
v 104.021255 8.044074 2.702665
v 102.471375 8.367977 5.404613
v 103.627213 8.448553 3.812132
v 102.936302 8.493958 4.903989
v 103.889175 8.242990 3.235135
v 103.349983 8.494735 4.354997
v 104.042763 7.953282 2.672161
v 102.567154 8.349910 5.392944
v 103.687607 8.378014 3.780304
v 103.023987 8.455735 4.881921
v 103.928955 8.159450 3.202348
v 102.179329 8.117424 5.836030
v 103.424309 8.437677 4.325745
v 104.059547 7.861598 2.641357
v 102.661766 8.327917 5.378739
v 103.744133 8.304858 3.747295
v 103.109398 8.413833 4.857728
v 103.964279 8.074194 3.168888
v 102.277229 8.111561 5.831815
v 103.495407 8.377443 4.294865
v 104.071564 7.769245 2.610327
v 102.754974 8.302051 5.362032
v 103.796654 8.229262 3.713185
v 103.192337 8.368351 4.831470
v 103.995071 7.987427 3.134834
v 102.374657 8.101804 5.824800
v 103.563095 8.314178 4.262430
v 104.078781 7.676444 2.579148
v 102.846558 8.272373 5.342865
v 103.845039 8.151408 3.678056
v 103.272591 8.319400 4.803207
v 104.021255 7.899358 3.100270
v 102.471375 8.088178 5.815004
v 103.627213 8.248032 4.228519
v 102.936302 8.238956 5.321282
v 103.889175 8.071485 3.641993
v 103.349983 8.267097 4.773010
v 104.042763 7.810199 3.065277
v 102.567154 8.070715 5.802449
v 103.687607 8.179167 4.193214
v 103.023987 8.201880 5.297336
v 103.928955 7.989683 3.605082
v 102.179329 7.816432 6.233396
v 103.424309 8.211568 4.740951
v 104.059547 7.720165 3.029942
v 102.661766 8.049457 5.787165
v 103.744133 8.107747 4.156600
v 103.109398 8.161236 5.271085
v 103.964279 7.906201 3.567414
v 102.277229 7.810785 6.228893
v 103.495407 8.152948 4.707107
v 104.071564 7.629473 2.994348
v 102.754974 8.024455 5.769190
v 103.796654 8.033945 4.118763
v 103.192337 8.117120 5.242591
v 103.995071 7.821239 3.529078
v 102.374657 7.801391 6.221401
v 103.563095 8.091377 4.671559
v 104.078781 7.538342 2.958581
v 104.081192 7.446990 2.922728
v 102.846558 7.995770 5.748567
v 103.845039 7.957940 4.079798
v 103.272591 8.069637 5.211925
v 104.021255 7.735003 3.490166
v 102.471375 7.788270 6.210938
v 103.627213 8.027004 4.634393
v 102.936302 7.963470 5.725346
v 103.889175 7.879913 4.039796
v 103.349983 8.018905 5.179158
v 104.042763 7.647699 3.450773
v 102.567154 7.771454 6.197527
v 103.687607 7.959985 4.595699
v 103.023987 7.927635 5.699581
v 103.928955 7.800053 3.998854
v 102.179329 7.496006 6.615264
v 103.424309 7.965044 5.144371
v 104.059547 7.559538 3.410994
v 102.661766 7.750984 6.181203
v 103.744133 7.890479 4.555570
v 103.109398 7.888349 5.671337
v 103.964279 7.718552 3.957071
v 102.277229 7.490591 6.610486
v 103.495407 7.908184 5.107646
v 104.071564 7.470733 3.370923
v 102.754974 7.726910 6.162004
v 103.796654 7.818655 4.514103
v 103.192337 7.845707 5.640680
v 103.995071 7.635607 3.914547
v 102.374657 7.481582 6.602535
v 103.563095 7.848461 5.069074
v 104.078781 7.381498 3.330659
v 104.081192 7.292047 3.290297
v 104.081192 7.118975 3.649685
v 102.846558 7.699288 6.139977
v 103.845039 7.744686 4.471397
v 103.272591 7.799813 5.607684
v 104.021255 7.551417 3.871386
v 102.471375 7.468998 6.591430
v 103.627213 7.786021 5.028746
v 102.936302 7.668187 6.115175
v 103.889175 7.668750 4.427555
v 103.349983 7.750777 5.572429
v 104.042763 7.466185 3.827690
v 102.567154 7.452872 6.577199
v 103.687607 7.721013 4.986759
v 103.023987 7.633679 6.087656
v 103.928955 7.591031 4.382683
v 102.179329 7.156944 6.980686
v 103.424309 7.698717 5.535000
v 104.059547 7.380117 3.783565
v 102.661766 7.433241 6.559875
v 103.744133 7.653594 4.943215
v 103.109398 7.595850 6.057488
v 103.964279 7.511714 4.336890
v 102.277229 7.151774 6.975644
v 103.495407 7.643758 5.495488
v 104.071564 7.293420 3.739118
v 102.754974 7.410154 6.539499
v 103.796654 7.583927 4.898219
v 103.192337 7.554790 6.024744
v 103.995071 7.430991 4.290285
v 102.374657 7.143172 6.967254
v 103.563095 7.586032 5.453986
v 104.078781 7.206302 3.694456
v 102.846558 7.383665 6.516123
v 103.845039 7.512178 4.851879
v 103.272591 7.510598 5.989502
v 104.021255 7.349057 4.242980
v 102.471375 7.131158 6.955535
v 103.627213 7.525680 5.410595
v 102.936302 7.353838 6.489800
v 103.889175 7.438522 4.804307
v 103.349983 7.463380 5.951847
v 104.042763 7.266109 4.195090
v 102.567154 7.115761 6.940517
v 103.687607 7.462846 5.365421
v 103.023987 7.320745 6.460596
v 103.928955 7.363135 4.755617
v 102.179329 6.800089 7.328753
v 103.424309 7.413249 5.911870
v 104.059547 7.182348 4.146730
v 102.661766 7.097019 6.922236
v 103.744133 7.397681 5.318571
v 103.109398 7.284467 6.428580
v 103.964279 7.286200 4.705927
v 102.277229 6.795177 7.323459
v 103.495407 7.360329 5.869666
v 104.071564 7.097974 4.098017
v 102.754974 7.074975 6.900736
v 103.796654 7.330343 5.270158
v 103.192337 7.245090 6.393830
v 103.995071 7.207901 4.655356
v 102.374657 6.787004 7.314651
v 103.563095 7.304744 5.825339
v 104.078781 7.013191 4.049067
v 104.081192 6.928203 4.000000
v 104.081192 6.720207 4.340370
v 102.846558 7.049684 6.876068
v 103.845039 7.260994 5.220299
v 103.272591 7.202710 6.356429
v 104.021255 7.128427 4.604026
v 102.471375 6.775589 7.302348
v 103.627213 7.246629 5.778994
v 102.936302 7.021207 6.848292
v 103.889175 7.189801 5.169115
v 103.349983 7.157427 6.316467
v 104.042763 7.047969 4.552061
v 102.567154 6.760960 7.286582
v 103.687607 7.186125 5.730743
v 103.023987 6.989611 6.817474
v 103.928955 7.116934 5.116727
v 102.179329 6.426328 7.658599
v 103.424309 7.109352 6.274040
v 104.059547 6.966722 4.499586
v 102.661766 6.743151 7.267389
v 103.744133 7.123376 5.680703
v 103.109398 6.954974 6.783690
v 103.964279 7.042572 5.063264
v 102.277229 6.421686 7.653067
v 103.495407 7.058600 6.229252
v 104.071564 6.884881 4.446728
v 102.754974 6.722207 7.244816
v 103.796654 7.058535 5.628994
v 103.192337 6.917378 6.747020
v 103.995071 6.966890 5.008853
v 102.374657 6.413962 7.643862
v 103.563095 7.005294 6.182209
v 104.078781 6.802644 4.393613
v 102.846558 6.698177 7.218918
v 103.845039 6.991757 5.575740
v 103.272591 6.876914 6.707553
v 104.021255 6.890074 4.953626
v 102.471375 6.403174 7.631006
v 103.627213 6.949562 6.133025
v 102.936302 6.671120 7.189757
v 103.889175 6.923204 5.521071
v 103.349983 6.833680 6.665383
v 104.042763 6.812306 4.897715
v 102.567154 6.389349 7.614530
v 103.687607 6.891538 6.081818
v 103.023987 6.641099 7.157403
v 103.928955 6.853040 5.465117
v 102.179329 6.036590 7.969405
v 103.424309 6.787779 6.620613
v 104.059547 6.733776 4.841255
v 102.661766 6.372519 7.594473
v 103.744133 6.831362 6.028713
v 103.109398 6.608189 7.121934
v 103.964279 6.781434 5.408013
v 102.277229 6.032229 7.963648
v 103.495407 6.739324 6.573350
v 104.071564 6.654672 4.784383
v 102.754974 6.352726 7.570885
v 103.796654 6.769179 5.973836
v 103.192337 6.572468 7.083436
v 103.995071 6.708559 5.349897
v 102.374657 6.024973 7.954070
v 103.563095 6.688428 6.523709
v 104.078781 6.575184 4.727235
v 104.081192 6.495504 4.669950
v 104.081192 6.254652 4.987918
v 102.846558 6.330018 7.543821
v 103.845039 6.705139 5.917320
v 103.272591 6.534022 7.042001
v 104.021255 6.634591 5.290910
v 102.471375 6.014840 7.940692
v 103.627213 6.635217 6.471808
v 102.936302 6.304447 7.513348
v 103.889175 6.639395 5.859301
v 103.349983 6.492943 6.997728
v 104.042763 6.559707 5.231192
v 102.567154 6.001853 7.923547
v 103.687607 6.579818 6.417773
v 103.023987 6.276077 7.479537
v 103.928955 6.572107 5.799919
v 102.179329 5.631844 8.260397
v 103.424309 6.449331 6.950726
v 104.059547 6.484089 5.170888
v 102.661766 5.986045 7.902677
v 103.744133 6.522363 6.361734
v 103.109398 6.244976 7.442472
v 103.964279 6.503437 5.739317
v 102.277229 5.627776 8.254431
v 103.495407 6.403291 6.901107
v 104.071564 6.407917 5.110144
v 102.754974 5.967452 7.878131
v 103.796654 6.462993 6.303825
v 103.192337 6.211217 7.402241
v 103.995071 6.433549 5.677641
v 102.374657 5.621006 8.244502
v 103.563095 6.354934 6.848990
v 104.078781 6.331377 5.049105
v 104.081192 5.998250 5.293487
v 102.846558 5.946120 7.849969
v 103.845039 6.401849 6.244188
v 103.272591 6.174885 7.358941
v 104.021255 6.362614 5.615040
v 102.471375 5.611553 8.230636
v 103.627213 6.304376 6.794501
v 102.936302 5.922101 7.818259
v 103.889175 6.339080 6.182964
v 103.349983 6.136064 7.312676
v 104.042763 6.290800 5.551664
v 102.567154 5.599437 8.212865
v 103.687607 6.251739 6.737772
v 103.023987 5.895451 7.783076
v 103.928955 6.274836 6.120302
v 102.179329 5.213096 8.530853
v 103.424309 6.094849 7.263558
v 104.059547 6.218281 5.487666
v 102.661766 5.584688 8.191233
v 103.744133 6.197149 6.678938
v 103.109398 5.866236 7.744507
v 103.964279 6.209271 6.056352
v 102.277229 5.209331 8.524692
v 103.495407 6.051340 7.211706
v 104.071564 6.145233 5.423200
v 102.754974 5.567342 8.165791
v 103.796654 6.140739 6.618143
v 103.192337 5.834525 7.702643
v 103.995071 6.142545 5.991270
v 102.374657 5.203064 8.514438
v 103.563095 6.005641 7.157244
v 104.078781 6.071830 5.358421
v 102.846558 5.547440 8.136600
v 103.845039 6.082644 6.555532
v 103.272591 5.800396 7.657586
v 104.021255 6.074818 5.925210
v 102.471375 5.194314 8.500117
v 103.627213 5.957861 7.100302
v 102.936302 5.525031 8.103732
v 103.889175 6.023005 6.491255
v 103.349983 5.763929 7.609444
v 104.042763 6.006252 5.858333
v 102.567154 5.183098 8.481765
v 103.687607 5.908117 7.041020
v 103.023987 5.500168 8.067266
v 103.928955 5.961964 6.425468
v 102.179329 4.781388 8.780100
v 103.424309 5.725214 7.558332
v 104.059547 5.937014 5.790800
v 102.661766 5.169446 8.459424
v 103.744133 5.856528 6.979538
v 103.109398 5.472912 8.027287
v 103.964279 5.899669 6.358330
v 102.277229 4.777934 8.773758
v 103.495407 5.684344 7.504375
v 104.071564 5.867269 5.722773
v 102.754974 5.153390 8.433149
v 103.796654 5.803219 6.916007
v 103.192337 5.443327 7.983895
v 103.995071 5.836269 6.290002
v 102.374657 4.772187 8.763205
v 103.563095 5.641416 7.447703
v 104.078781 5.797187 5.654416
v 104.081192 5.726935 5.585895
v 104.081192 5.441382 5.864415
v 102.846558 5.134968 8.403003
v 103.845039 5.748317 6.850577
v 103.272591 5.411486 7.937192
v 104.021255 5.771919 6.220649
v 102.471375 4.764161 8.748466
v 103.627213 5.596534 7.388451
v 102.936302 5.114225 8.369059
v 103.889175 5.691955 6.783408
v 103.349983 5.377465 7.887292
v 104.042763 5.706772 6.150438
v 102.567154 4.753874 8.729577
v 103.687607 5.549807 7.326763
v 103.023987 5.091211 8.331398
v 103.928955 5.634269 6.714661
v 102.179329 4.337792 9.007518
v 103.424309 5.341346 7.834315
v 104.059547 5.640986 6.079537
v 102.661766 4.741353 8.706584
v 103.744133 5.501347 7.262786
v 103.109398 5.065981 8.290111
v 103.964279 5.575398 6.644501
v 102.277229 4.334659 9.001012
v 103.495407 5.303216 7.778389
v 104.071564 5.574719 6.008118
v 102.754974 4.726626 8.679542
v 103.796654 5.451270 7.196676
v 103.192337 5.038597 8.245298
v 103.995071 5.515484 6.573098
v 102.374657 4.329445 8.990186
v 103.563095 5.263166 7.719646
v 104.078781 5.508131 5.936353
v 102.846558 4.709730 8.648515
v 103.845039 5.399698 7.128592
v 103.272591 5.009123 8.197066
v 104.021255 5.454670 6.500623
v 102.471375 4.322164 8.975065
v 103.627213 5.221293 7.658231
v 102.936302 4.690705 8.613579
v 103.889175 5.346755 7.058696
v 103.349983 4.977632 8.145533
v 104.042763 5.393104 6.427251
v 102.567154 4.312831 8.955687
v 103.687607 5.177699 7.594290
v 103.023987 4.669597 8.574817
v 103.928955 5.292567 6.987159
v 102.179329 3.883412 9.212543
v 103.424309 4.944198 8.090820
v 104.059547 5.330934 6.353160
v 102.661766 4.301472 8.932097
v 103.744133 5.132488 7.527977
v 103.109398 4.646456 8.532324
v 103.964279 5.237267 6.914152
v 102.277229 3.880607 9.205888
v 103.495407 4.908902 8.033063
v 104.071564 5.268309 6.278526
v 102.754974 4.288111 8.904355
v 103.796654 5.085769 7.459454
v 103.192337 4.621339 8.486201
v 103.995071 5.180985 6.839851
v 102.374657 3.875940 9.194815
v 103.563095 4.871830 7.972397
v 104.078781 5.205381 6.203532
v 104.081192 5.142301 6.128356
v 104.081192 4.830435 6.377060
v 102.846558 4.272782 8.872524
v 103.845039 5.037655 7.388883
v 103.272591 4.594306 8.436561
v 104.021255 5.123860 6.764435
v 102.471375 3.869421 9.179350
v 103.627213 4.833072 7.908971
v 102.936302 4.255522 8.836683
v 103.889175 4.988261 7.316435
v 103.349983 4.565423 8.383521
v 104.042763 5.066028 6.688086
v 102.567154 3.861066 9.159532
v 103.687607 4.792719 7.842937
v 103.023987 4.236372 8.796918
v 103.928955 4.937707 7.242286
v 102.179329 3.419378 9.394663
v 103.424309 4.534758 8.327211
v 104.059547 5.007628 6.610987
v 102.661766 3.850896 9.135406
v 103.744133 4.750869 7.774453
v 103.109398 4.215379 8.753325
v 103.964279 4.886114 7.166613
v 102.277229 3.416908 9.387877
v 103.495407 4.502385 8.267765
v 104.071564 4.948802 6.533325
v 102.754974 3.838935 9.107031
v 103.796654 4.707624 7.703685
v 103.192337 4.192592 8.706007
v 103.995071 4.833607 7.089599
v 102.374657 3.412798 9.376585
v 103.563095 4.468383 8.205328
v 104.078781 4.889690 6.455287
v 102.846558 3.825212 9.074475
v 103.845039 4.663087 7.630804
v 103.272591 4.168067 8.655081
v 104.021255 4.780312 7.011429
v 102.471375 3.407058 9.360814
v 103.627213 4.432834 8.140048
v 102.936302 3.809760 9.037819
v 103.889175 4.617366 7.555985
v 103.349983 4.141863 8.600668
v 104.042763 4.726357 6.932292
v 102.567154 3.399702 9.340604
v 103.687607 4.395823 8.072084
v 103.023987 3.792616 8.997149
v 103.928955 4.570571 7.479408
v 102.179329 2.946842 9.553426
v 103.424309 4.114043 8.542899
v 104.059547 4.671873 6.852379
v 102.661766 3.390747 9.316001
v 103.744133 4.357439 8.001600
v 103.109398 3.773822 8.952562
v 103.964279 4.522814 7.401257
v 102.277229 2.944713 9.546525
v 103.495407 4.084674 8.481914
v 104.071564 4.616991 6.771881
v 102.754974 3.380215 9.287065
v 103.796654 4.317775 7.928765
v 103.192337 3.753422 8.904169
v 103.995071 4.474211 7.321722
v 102.374657 2.941171 9.535043
v 103.563095 4.053827 8.417858
v 104.078781 4.561842 6.690993
v 104.081192 4.506560 6.609910
v 104.081192 4.171482 6.826327
v 102.846558 3.368132 9.253866
v 103.845039 4.276927 7.853754
v 103.272591 3.731466 8.852083
v 104.021255 4.424879 7.240993
v 102.471375 2.936224 9.519006
v 103.627213 4.021576 8.350888
v 102.936302 3.354526 9.216485
v 103.889175 4.234992 7.776749
v 103.349983 3.708007 8.796432
v 104.042763 4.374936 7.159265
v 102.567154 2.929885 9.498453
v 103.687607 3.987998 8.281164
v 103.023987 3.339431 9.175011
v 103.928955 4.192071 7.697934
v 102.179329 2.466980 9.688438
v 103.424309 3.683101 8.737348
v 104.059547 4.324502 7.076735
v 102.661766 2.922168 9.473434
v 103.744133 3.953176 8.208854
v 103.109398 3.322882 9.129543
v 103.964279 4.148270 7.617500
v 102.277229 2.465198 9.681440
v 103.495407 3.656808 8.674973
v 104.071564 4.273701 6.993601
v 102.754974 2.913091 9.444010
v 103.796654 3.917192 8.134132
v 103.192337 3.304920 9.080193
v 103.995071 4.103692 7.535641
v 102.374657 2.462232 9.669795
v 103.563095 3.629192 8.609461
v 104.078781 4.222653 6.910065
v 102.846558 2.902678 9.410251
v 103.845039 3.880133 8.057178
v 103.272591 3.285588 9.027078
v 104.021255 4.058444 7.452553
v 102.471375 2.458091 9.653532
v 103.627213 3.600319 8.540966
v 102.936302 2.890952 9.372237
v 103.889175 3.842088 7.978179
v 103.349983 3.264931 8.970325
v 104.042763 4.012637 7.368438
v 102.567154 2.452784 9.632689
v 103.687607 3.570259 8.469655
v 103.023987 2.877943 9.330063
v 103.928955 3.803150 7.897323
v 102.179329 1.980984 9.799363
v 103.424309 3.243001 8.910073
v 104.059547 3.966381 7.283496
v 102.661766 2.446323 9.607317
v 103.744133 3.539084 8.395700
v 103.109398 2.863681 9.283827
v 103.964279 3.763412 7.814806
v 102.277229 1.979553 9.792285
v 103.495407 3.219851 8.846467
v 104.071564 3.919786 7.197934
v 102.754974 2.438725 9.577477
v 103.796654 3.506869 8.319277
v 103.192337 2.848201 9.233642
v 103.995071 3.722970 7.730826
v 102.374657 1.977172 9.780507
v 103.563095 3.195534 8.779659
v 104.078781 3.872965 7.111957
v 104.081192 3.826032 7.025773
v 104.081192 3.471070 7.207751
v 102.846558 2.430007 9.543240
v 103.845039 3.473692 8.240571
v 103.272591 2.831541 9.179629
v 104.021255 3.681920 7.645586
v 102.471375 1.973847 9.764057
v 103.627213 3.170112 8.709810
v 102.936302 2.420191 9.504689
v 103.889175 3.439633 8.159774
v 103.349983 2.813739 9.121918
v 104.042763 3.640363 7.559291
v 102.567154 1.969585 9.742976
v 103.687607 3.143643 8.637090
v 103.023987 2.409300 9.461918
v 103.928955 3.404773 8.077077
v 102.179329 1.490064 9.885926
v 103.424309 2.794840 9.060648
v 104.059547 3.598398 7.472150
v 102.661766 1.964397 9.717313
v 103.744133 3.116194 8.561671
v 103.109398 2.397361 9.415029
v 103.964279 3.369198 7.992682
v 102.277229 1.488987 9.878785
v 103.495407 2.774888 8.995967
v 104.071564 3.556126 7.384372
v 102.754974 1.958296 9.687131
v 103.796654 3.087828 8.483738
v 103.192337 2.384402 9.364135
v 103.995071 3.332992 7.906791
v 102.374657 1.487196 9.866903
v 103.563095 2.753932 8.928029
v 104.078781 3.513649 7.296168
v 102.846558 1.951295 9.652502
v 103.845039 3.058615 8.403477
v 103.272591 2.370454 9.309359
v 104.021255 3.296242 7.819611
v 102.471375 1.484695 9.850308
v 103.627213 2.732023 8.857000
v 102.936302 1.943413 9.613511
v 103.889175 3.028626 8.321082
v 103.349983 2.355551 9.250832
v 104.042763 3.259038 7.731352
v 102.567154 1.481489 9.829041
v 103.687607 2.709212 8.783051
v 103.023987 1.934668 9.570250
v 103.928955 2.997932 8.236751
v 102.179329 0.995439 9.947910
v 103.424309 2.339730 9.188696
v 104.059547 3.221469 7.642227
v 102.661766 1.477587 9.803151
v 103.744133 2.685556 8.706358
v 103.109398 1.925080 9.522824
v 103.964279 2.966607 8.150687
v 102.277229 0.994720 9.940725
v 103.495407 2.323027 9.123100
v 104.071564 3.183625 7.552451
v 102.754974 1.472998 9.772702
v 103.796654 2.661110 8.627108
v 103.192337 1.914674 9.471347
v 103.995071 2.934728 8.063098
v 102.374657 0.993523 9.928768
v 103.563095 2.305484 9.054203
v 104.078781 3.145597 7.462239
v 104.081192 3.107478 7.371809
v 102.846558 1.467732 9.737768
v 103.845039 2.635935 8.545490
v 103.272591 1.903474 9.415944
v 104.021255 2.902369 7.974195
v 102.471375 0.991852 9.912069
v 103.627213 2.287142 8.982170
v 102.936302 1.461803 9.698432
v 103.889175 2.610090 8.461702
v 103.349983 1.891507 9.356747
v 104.042763 2.869611 7.884191
v 102.567154 0.989711 9.890668
v 103.687607 2.268046 8.907176
v 103.023987 1.455225 9.654788
v 103.928955 2.583637 8.375946
v 102.179329 0.498339 9.985163
v 103.424309 1.878802 9.293900
v 104.059547 2.836531 7.793304
v 102.661766 0.987104 9.864616
v 103.744133 2.248241 8.829399
v 103.109398 1.448014 9.606943
v 103.964279 2.556641 8.288428
v 102.277229 0.497979 9.977951
v 103.495407 1.865390 9.227553
v 104.071564 2.803209 7.701753
v 102.754974 0.984038 9.833977
v 103.796654 2.227777 8.749029
v 103.192337 1.440186 9.555012
v 103.995071 2.529167 8.199359
v 102.374657 0.497380 9.965949
v 103.563095 1.851303 9.157867
v 104.078781 2.769725 7.609758
v 104.081192 2.736161 7.517541
v 102.846558 0.980520 9.798823
v 103.845039 2.206701 8.666258
v 103.272591 1.431762 9.499120
v 104.021255 2.501281 8.108953
v 102.471375 0.496543 9.949187
v 103.627213 1.836574 9.085010
v 102.936302 0.976559 9.759240
v 103.889175 2.185064 8.581286
v 103.349983 1.422761 9.439400
v 104.042763 2.473049 8.017428
v 102.567154 0.495471 9.927706
v 103.687607 1.821240 9.009156
v 103.023987 0.972165 9.715323
v 103.928955 2.162919 8.494318
v 103.424309 1.413204 9.375998
v 104.059547 2.444541 7.925006
v 102.661766 0.494166 9.901557
v 103.744133 1.805337 8.930490
v 103.109398 0.967347 9.667179
v 103.964279 2.140319 8.405563
v 103.495407 1.403116 9.309065
v 104.071564 2.415823 7.831907
v 102.754974 0.492631 9.870803
v 103.796654 1.788904 8.849198
v 103.192337 0.962118 9.614922
v 103.995071 2.117319 8.315235
v 103.563095 1.392519 9.238763
v 104.078781 2.386967 7.738358
v 104.081192 2.358041 7.644582
v 104.081192 1.974059 7.752618
v 102.846558 0.490870 9.835518
v 103.845039 1.771980 8.765480
v 103.272591 0.956490 9.558679
v 104.021255 2.093973 8.223552
v 103.627213 1.381441 9.165262
v 102.936302 0.488887 9.795787
v 103.889175 1.754606 8.679535
v 103.349983 0.950477 9.498585
v 104.042763 2.070339 8.130733
v 103.687607 1.369907 9.088738
v 103.023987 0.486687 9.751705
v 103.928955 1.736824 8.591572
v 103.424309 0.944093 9.434785
v 104.059547 2.046473 8.037004
v 103.744133 1.357945 9.009377
v 103.109398 0.484276 9.703381
v 103.964279 1.718676 8.501801
v 103.495407 0.937353 9.367433
v 104.071564 2.022432 7.942591
v 103.796654 1.345584 8.927368
v 103.192337 0.481658 9.650928
v 103.995071 1.700207 8.410438
v 103.563095 0.930274 9.296690
v 104.078781 1.998275 7.847719
v 103.845039 1.332854 8.842910
v 103.272591 0.478840 9.594474
v 104.021255 1.681460 8.317705
v 103.627213 0.922873 9.222728
v 103.889175 1.319786 8.756206
v 103.349983 0.475830 9.534155
v 104.042763 1.662482 8.223825
v 103.687607 0.915168 9.145724
v 103.928955 1.306410 8.667465
v 103.424309 0.472634 9.470116
v 104.059547 1.643317 8.129023
v 103.744133 0.907177 9.065866
v 103.964279 1.292760 8.576900
v 103.495407 0.469260 9.402511
v 104.071564 1.624013 8.033527
v 103.796654 0.898919 8.983342
v 103.995071 1.278867 8.484732
v 103.563095 0.465716 9.331504
v 104.078781 1.604614 7.937570
v 104.081192 1.585169 7.841380
v 103.845039 0.890415 8.898355
v 104.021255 1.264767 8.391179
v 103.627213 0.462011 9.257265
v 103.889175 0.881684 8.811107
v 104.042763 1.250491 8.296470
v 103.687607 0.458153 9.179973
v 103.928955 0.872749 8.721809
v 104.059547 1.236076 8.200830
v 103.744133 0.454153 9.099814
v 103.964279 0.863630 8.630678
v 104.071564 1.221555 8.104491
v 103.796654 0.450019 9.016983
v 103.995071 0.854349 8.537930
v 104.078781 1.206964 8.007686
v 104.081192 1.192338 7.910646
v 103.845039 0.445761 8.931677
v 104.021255 0.844929 8.443791
v 103.889175 0.441391 8.844103
v 104.042763 0.835392 8.348488
v 103.928955 0.436917 8.754471
v 104.059547 0.825762 8.252249
v 103.964279 0.432352 8.662997
v 104.071564 0.816061 8.155307
v 103.995071 0.427706 8.569903
v 104.078781 0.806314 8.057894
v 104.081192 0.796543 7.960246
v 104.021255 0.422990 8.475411
v 104.042763 0.418216 8.379751
v 104.059547 0.413395 8.283152
v 104.071564 0.408539 8.185846
v 104.078781 0.403659 8.088069
v -16.763390 0.440283 -9.567584
v -16.763390 0.286876 9.573412
v -16.411499 0.447421 -9.722690
v -16.763390 0.879690 -9.537226
v -16.339083 0.448665 -9.749737
v -15.893546 0.923612 -9.849789
v -15.435593 0.473603 -9.962089
v -15.358713 0.473991 -9.970248
v -16.763390 1.752099 -9.416088
v -16.339083 1.623871 -9.624020
v -16.763390 1.317275 -9.486692
v -16.339083 1.402119 -9.658818
v -16.339083 1.844769 -9.584130
v -15.893546 1.929946 -9.702925
v -16.763390 2.183232 -9.325560
v -16.339083 2.064695 -9.539169
v -16.763390 2.609753 -9.215300
v -16.339083 2.283531 -9.489162
v -15.435593 1.447750 -9.867703
v -15.435593 1.647333 -9.836353
v -15.435593 1.846243 -9.800967
v -15.435593 2.044399 -9.761558
v -15.435593 2.241718 -9.718142
v -15.893546 2.798402 -9.488961
v -16.763390 3.445344 -8.936562
v -16.339083 3.202749 -9.219604
v -16.763390 3.030756 -9.085542
v -15.435593 2.438118 -9.670736
v -16.339083 3.413938 -9.143506
v -16.763390 3.852640 -8.768675
v -16.339083 3.623320 -9.062572
v -15.893546 3.786025 -9.139879
v -16.339083 3.830784 -8.976845
v -16.763390 4.251780 -8.582239
v -16.339083 4.036221 -8.886369
v -16.339083 4.239521 -8.791194
v -15.435593 3.563816 -9.314866
v -15.435593 3.374391 -9.385149
v -15.435593 3.751777 -9.240762
v -15.435593 3.938198 -9.162865
v -15.435593 4.123002 -9.081207
v -15.435593 4.306112 -8.995825
v -16.763390 5.022229 -8.155344
v -16.339083 5.080862 -8.333271
v -16.763390 4.641918 -8.377651
v -15.893546 5.496518 -8.225543
v -15.893546 4.769622 -8.667295
v -16.763390 5.391910 -7.915789
v -16.339083 5.271157 -8.214223
v -16.339083 5.458663 -8.090832
v -16.339083 5.643281 -7.963161
v -16.763390 5.750179 -7.659494
v -15.435593 5.167193 -8.530388
v -16.339083 5.824911 -7.831281
v -15.435593 5.338925 -8.423970
v -15.435593 5.508464 -8.314097
v -15.435593 5.675742 -8.200813
v -15.435593 5.840690 -8.084166
v -15.435593 6.003240 -7.964201
v -15.893546 6.995654 -6.995153
v -15.893546 6.345611 -7.589763
v -16.339083 6.564474 -7.222622
v -16.339083 6.728826 -7.069761
v -16.763390 6.749076 -6.795767
v -16.763390 6.429480 -7.098890
v -16.339083 6.889617 -6.913161
v -16.339083 7.046765 -6.752906
v -16.763390 7.054394 -6.478274
v -16.339083 7.200185 -6.589082
v -15.435593 6.754973 -7.337423
v -15.435593 6.902205 -7.199099
v -15.435593 7.046604 -7.057822
v -15.435593 7.188110 -6.913650
v -15.893546 7.557461 -6.384057
v -15.435593 7.326668 -6.766642
v -15.893546 8.225889 -5.496019
v -15.893546 7.685215 -6.229679
v -16.339083 7.811339 -5.851642
v -16.339083 7.943830 -5.670478
v -16.763390 7.878387 -5.446431
v -16.763390 7.619647 -5.802892
v -16.339083 8.072119 -5.486316
v -16.763390 8.120464 -5.078453
v -16.339083 8.196139 -5.299253
v -16.763390 8.345366 -4.699734
v -16.339083 8.315825 -5.109387
v -15.435593 8.074833 -5.853603
v -15.435593 8.191734 -5.688857
v -15.435593 8.305275 -5.521777
v -15.435593 8.415408 -5.352432
v -15.893546 8.642895 -4.813717
v -15.435593 8.522089 -5.180891
v -16.763390 8.741778 -3.913301
v -16.339083 8.872424 -4.066800
v -16.763390 8.552616 -4.311076
v -15.893546 8.751297 -4.613708
v -15.893546 9.140010 -3.785721
v -16.763390 8.912452 -3.507248
v -16.339083 8.963591 -3.861710
v -16.339083 9.050017 -3.654578
v -16.763390 9.064277 -3.093777
v -16.339083 9.131658 -3.445514
v -15.435593 8.988845 -4.320682
v -16.339083 9.208469 -3.234627
v -15.435593 9.074511 -4.137739
v -15.435593 9.156452 -3.953098
v -15.435593 9.234638 -3.766836
v -15.435593 9.309035 -3.579029
v -15.435593 9.379614 -3.389753
v -16.763390 9.310133 -2.248090
v -16.339083 9.481161 -2.316510
v -16.763390 9.196930 -2.673761
v -16.339083 9.531920 -2.097883
v -16.763390 9.403646 -1.817663
v -16.339083 9.577639 -1.878147
v -15.893546 9.702918 -1.929948
v -16.339083 9.618293 -1.657418
v -16.763390 9.477270 -1.383391
v -15.435593 9.666685 -2.454115
v -16.339083 9.653860 -1.435812
v -15.435593 9.714407 -2.257825
v -15.435593 9.758142 -2.060608
v -15.435593 9.797875 -1.862546
v -15.435593 9.833589 -1.663720
v -15.435593 9.865267 -1.464211
v -16.763390 9.577470 -0.066718
v -16.339083 9.756625 -0.258412
v -16.763390 9.564274 -0.506991
v -16.339083 9.748104 -0.482693
v -16.339083 9.759988 -0.033994
v -15.893546 9.892989 -0.000000
v -16.763390 9.570409 0.373697
v -16.339083 9.758189 0.190442
v -16.763390 9.543107 0.813321
v -16.339083 9.751230 0.414777
v -15.435593 9.961276 -0.490236
v -15.435593 9.969162 -0.288381
v -15.435593 9.972958 -0.086407
v -15.435593 9.972662 0.115602
v -15.435593 9.968275 0.317563
v -15.893546 9.848744 0.934601
v -15.435593 9.959799 0.519395
v -16.763390 9.428056 1.686480
v -16.339083 9.629604 1.590378
v -16.763390 9.495623 1.251224
v -16.339083 9.663628 1.368529
v -16.339083 9.590489 1.811385
v -15.893546 9.702918 1.929948
v -16.339083 9.546303 2.031434
v -16.763390 9.340549 2.118168
v -16.339083 9.497067 2.250409
v -16.763390 9.233286 2.545376
v -16.339083 9.442811 2.468193
v -15.435593 9.828676 1.692500
v -15.435593 9.860938 1.493084
v -15.435593 9.792381 1.891221
v -15.435593 9.752069 2.089166
v -15.435593 9.707756 2.286253
v -15.435593 9.659460 2.482403
v -16.763390 8.960447 3.382745
v -16.339083 9.155437 3.381821
v -16.763390 9.106497 2.967199
v -15.893546 9.140010 3.785721
v -15.893546 9.418805 3.026141
v -16.339083 9.075254 3.591449
v -16.763390 8.795447 3.791136
v -16.339083 8.990273 3.799178
v -16.339083 8.900537 4.004898
v -16.763390 8.611845 4.191509
v -15.435593 9.369650 3.417196
v -16.339083 8.806095 4.208499
v -15.435593 9.298518 3.606265
v -15.435593 9.223572 3.793854
v -15.435593 9.144841 3.979886
v -15.435593 9.062359 4.164286
v -15.893546 8.757275 4.602351
v -15.893546 8.225889 5.496019
v -15.893546 8.662265 4.778773
v -16.339083 8.351214 5.051337
v -16.763390 7.953499 5.336146
v -16.339083 8.232854 5.242031
v -16.763390 8.190426 4.964831
v -16.339083 8.110140 5.429954
v -16.339083 7.983137 5.615005
v -16.763390 7.699750 5.696177
v -16.339083 7.851912 5.797087
v -15.435593 8.506886 5.205816
v -15.435593 8.399704 5.377044
v -15.435593 8.289075 5.546066
v -15.435593 8.175046 5.712812
v -15.893546 7.710311 6.198591
v -15.435593 8.057662 5.877216
v -16.763390 6.843099 6.701081
v -16.339083 7.093636 6.703655
v -16.763390 7.143963 6.379366
v -16.339083 7.245910 6.538765
v -16.339083 6.937608 6.865000
v -15.893546 6.995654 6.995153
v -16.763390 6.527757 7.008626
v -16.339083 6.777912 7.022716
v -15.435593 7.442816 6.638676
v -16.339083 6.614629 7.176718
v -16.763390 6.198605 7.301351
v -15.435593 7.306827 6.788062
v -15.435593 7.167840 6.934663
v -15.435593 7.025911 7.078420
v -15.435593 6.881099 7.219275
v -15.893546 6.376213 7.564073
v -15.435593 6.733463 7.357167
v -16.763390 5.856337 7.578637
v -16.339083 5.698618 7.923655
v -16.339083 5.879326 7.790513
v -16.763390 5.501675 7.839897
v -16.339083 5.514896 8.052608
v -15.893546 5.496518 8.225543
v -16.339083 5.328255 8.177301
v -16.763390 5.135369 8.084578
v -16.339083 5.138793 8.297672
v -15.435593 5.979898 7.981742
v -16.339083 4.946613 8.413655
v -16.763390 4.758194 8.312161
v -15.435593 5.816997 8.101231
v -15.435593 5.651709 8.217395
v -15.435593 5.484099 8.330189
v -15.435593 5.314239 8.439566
v -15.435593 5.142196 8.545480
v -15.893546 4.604439 8.756166
v -16.339083 4.098033 8.858033
v -15.893546 3.786025 9.139879
v -16.763390 3.974445 8.714142
v -16.763390 4.370946 8.522164
v -16.763390 3.569530 8.887687
v -16.339083 3.893233 8.949938
v -16.339083 3.686372 9.037108
v -16.339083 3.477559 9.119499
v -16.763390 3.157058 9.042429
v -15.435593 4.279756 9.008393
v -16.339083 3.266906 9.197065
v -15.435593 4.096395 9.093241
v -15.435593 3.911354 9.174356
v -15.435593 3.724705 9.251707
v -15.435593 3.536528 9.325261
v -15.435593 3.346898 9.394988
v -15.893546 2.836707 9.477580
v -16.339083 2.349587 9.473023
v -15.893546 1.929946 9.702925
v -16.763390 2.312959 9.294234
v -16.339083 2.131104 9.524553
v -16.763390 1.883127 9.390761
v -16.339083 1.911495 9.571045
v -16.339083 1.690879 9.612473
v -16.763390 1.449324 9.467419
v -16.763390 1.012476 9.524045
v -16.339083 1.469373 9.648816
v -15.435593 2.409793 9.677834
v -15.435593 2.213255 9.724663
v -15.435593 2.015810 9.767501
v -15.435593 1.817540 9.806331
v -15.435593 1.618527 9.841134
v -16.411499 0.515132 9.719337
v -16.763390 0.573522 9.560522
v -15.435593 1.418855 9.871900
v -16.411499 0.291527 9.728612
v -16.339083 0.516564 9.746375
v -15.435593 0.444441 9.963432
v -15.358713 0.444805 9.971593
v -16.339083 0.903820 -9.718117
v -15.435593 0.938655 -9.929071
v -15.893546 1.428652 -9.789299
v -16.339083 2.710157 -9.376234
v -15.435593 2.872795 -9.550634
v -15.893546 3.296839 -9.327500
v -15.893546 4.284349 -8.917157
v -16.339083 4.717915 -8.543996
v -15.435593 4.795691 -8.744642
v -15.893546 5.929595 -7.919038
v -16.339083 6.236372 -7.507745
v -16.763390 6.096279 -7.387002
v -15.435593 6.421571 -7.630913
v -16.339083 7.470283 -6.281207
v -16.763390 7.344789 -6.147082
v -16.339083 7.533514 -6.205230
v -15.435593 7.604105 -6.453304
v -15.435593 7.669071 -6.375962
v -15.435593 7.796637 -6.219326
v -16.339083 8.515524 -4.769133
v -16.339083 8.569797 -4.670907
v -16.339083 8.674934 -4.472617
v -15.435593 8.724510 -4.832242
v -15.435593 8.779493 -4.731609
v -15.893546 9.319070 -3.320599
v -15.893546 9.474477 -2.847048
v -16.339083 9.359688 -2.766755
v -15.435593 9.538426 -2.913065
v -15.893546 9.599655 -2.391228
v -15.893546 9.785575 -1.453892
v -15.893546 9.844890 -0.974368
v -16.339083 9.712449 -0.962740
v -16.763390 9.530850 -0.946192
v -15.435593 9.924991 -0.980783
v -15.893546 9.880957 -0.487777
v -16.339083 9.720708 0.875433
v -15.893546 9.788490 1.434129
v -15.435593 9.924096 0.989796
v -15.893546 9.576559 2.482114
v -16.339083 9.286073 3.004589
v -15.435593 9.501554 3.031174
v -16.339083 8.605114 4.605518
v -16.763390 8.410029 4.583016
v -16.339083 8.558031 4.692429
v -15.435593 8.863127 4.573031
v -15.435593 8.768688 4.751603
v -15.435593 8.720118 4.840163
v -16.763390 7.429715 6.044162
v -16.339083 7.588964 6.137290
v -15.435593 7.790986 6.226404
v -15.893546 7.363763 6.606541
v -16.339083 6.303583 7.451404
v -15.435593 6.414638 7.636743
v -15.893546 5.945575 7.907048
v -15.893546 5.057446 8.502560
v -16.339083 4.498421 8.661571
v -15.435593 4.686821 8.803473
v -15.893546 3.315670 9.320823
v -16.339083 2.794308 9.351501
v -16.763390 2.737904 9.178041
v -15.435593 2.864119 9.553240
v -16.339083 0.991103 9.709603
v -15.893546 0.963384 9.845979
v -15.893546 1.448418 9.786394
v -15.893546 0.482234 9.881236
v -15.435593 0.929637 9.929919
v 104.081192 1.000000 5.500000
v 104.081192 1.049068 5.498796
v 104.081192 1.098017 5.495185
v 104.081192 1.146730 5.489176
v 104.081192 1.195090 5.480785
v 104.081192 1.242980 5.470031
v 104.081192 1.290285 5.456940
v 104.081192 1.336890 5.441544
v 104.081192 1.382683 5.423880
v 104.081192 1.427555 5.403989
v 104.081192 1.471397 5.381921
v 104.081192 1.514103 5.357728
v 104.081192 1.555570 5.331470
v 104.081192 1.595699 5.303207
v 104.081192 1.634393 5.273010
v 104.081192 1.671559 5.240951
v 104.081192 1.707107 5.207107
v 104.081192 1.740951 5.171559
v 104.081192 1.773010 5.134393
v 104.081192 1.803208 5.095699
v 104.081192 1.831470 5.055570
v 104.081192 1.857729 5.014103
v 104.081192 1.881921 4.971397
v 104.081192 1.903989 4.927555
v 104.081192 1.923880 4.882683
v 104.081192 1.941544 4.836890
v 104.081192 1.970031 4.742980
v 104.081192 1.980785 4.695090
v 104.081192 1.956940 4.790285
v 104.081192 1.989177 4.646730
v 104.081192 1.995185 4.598017
v 104.081192 1.998796 4.549067
v 104.081192 2.000000 4.500000
v 104.081192 2.000000 -4.500000
v 104.081192 1.000000 -5.500000
v 104.081192 1.098017 -5.495185
v 104.081192 1.049068 -5.498796
v 104.081192 1.146730 -5.489176
v 104.081192 1.195090 -5.480785
v 104.081192 1.242980 -5.470031
v 104.081192 1.290285 -5.456940
v 104.081192 1.336890 -5.441544
v 104.081192 1.382683 -5.423880
v 104.081192 1.427555 -5.403989
v 104.081192 1.471397 -5.381921
v 104.081192 1.514103 -5.357728
v 104.081192 1.555570 -5.331470
v 104.081192 1.595699 -5.303207
v 104.081192 1.634393 -5.273010
v 104.081192 1.671559 -5.240951
v 104.081192 1.707107 -5.207107
v 104.081192 1.740951 -5.171559
v 104.081192 1.773010 -5.134393
v 104.081192 1.803208 -5.095699
v 104.081192 1.831470 -5.055570
v 104.081192 1.857729 -5.014103
v 104.081192 1.881921 -4.971397
v 104.081192 1.903989 -4.927555
v 104.081192 1.923880 -4.882683
v 104.081192 1.941544 -4.836890
v 104.081192 1.956940 -4.790285
v 104.081192 1.970031 -4.742980
v 104.081192 1.980785 -4.695090
v 104.081192 1.989177 -4.646730
v 104.081192 1.995185 -4.598017
v 104.081192 1.998796 -4.549067
v -34.003265 0.186852 -0.939368
v -34.003265 0.093878 -0.953159
v -34.003265 0.278026 -0.916530
v -34.003265 0.366523 -0.884865
v -34.003265 0.451490 -0.844679
v -32.087723 0.187756 -1.906318
v -34.003265 0.532109 -0.796357
v -32.087723 0.373704 -1.878735
v -34.003265 0.607603 -0.740367
v -32.087723 0.556052 -1.833059
v -34.003265 0.677246 -0.677246
v -32.087723 0.733046 -1.769730
v -34.003265 0.740367 -0.607603
v -32.087723 0.902980 -1.689357
v -34.003265 0.796357 -0.532109
v -30.172180 0.281634 -2.859477
v -32.087723 1.064218 -1.592715
v -34.003265 0.844679 -0.451490
v -30.172180 0.560555 -2.818103
v -32.087723 1.215207 -1.480734
v -34.003265 0.884865 -0.366523
v -30.172180 0.834079 -2.749589
v -32.087723 1.354493 -1.354493
v -34.003265 0.916530 -0.278026
v -30.172180 1.099569 -2.654595
v -32.087723 1.480734 -1.215207
v -34.003265 0.939368 -0.186852
v -30.172180 1.354470 -2.534035
v -32.087723 1.592715 -1.064218
v -28.256639 0.375512 -3.812636
v -34.003265 0.953159 -0.093878
v -30.172180 1.596327 -2.389072
v -32.087723 1.689357 -0.902980
v -28.256639 0.747407 -3.757470
v -34.003265 0.957771 0.000000
v -30.172180 1.822810 -2.221101
v -32.087723 1.769730 -0.733046
v -28.256639 1.112105 -3.666118
v -34.003265 0.953159 0.093878
v -30.172180 2.031739 -2.031739
v -32.087723 1.833059 -0.556052
v -28.256639 1.466092 -3.539460
v -34.003265 0.939368 0.186852
v -30.172180 2.221101 -1.822810
v -32.087723 1.878735 -0.373704
v -28.256639 1.805960 -3.378714
v -34.003265 0.916530 0.278026
v -30.172180 2.389072 -1.596327
v -26.341097 0.469390 -4.765795
v -32.087723 1.906318 -0.187756
v -28.256639 2.128436 -3.185430
v -34.003265 0.884865 0.366523
v -30.172180 2.534035 -1.354470
v -26.341097 0.934259 -4.696838
v -32.087723 1.915542 0.000000
v -28.256639 2.430414 -2.961468
v -34.003265 0.844679 0.451490
v -30.172180 2.654595 -1.099569
v -26.341097 1.390131 -4.582648
v -32.087723 1.906318 0.187756
v -28.256639 2.708985 -2.708985
v -34.003265 0.796357 0.532109
v -30.172180 2.749589 -0.834079
v -26.341097 1.832615 -4.424325
v -32.087723 1.878735 0.373704
v -28.256639 2.961468 -2.430414
v -34.003265 0.740367 0.607603
v -30.172180 2.818103 -0.560555
v -26.341097 2.257450 -4.223392
v -32.087723 1.833059 0.556052
v -28.256639 3.185430 -2.128436
v -24.425556 0.563268 -5.718954
v -34.003265 0.677246 0.677246
v -30.172180 2.859477 -0.281634
v -26.341097 2.660545 -3.981787
v -32.087723 1.769730 0.733046
v -28.256639 3.378714 -1.805960
v -24.425556 1.121111 -5.636206
v -34.003265 0.607603 0.740367
v -30.172180 2.873313 0.000000
v -26.341097 3.038017 -3.701834
v -32.087723 1.689357 0.902980
v -28.256639 3.539460 -1.466092
v -24.425556 1.668157 -5.499177
v -34.003265 0.532109 0.796357
v -30.172180 2.859477 0.281634
v -26.341097 3.386231 -3.386231
v -32.087723 1.592715 1.064218
v -28.256639 3.666118 -1.112105
v -24.425556 2.199138 -5.309189
v -34.003265 0.451490 0.844679
v -30.172180 2.818103 0.560555
v -26.341097 3.701834 -3.038017
v -32.087723 1.480734 1.215207
v -28.256639 3.757470 -0.747407
v -24.425556 2.708941 -5.068071
v -34.003265 0.366523 0.884865
v -30.172180 2.749589 0.834079
v -26.341097 3.981787 -2.660545
v -22.510014 0.657146 -6.672112
v -32.087723 1.354493 1.354493
v -28.256639 3.812636 -0.375512
v -24.425556 3.192654 -4.778144
v -34.003265 0.278026 0.916530
v -30.172180 2.654595 1.099569
v -26.341097 4.223392 -2.257450
v -22.510014 1.307963 -6.575573
v -32.087723 1.215207 1.480734
v -28.256639 3.831084 0.000000
v -24.425556 3.645621 -4.442202
v -34.003265 0.186852 0.939368
v -30.172180 2.534035 1.354470
v -26.341097 4.424325 -1.832615
v -22.510014 1.946183 -6.415707
v -32.087723 1.064218 1.592715
v -28.256639 3.812636 0.375512
v -24.425556 4.063478 -4.063478
v -34.003265 0.093878 0.953159
v -30.172180 2.389072 1.596327
v -26.341097 4.582648 -1.390131
v -22.510014 2.565661 -6.194055
v -32.087723 0.902980 1.689357
v -28.256639 3.757470 0.747407
v -24.425556 4.442202 -3.645621
v -30.172180 2.221101 1.822810
v -26.341097 4.696838 -0.934259
v -22.510014 3.160430 -5.912749
v -32.087723 0.733046 1.769730
v -28.256639 3.666118 1.112105
v -24.425556 4.778144 -3.192654
v -20.594473 0.751024 -7.625272
v -30.172180 2.031739 2.031739
v -26.341097 4.765795 -0.469390
v -22.510014 3.724763 -5.574502
v -32.087723 0.556052 1.833059
v -28.256639 3.539460 1.466092
v -24.425556 5.068071 -2.708941
v -20.594473 1.494815 -7.514941
v -30.172180 1.822810 2.221101
v -26.341097 4.788855 0.000000
v -22.510014 4.253224 -5.182568
v -32.087723 0.373704 1.878735
v -28.256639 3.378714 1.805960
v -24.425556 5.309189 -2.199138
v -20.594473 2.224210 -7.332237
v -30.172180 1.596327 2.389072
v -26.341097 4.765795 0.469390
v -22.510014 4.740724 -4.740724
v -32.087723 0.187756 1.906318
v -28.256639 3.185430 2.128436
v -24.425556 5.499177 -1.668157
v -20.594473 2.932184 -7.078919
v -30.172180 1.354470 2.534035
v -26.341097 4.696838 0.934259
v -22.510014 5.182568 -4.253224
v -28.256639 2.961468 2.430414
v -24.425556 5.636206 -1.121111
v -20.594473 3.611921 -6.757428
v -30.172180 1.099569 2.654595
v -26.341097 4.582648 1.390131
v -22.510014 5.574502 -3.724763
v -18.678930 0.844902 -8.578430
v -28.256639 2.708985 2.708985
v -24.425556 5.718954 -0.563268
v -20.594473 4.256872 -6.370859
v -30.172180 0.834079 2.749589
v -26.341097 4.424325 1.832615
v -22.510014 5.912749 -3.160430
v -18.678930 1.681666 -8.454309
v -28.256639 2.430414 2.961468
v -24.425556 5.746625 0.000000
v -20.594473 4.860827 -5.922935
v -30.172180 0.560555 2.818103
v -26.341097 4.223392 2.257450
v -22.510014 6.194055 -2.565661
v -18.678930 2.502236 -8.248766
v -28.256639 2.128436 3.185430
v -24.425556 5.718954 0.563268
v -20.594473 5.417970 -5.417970
v -30.172180 0.281634 2.859477
v -26.341097 3.981787 2.660545
v -22.510014 6.415707 -1.946183
v -18.678930 3.298707 -7.963784
v -28.256639 1.805960 3.378714
v -24.425556 5.636206 1.121111
v -20.594473 5.922935 -4.860827
v -26.341097 3.701834 3.038017
v -22.510014 6.575573 -1.307963
v -18.678930 4.063411 -7.602107
v -28.256639 1.466092 3.539460
v -24.425556 5.499177 1.668157
v -20.594473 6.370859 -4.256872
v -26.341097 3.386231 3.386231
v -22.510014 6.672112 -0.657146
v -18.678930 4.788981 -7.167216
v -28.256639 1.112105 3.666118
v -24.425556 5.309189 2.199138
v -20.594473 6.757428 -3.611921
v -26.341097 3.038017 3.701834
v -22.510014 6.704396 0.000000
v -18.678930 5.468431 -6.663302
v -28.256639 0.747407 3.757470
v -24.425556 5.068071 2.708941
v -20.594473 7.078919 -2.932184
v -26.341097 2.660545 3.981787
v -22.510014 6.672112 0.657146
v -18.678930 6.095217 -6.095217
v -28.256639 0.375512 3.812636
v -24.425556 4.778144 3.192654
v -20.594473 7.332237 -2.224210
v -26.341097 2.257450 4.223392
v -22.510014 6.575573 1.307963
v -18.678930 6.663302 -5.468431
v -24.425556 4.442202 3.645621
v -20.594473 7.514941 -1.494815
v -26.341097 1.832615 4.424325
v -22.510014 6.415707 1.946183
v -18.678930 7.167216 -4.788981
v -24.425556 4.063478 4.063478
v -20.594473 7.625272 -0.751024
v -26.341097 1.390131 4.582648
v -22.510014 6.194055 2.565661
v -18.678930 7.602107 -4.063411
v -24.425556 3.645621 4.442202
v -20.594473 7.662167 0.000000
v -26.341097 0.934259 4.696838
v -22.510014 5.912749 3.160430
v -18.678930 7.963784 -3.298707
v -24.425556 3.192654 4.778144
v -20.594473 7.625272 0.751024
v -26.341097 0.469390 4.765795
v -22.510014 5.574502 3.724763
v -18.678930 8.248766 -2.502236
v -24.425556 2.708941 5.068071
v -20.594473 7.514941 1.494815
v -22.510014 5.182568 4.253224
v -18.678930 8.454309 -1.681666
v -24.425556 2.199138 5.309189
v -20.594473 7.332237 2.224210
v -22.510014 4.740724 4.740724
v -18.678930 8.578430 -0.844902
v -24.425556 1.668157 5.499177
v -20.594473 7.078919 2.932184
v -22.510014 4.253224 5.182568
v -18.678930 8.619938 0.000000
v -24.425556 1.121111 5.636206
v -20.594473 6.757428 3.611921
v -22.510014 3.724763 5.574502
v -18.678930 8.578430 0.844902
v -24.425556 0.563268 5.718954
v -20.594473 6.370859 4.256872
v -22.510014 3.160430 5.912749
v -18.678930 8.454309 1.681666
v -20.594473 5.922935 4.860827
v -22.510014 2.565661 6.194055
v -18.678930 8.248766 2.502236
v -20.594473 5.417970 5.417970
v -22.510014 1.946183 6.415707
v -18.678930 7.963784 3.298707
v -20.594473 4.860827 5.922935
v -22.510014 1.307963 6.575573
v -18.678930 7.602107 4.063411
v -20.594473 4.256872 6.370859
v -22.510014 0.657146 6.672112
v -18.678930 7.167216 4.788981
v -20.594473 3.611921 6.757428
v -18.678930 6.663302 5.468431
v -20.594473 2.932184 7.078919
v -18.678930 6.095217 6.095217
v -20.594473 2.224210 7.332237
v -18.678930 5.468431 6.663302
v -20.594473 1.494815 7.514941
v -18.678930 4.788981 7.167216
v -20.594473 0.751024 7.625272
v -18.678930 4.063411 7.602107
v -18.678930 3.298707 7.963784
v -18.678930 2.502236 8.248766
v -18.678930 1.681666 8.454309
v -18.678930 0.844902 8.578430
v 103.081192 1.000000 5.500000
v 103.081192 1.671559 5.240951
v 103.081192 3.000000 9.000000
v 103.081192 1.707107 5.207107
v 103.081192 1.740951 5.171559
v 103.081192 1.773010 5.134393
v 103.081192 1.634393 5.273010
v 103.081192 1.803208 5.095699
v 103.081192 1.595699 5.303207
v 103.081192 1.831470 5.055570
v 103.081192 1.555570 5.331470
v 103.081192 1.514103 5.357728
v 103.081192 1.857729 5.014103
v 103.081192 1.881921 4.971397
v 103.081192 1.471397 5.381921
v 103.081192 1.903989 4.927555
v 103.081192 1.427555 5.403989
v 103.081192 1.923880 4.882683
v 103.081192 1.382683 5.423880
v 103.081192 1.336890 5.441544
v 103.081192 1.941544 4.836890
v 103.081192 1.956940 4.790285
v 103.081192 1.290285 5.456940
v 103.081192 1.970031 4.742980
v 103.081192 1.242980 5.470031
v 103.081192 1.980785 4.695090
v 103.081192 1.195090 5.480785
v 103.081192 1.989177 4.646730
v 103.081192 1.146730 5.489176
v 103.081192 1.995185 4.598017
v 103.081192 1.098017 5.495185
v 103.081192 1.998796 4.549067
v 103.081192 1.049068 5.498796
v 103.081192 2.000000 4.500000
v 103.081192 2.000000 -4.500000
v 103.081192 3.000000 -9.000000
v 103.081192 1.146730 -5.489176
v 103.081192 1.195090 -5.480785
v 103.081192 1.242980 -5.470031
v 103.081192 1.290285 -5.456940
v 103.081192 1.336890 -5.441544
v 103.081192 1.382683 -5.423880
v 103.081192 1.427555 -5.403989
v 103.081192 1.471397 -5.381921
v 103.081192 1.514103 -5.357728
v 103.081192 1.555570 -5.331470
v 103.081192 1.595699 -5.303207
v 103.081192 1.634393 -5.273010
v 103.081192 1.671559 -5.240951
v 103.081192 1.707107 -5.207107
v 103.081192 1.740951 -5.171559
v 103.081192 1.773010 -5.134393
v 103.081192 1.803208 -5.095699
v 103.081192 1.831470 -5.055570
v 103.081192 1.857729 -5.014103
v 103.081192 1.881921 -4.971397
v 103.081192 1.903989 -4.927555
v 103.081192 1.923880 -4.882683
v 103.081192 1.941544 -4.836890
v 103.081192 1.956940 -4.790285
v 103.081192 1.970031 -4.742980
v 103.081192 1.980785 -4.695090
v 103.081192 1.989177 -4.646730
v 103.081192 1.995185 -4.598017
v 103.081192 1.998796 -4.549067
v 103.081192 1.000000 -5.500000
v 103.081192 1.049068 -5.498796
v 103.081192 1.098017 -5.495185
v -15.918806 3.000000 9.000000
v -22.752232 3.000000 5.583288
v -22.752232 3.000000 -5.583288
v -15.918806 3.000000 -9.000000
v 30.247768 3.000000 -5.000000
v 30.247768 3.000000 5.000000
v 74.247772 3.000000 -5.000000
v 74.247772 3.000000 5.000000
v 30.247768 5.000000 -5.000000
v 74.247772 5.000000 -5.000000
v 30.247768 5.000000 5.000000
v 74.247772 5.000000 5.000000
vn 0.000000 -1.000000 -0.000000
vn 0.000000 -1.000000 -0.000000
vn 0.000000 -1.000000 -0.000000
vn 0.000000 -1.000000 -0.000000
vn 0.000000 -1.000000 -0.000000
vn 0.000000 -1.000000 -0.000000
vn 0.000000 -1.000000 -0.000000
vn 0.000000 -1.000000 -0.000000
vn 0.000000 -1.000000 -0.000000
vn 0.000000 -1.000000 -0.000000
vn 0.000000 -1.000000 -0.000000
vn 0.000000 -1.000000 -0.000000
vn -0.000000 -1.000000 -0.000000
vn 0.000000 -1.000000 -0.000000
vn 0.000000 -1.000000 0.000000
vn -0.000000 -1.000000 -0.000000
vn -0.000000 -1.000000 0.000000
vn -0.000000 -1.000000 -0.000000
vn -0.000000 -1.000000 -0.000000
vn -0.000000 -1.000000 -0.000000
vn -0.000000 -1.000000 -0.000000
vn -0.000000 -1.000000 -0.000000
vn -0.000000 -1.000000 -0.000000
vn -0.000000 -1.000000 -0.000000
vn -0.000000 -1.000000 -0.000000
vn -0.000000 -1.000000 -0.000000
vn -0.000000 -1.000000 -0.000000
vn -0.000000 -1.000000 -0.000000
vn 0.000000 -1.000000 0.000000
vn 0.000000 -1.000000 0.000000
vn -0.000000 -1.000000 -0.000000
vn -0.000000 -1.000000 -0.000000
vn -0.000000 -1.000000 -0.000000
vn -0.000000 -1.000000 -0.000000
vn -0.000000 -1.000000 -0.000000
vn -0.000000 -1.000000 -0.000000
vn -0.000000 -1.000000 -0.000000
vn -0.000000 -1.000000 -0.000000
vn -0.000000 -1.000000 -0.000000
vn -0.000000 -1.000000 -0.000000
vn -0.000000 -1.000000 -0.000000
vn -0.000000 -1.000000 -0.000000
vn -0.000000 -1.000000 -0.000000
vn -0.000000 -1.000000 -0.000000
vn -0.000000 -1.000000 -0.000000
vn -0.000000 -1.000000 -0.000000
vn -0.000000 -1.000000 -0.000000
vn -0.000000 -1.000000 -0.000000
vn -0.000000 -1.000000 -0.000000
vn -0.000000 -1.000000 -0.000000
vn -0.000000 -1.000000 -0.000000
vn -0.000000 -1.000000 -0.000000
vn -0.000000 -1.000000 -0.000000
vn -0.000000 -1.000000 -0.000000
vn -0.000000 -1.000000 -0.000000
vn -0.000000 -1.000000 -0.000000
vn -0.000000 -1.000000 -0.000000
vn -0.000000 -1.000000 -0.000000
vn -0.000000 -1.000000 -0.000000
vn -0.000000 -1.000000 -0.000000
vn 0.000000 -1.000000 0.000000
vn -0.000000 -1.000000 0.000000
vn -0.000000 -1.000000 -0.000000
vn 0.000000 -1.000000 -0.000000
vn 0.000000 -1.000000 0.000000
vn -0.000000 -1.000000 0.000000
vn -0.000000 -1.000000 0.000000
vn 0.000000 -1.000000 -0.000000
vn 0.000000 -1.000000 -0.000000
vn 0.000000 -1.000000 -0.000000
vn 0.000000 -1.000000 -0.000000
vn 0.000000 -1.000000 -0.000000
vn 0.000000 -1.000000 -0.000000
vn 0.000000 -1.000000 -0.000000
vn 0.000000 -1.000000 -0.000000
vn 0.000000 -1.000000 -0.000000
vn 0.000000 -1.000000 -0.000000
vn 0.000000 -1.000000 -0.000000
vn 0.000000 -1.000000 -0.000000
vn 0.000000 -1.000000 -0.000000
vn 0.000000 -1.000000 -0.000000
vn 0.000000 -1.000000 -0.000000
vn 0.000000 -1.000000 -0.000000
vn 0.000000 -1.000000 -0.000000
vn 0.000000 -1.000000 -0.000000
vn 0.000000 -1.000000 -0.000000
vn 0.000000 -1.000000 -0.000000
vn 0.000000 -1.000000 -0.000000
vn 0.000000 -1.000000 -0.000000
vn 0.000000 -1.000000 -0.000000
vn 0.000000 -1.000000 -0.000000
vn 0.000000 -1.000000 -0.000000
vn 0.000000 -1.000000 -0.000000
vn 0.000000 -1.000000 -0.000000
vn 0.000000 -1.000000 -0.000000
vn 0.000000 -1.000000 -0.000000
vn 0.000000 -1.000000 -0.000000
vn -0.000000 -1.000000 -0.000000
vn 0.000000 -1.000000 -0.000000
vn 0.000000 -1.000000 -0.000000
vn -0.000000 -1.000000 -0.000000
vn 0.000000 0.024931 -0.999689
vn -0.000000 0.025000 -0.999687
vn 0.000000 0.072443 -0.997373
vn -0.000007 0.115014 -0.993364
vn 0.000009 0.074729 -0.997204
vn -0.000016 0.155154 -0.987890
vn 0.000022 0.124343 -0.992239
vn -0.000017 0.195042 -0.980795
vn 0.000026 0.173650 -0.984807
vn -0.000011 0.234610 -0.972090
vn 0.000024 0.222520 -0.974928
vn 0.000003 0.273795 -0.961788
vn -0.000003 0.312528 -0.949909
vn 0.000014 0.270841 -0.962624
vn -0.000014 0.350751 -0.936469
vn 0.000018 0.318487 -0.947927
vn -0.000018 0.388394 -0.921494
vn 0.000026 0.365341 -0.930874
vn -0.000014 0.425402 -0.905004
vn 0.000026 0.411287 -0.911506
vn -0.000003 0.461710 -0.887031
vn 0.000003 0.497259 -0.867602
vn 0.000018 0.456210 -0.889872
vn -0.000011 0.531991 -0.846750
vn 0.000014 0.500001 -0.866025
vn -0.000017 0.565851 -0.824508
vn 0.000024 0.542546 -0.840026
vn 0.000026 0.583743 -0.811938
vn -0.000016 0.598780 -0.800914
vn 0.000021 0.623490 -0.781832
vn -0.000007 0.630727 -0.776005
vn 0.000009 0.661638 -0.749824
vn 0.000009 0.661686 -0.749781
vn -0.000007 0.691463 -0.722412
vn 0.000022 0.698237 -0.715867
vn -0.000016 0.720153 -0.693815
vn -0.000017 0.747662 -0.664080
vn 0.000026 0.733052 -0.680173
vn 0.000024 0.766044 -0.642788
vn -0.000011 0.773944 -0.633254
vn 0.000003 0.798956 -0.601390
vn -0.000003 0.822657 -0.568538
vn 0.000014 0.797133 -0.603804
vn -0.000014 0.845007 -0.534755
vn 0.000018 0.826239 -0.563320
vn -0.000017 0.865972 -0.500092
vn 0.000026 0.853290 -0.521436
vn -0.000014 0.885515 -0.464611
vn 0.000026 0.878222 -0.478253
vn -0.000002 0.903605 -0.428366
vn 0.000003 0.920212 -0.391420
vn 0.000018 0.900968 -0.433885
vn -0.000011 0.935311 -0.353828
vn 0.000014 0.921476 -0.388434
vn -0.000017 0.948872 -0.315661
vn 0.000024 0.939693 -0.342020
vn -0.000016 0.960878 -0.276972
vn 0.000026 0.955573 -0.294755
vn -0.000007 0.971307 -0.237829
vn 0.000009 0.980142 -0.198297
vn 0.000021 0.969077 -0.246757
vn -0.000007 0.987369 -0.158440
vn 0.000009 0.980172 -0.198147
vn -0.000016 0.992975 -0.118325
vn 0.000022 0.988831 -0.149041
vn -0.000017 0.996952 -0.078012
vn 0.000026 0.995031 -0.099569
vn -0.000011 0.999294 -0.037572
vn 0.000024 0.998757 -0.049846
vn 0.000003 0.999996 0.002926
vn -0.000003 0.999057 0.043423
vn 0.000014 1.000000 0.000000
vn -0.000014 0.996478 0.083848
vn 0.000018 0.998757 0.049846
vn -0.000018 0.992265 0.124135
vn 0.000026 0.995031 0.099569
vn -0.000014 0.986424 0.164218
vn 0.000025 0.988831 0.149041
vn 0.000018 0.980172 0.198147
vn -0.000002 0.978964 0.204032
vn 0.000002 0.969897 0.243514
vn 0.000014 0.969077 0.246757
vn -0.000011 0.959240 0.282592
vn 0.000024 0.955573 0.294755
vn -0.000017 0.947008 0.321210
vn 0.000026 0.939693 0.342020
vn -0.000016 0.933223 0.359299
vn 0.000021 0.921476 0.388434
vn -0.000007 0.917905 0.396799
vn 0.000009 0.901082 0.433650
vn 0.000010 0.900968 0.433885
vn -0.000007 0.882779 0.469788
vn 0.000022 0.878222 0.478253
vn -0.000016 0.863029 0.505154
vn 0.000027 0.853290 0.521436
vn -0.000017 0.841862 0.539693
vn 0.000024 0.826239 0.563320
vn -0.000011 0.819314 0.573346
vn 0.000014 0.797133 0.603804
vn 0.000003 0.795421 0.606057
vn -0.000003 0.770223 0.637775
vn 0.000019 0.766044 0.642788
vn -0.000014 0.743761 0.668445
vn 0.000026 0.733052 0.680173
vn -0.000018 0.716079 0.698020
vn -0.000014 0.687221 0.726448
vn 0.000025 0.698237 0.715867
vn -0.000002 0.657236 0.753685
vn 0.000002 0.626172 0.779685
vn 0.000018 0.661686 0.749781
vn -0.000011 0.594081 0.804405
vn 0.000014 0.623490 0.781832
vn -0.000017 0.561012 0.827808
vn 0.000024 0.583743 0.811938
vn -0.000016 0.527025 0.849850
vn 0.000026 0.542546 0.840026
vn -0.000007 0.492170 0.870499
vn 0.000008 0.456508 0.889719
vn 0.000021 0.500001 0.866025
vn -0.000008 0.420096 0.907480
vn 0.000010 0.456210 0.889872
vn -0.000016 0.382991 0.923752
vn 0.000022 0.411287 0.911506
vn -0.000017 0.345262 0.938506
vn 0.000026 0.365341 0.930874
vn -0.000011 0.306961 0.951722
vn 0.000024 0.318487 0.947927
vn 0.000014 0.270841 0.962624
vn 0.000003 0.268155 0.963376
vn -0.000003 0.228914 0.973447
vn 0.000019 0.222520 0.974928
vn -0.000014 0.189296 0.981920
vn 0.000026 0.173650 0.984807
vn -0.000017 0.149366 0.988782
vn 0.000026 0.124343 0.992239
vn -0.000014 0.109195 0.994020
vn -0.000002 0.068849 0.997627
vn 0.000001 0.036479 0.999334
vn 0.000018 0.074729 0.997204
vn 0.000027 0.024931 0.999689
vn 0.000000 0.012162 0.999926
vn 0.024532 0.024924 0.999388
vn 0.999698 0.000612 0.024560
vn 0.024532 0.024924 -0.999388
vn 0.024534 0.024924 -0.999388
vn 0.073538 0.024863 -0.996982
vn 0.073533 0.024864 -0.996983
vn 0.122381 0.024743 -0.992175
vn 0.122377 0.024743 -0.992175
vn 0.170907 0.024565 -0.984981
vn 0.170915 0.024563 -0.984980
vn 0.219039 0.024326 -0.975413
vn 0.219039 0.024326 -0.975413
vn 0.024534 0.074707 -0.996904
vn 0.024538 0.074707 -0.996904
vn 0.266631 0.024027 -0.963499
vn 0.266623 0.024029 -0.963501
vn 0.073535 0.074528 -0.994504
vn 0.073533 0.074528 -0.994504
vn 0.313597 0.023673 -0.949261
vn 0.313598 0.023672 -0.949261
vn 0.122377 0.074169 -0.989708
vn 0.122377 0.074169 -0.989708
vn 0.359809 0.023261 -0.932736
vn 0.359810 0.023261 -0.932736
vn 0.170911 0.073631 -0.982531
vn 0.170915 0.073630 -0.982531
vn 0.405133 0.022792 -0.913974
vn 0.405131 0.022793 -0.913974
vn 0.219039 0.072915 -0.972988
vn 0.219039 0.072915 -0.972988
vn 0.449494 0.022271 -0.893006
vn 0.449498 0.022270 -0.893004
vn 0.024534 0.124306 -0.991941
vn 0.024538 0.124305 -0.991941
vn 0.266626 0.072024 -0.961105
vn 0.266623 0.072025 -0.961106
vn 0.492789 0.021692 -0.869879
vn 0.492782 0.021694 -0.869882
vn 0.073544 0.124006 -0.989552
vn 0.073535 0.124008 -0.989553
vn 0.313601 0.070960 -0.946900
vn 0.313598 0.070961 -0.946901
vn 0.534859 0.021065 -0.844679
vn 0.534862 0.021064 -0.844677
vn 0.122368 0.123410 -0.984782
vn 0.122377 0.123408 -0.984781
vn 0.359810 0.069726 -0.930417
vn 0.359810 0.069726 -0.930417
vn 0.575711 0.020384 -0.817399
vn 0.575709 0.020384 -0.817401
vn 0.170912 0.122513 -0.977640
vn 0.170911 0.122514 -0.977640
vn 0.405131 0.068324 -0.911702
vn 0.405135 0.068323 -0.911700
vn 0.615091 0.019655 -0.788211
vn 0.615089 0.019656 -0.788213
vn 0.219038 0.121324 -0.968144
vn 0.219039 0.121323 -0.968144
vn 0.449498 0.066755 -0.890783
vn 0.449494 0.066757 -0.890785
vn 0.073544 0.173179 -0.982141
vn 0.024533 0.173597 -0.984511
vn 0.024534 0.173597 -0.984511
vn 0.653084 0.018879 -0.757050
vn 0.653087 0.018878 -0.757047
vn 0.266626 0.119842 -0.956320
vn 0.266627 0.119841 -0.956320
vn 0.492782 0.065027 -0.867720
vn 0.492782 0.065027 -0.867719
vn 0.073540 0.173178 -0.982141
vn 0.689417 0.018058 -0.724140
vn 0.689416 0.018059 -0.724141
vn 0.313603 0.118071 -0.942185
vn 0.313601 0.118071 -0.942186
vn 0.534862 0.063143 -0.842577
vn 0.534863 0.063143 -0.842576
vn 0.122369 0.172344 -0.977407
vn 0.122370 0.172343 -0.977406
vn 0.724143 0.017193 -0.689436
vn 0.724141 0.017193 -0.689437
vn 0.359810 0.116015 -0.925785
vn 0.359807 0.116016 -0.925786
vn 0.575708 0.061104 -0.815369
vn 0.575709 0.061104 -0.815368
vn 0.170916 0.171094 -0.970317
vn 0.170912 0.171094 -0.970317
vn 0.757114 0.016286 -0.653079
vn 0.757114 0.016286 -0.653080
vn 0.405132 0.113682 -0.907163
vn 0.405135 0.113681 -0.907162
vn 0.615089 0.058922 -0.786253
vn 0.615089 0.058922 -0.786253
vn 0.219031 0.169433 -0.960894
vn 0.266627 0.167362 -0.949157
vn 0.219038 0.169431 -0.960893
vn 0.788252 0.015342 -0.615161
vn 0.788256 0.015340 -0.615157
vn 0.449501 0.111072 -0.886347
vn 0.449494 0.111074 -0.886351
vn 0.024533 0.222453 -0.974635
vn 0.024533 0.222453 -0.974635
vn 0.653087 0.056592 -0.755165
vn 0.653084 0.056592 -0.755167
vn 0.266634 0.167363 -0.949155
vn 0.817492 0.014359 -0.575761
vn 0.817490 0.014359 -0.575763
vn 0.492782 0.108199 -0.863399
vn 0.492786 0.108198 -0.863397
vn 0.073540 0.221917 -0.972288
vn 0.073540 0.221917 -0.972288
vn 0.689417 0.054131 -0.722339
vn 0.689414 0.054132 -0.722342
vn 0.313599 0.164890 -0.935130
vn 0.313603 0.164889 -0.935128
vn 0.844764 0.013341 -0.534973
vn 0.844764 0.013341 -0.534972
vn 0.575708 0.101670 -0.811310
vn 0.534859 0.105064 -0.838383
vn 0.534863 0.105063 -0.838381
vn 0.122377 0.220847 -0.967600
vn 0.122370 0.220849 -0.967601
vn 0.724141 0.051538 -0.687723
vn 0.724145 0.051536 -0.687720
vn 0.359807 0.162020 -0.918851
vn 0.359814 0.162018 -0.918849
vn 0.870020 0.012292 -0.492863
vn 0.870021 0.012291 -0.492862
vn 0.575705 0.101670 -0.811312
vn 0.170916 0.219246 -0.960583
vn 0.170909 0.219247 -0.960584
vn 0.757114 0.048821 -0.651456
vn 0.757116 0.048820 -0.651454
vn 0.788256 0.045986 -0.613627
vn 0.405132 0.158759 -0.900369
vn 0.405125 0.158761 -0.900371
vn 0.893169 0.011212 -0.449581
vn 0.893168 0.011212 -0.449584
vn 0.653085 0.094164 -0.751408
vn 0.615093 0.098039 -0.782336
vn 0.615089 0.098040 -0.782339
vn 0.219042 0.217116 -0.951252
vn 0.219031 0.217119 -0.951254
vn 0.817490 0.043040 -0.574332
vn 0.788253 0.045985 -0.613630
vn 0.449499 0.155117 -0.879710
vn 0.449501 0.155116 -0.879709
vn 0.914167 0.010105 -0.405213
vn 0.914167 0.010105 -0.405213
vn 0.024534 0.270759 -0.962334
vn 0.024533 0.270760 -0.962334
vn 0.653084 0.094164 -0.751409
vn 0.266634 0.214464 -0.939634
vn 0.266622 0.214467 -0.939636
vn 0.817489 0.043040 -0.574334
vn 0.492786 0.151098 -0.856931
vn 0.492781 0.151100 -0.856934
vn 0.932972 0.008974 -0.359837
vn 0.932973 0.008973 -0.359836
vn 0.073540 0.270108 -0.960017
vn 0.073542 0.270108 -0.960017
vn 0.689414 0.090071 -0.718746
vn 0.689415 0.090071 -0.718745
vn 0.313599 0.211295 -0.925748
vn 0.313601 0.211295 -0.925748
vn 0.844764 0.039992 -0.533642
vn 0.844767 0.039990 -0.533638
vn 0.534859 0.146722 -0.832105
vn 0.534865 0.146720 -0.832101
vn 0.949500 0.007822 -0.313670
vn 0.949499 0.007823 -0.313671
vn 0.170909 0.266855 -0.948461
vn 0.122377 0.268804 -0.955389
vn 0.122369 0.268806 -0.955389
vn 0.724145 0.085754 -0.684296
vn 0.724146 0.085753 -0.684295
vn 0.359813 0.207617 -0.909632
vn 0.359813 0.207617 -0.909631
vn 0.870021 0.036843 -0.491637
vn 0.870020 0.036844 -0.491638
vn 0.575706 0.141984 -0.805235
vn 0.575705 0.141985 -0.805236
vn 0.963749 0.006651 -0.266727
vn 0.963749 0.006652 -0.266727
vn 0.170915 0.266856 -0.948460
vn 0.757116 0.081231 -0.648211
vn 0.757112 0.081232 -0.648215
vn 0.405132 0.203441 -0.891336
vn 0.405125 0.203443 -0.891339
vn 0.893169 0.033608 -0.448464
vn 0.893168 0.033609 -0.448466
vn 0.914167 0.030292 -0.404205
vn 0.615094 0.136914 -0.776475
vn 0.615093 0.136914 -0.776476
vn 0.975689 0.005464 -0.219091
vn 0.975689 0.005464 -0.219091
vn 0.219038 0.264264 -0.939248
vn 0.219042 0.264263 -0.939247
vn 0.788254 0.076514 -0.610575
vn 0.788253 0.076515 -0.610575
vn 0.449499 0.198773 -0.870884
vn 0.449495 0.198775 -0.870886
vn 0.914166 0.030291 -0.404207
vn 0.073542 0.317623 -0.945361
vn 0.024526 0.318391 -0.947642
vn 0.024534 0.318390 -0.947642
vn 0.653084 0.131502 -0.745780
vn 0.653084 0.131502 -0.745781
vn 0.985265 0.004264 -0.170982
vn 0.985265 0.004264 -0.170982
vn 0.313601 0.257179 -0.914064
vn 0.266628 0.261036 -0.927777
vn 0.266622 0.261038 -0.927778
vn 0.817491 0.071614 -0.571471
vn 0.817489 0.071616 -0.571474
vn 0.492781 0.193629 -0.848336
vn 0.492788 0.193626 -0.848333
vn 0.932971 0.026900 -0.358945
vn 0.932973 0.026898 -0.358941
vn 0.073545 0.317623 -0.945361
vn 0.689415 0.125785 -0.713362
vn 0.689412 0.125786 -0.713364
vn 0.992475 0.003053 -0.122409
vn 0.992475 0.003053 -0.122409
vn 0.313601 0.257179 -0.914064
vn 0.844767 0.066540 -0.530981
vn 0.844765 0.066541 -0.530985
vn 0.534865 0.188016 -0.823753
vn 0.534858 0.188018 -0.823757
vn 0.949499 0.023448 -0.312891
vn 0.949501 0.023447 -0.312888
vn 0.122370 0.316092 -0.940803
vn 0.122369 0.316093 -0.940804
vn 0.724146 0.119755 -0.679170
vn 0.724143 0.119756 -0.679172
vn 0.999698 0.000612 -0.024560
vn 0.997292 0.001833 -0.073523
vn 0.999698 0.000612 -0.024560
vn 0.997292 0.001834 -0.073523
vn 0.359813 0.252701 -0.898152
vn 0.359808 0.252703 -0.898153
vn 0.870020 0.061303 -0.489190
vn 0.870021 0.061303 -0.489189
vn 0.575706 0.181946 -0.797156
vn 0.575710 0.181945 -0.797154
vn 0.975689 0.016378 -0.218547
vn 0.963749 0.019939 -0.266064
vn 0.963749 0.019939 -0.266064
vn 0.170915 0.313801 -0.933979
vn 0.170919 0.313800 -0.933979
vn 0.757116 0.113440 -0.643356
vn 0.757112 0.113442 -0.643360
vn 0.405134 0.247618 -0.880086
vn 0.405132 0.247619 -0.880087
vn 0.449495 0.241938 -0.859896
vn 0.893169 0.055920 -0.446231
vn 0.893169 0.055920 -0.446231
vn 0.615094 0.175447 -0.768685
vn 0.615093 0.175448 -0.768687
vn 0.975689 0.016378 -0.218546
vn 0.219038 0.310751 -0.924909
vn 0.219031 0.310753 -0.924910
vn 0.788252 0.106855 -0.606004
vn 0.788254 0.106854 -0.606002
vn 0.449487 0.241937 -0.859900
vn 0.492788 0.235671 -0.837627
vn 0.914165 0.050402 -0.402196
vn 0.914166 0.050401 -0.402194
vn 0.024526 0.365231 -0.930594
vn 0.024526 0.365231 -0.930594
vn 0.653084 0.168512 -0.738299
vn 0.653084 0.168512 -0.738298
vn 0.992475 0.009151 -0.122105
vn 0.985265 0.012782 -0.170557
vn 0.985265 0.012782 -0.170557
vn 0.266628 0.306956 -0.913612
vn 0.266628 0.306956 -0.913612
vn 0.817490 0.100011 -0.567192
vn 0.817491 0.100011 -0.567191
vn 0.492789 0.235671 -0.837627
vn 0.932971 0.044758 -0.357158
vn 0.932973 0.044757 -0.357153
vn 0.073544 0.364352 -0.928353
vn 0.073545 0.364352 -0.928353
vn 0.689415 0.161187 -0.706205
vn 0.689412 0.161188 -0.706207
vn 0.992475 0.009150 -0.122105
vn 0.313601 0.302421 -0.900109
vn 0.313607 0.302419 -0.900107
vn 0.844765 0.092926 -0.527008
vn 0.844767 0.092925 -0.527004
vn 0.534863 0.228843 -0.813359
vn 0.534858 0.228845 -0.813361
vn 0.575710 0.221454 -0.787094
vn 0.949501 0.039015 -0.311330
vn 0.949500 0.039016 -0.311333
vn 0.170919 0.359966 -0.917176
vn 0.122374 0.362595 -0.923877
vn 0.122370 0.362596 -0.923877
vn 0.724143 0.153462 -0.672358
vn 0.724144 0.153462 -0.672358
vn 0.997292 0.005496 -0.073340
vn 0.999698 0.001836 -0.024499
vn 0.997292 0.005496 -0.073340
vn 0.999698 0.001836 -0.024498
vn 0.359808 0.297157 -0.884441
vn 0.359810 0.297156 -0.884440
vn 0.870019 0.085612 -0.485527
vn 0.870021 0.085611 -0.485525
vn 0.575706 0.221454 -0.787097
vn 0.615092 0.213545 -0.758986
vn 0.963749 0.033176 -0.264740
vn 0.963749 0.033176 -0.264740
vn 0.170916 0.359966 -0.917176
vn 0.757116 0.145369 -0.636901
vn 0.757115 0.145370 -0.636902
vn 0.405134 0.291178 -0.866650
vn 0.405129 0.291180 -0.866651
vn 0.893169 0.078093 -0.442889
vn 0.893169 0.078093 -0.442889
vn 0.615094 0.213545 -0.758985
vn 0.975689 0.027251 -0.217459
vn 0.975689 0.027251 -0.217458
vn 0.266628 0.352116 -0.897176
vn 0.219029 0.356470 -0.908270
vn 0.219031 0.356470 -0.908270
vn 0.788250 0.136930 -0.599927
vn 0.788252 0.136928 -0.599924
vn 0.817490 0.128159 -0.561502
vn 0.449487 0.284501 -0.846771
vn 0.449495 0.284498 -0.846768
vn 0.914165 0.070387 -0.399184
vn 0.914165 0.070387 -0.399185
vn 0.024536 0.411163 -0.911232
vn 0.024527 0.411165 -0.911231
vn 0.653084 0.205103 -0.728982
vn 0.653084 0.205103 -0.728981
vn 0.689415 0.196188 -0.697293
vn 0.985265 0.021267 -0.169707
vn 0.985265 0.021267 -0.169708
vn 0.266629 0.352116 -0.897175
vn 0.817493 0.128159 -0.561499
vn 0.492786 0.277132 -0.824839
vn 0.492789 0.277131 -0.824838
vn 0.932972 0.062504 -0.354480
vn 0.932973 0.062504 -0.354478
vn 0.073538 0.410175 -0.909037
vn 0.073544 0.410174 -0.909037
vn 0.689412 0.196187 -0.697296
vn 0.992475 0.015226 -0.121497
vn 0.992475 0.015226 -0.121497
vn 0.313607 0.346909 -0.883914
vn 0.313600 0.346912 -0.883916
vn 0.844767 0.119078 -0.521717
vn 0.844764 0.119080 -0.521721
vn 0.534859 0.269103 -0.800943
vn 0.534863 0.269101 -0.800941
vn 0.949500 0.054486 -0.309001
vn 0.949501 0.054484 -0.308998
vn 0.122374 0.408195 -0.904655
vn 0.122369 0.408196 -0.904655
vn 0.757115 0.176935 -0.628864
vn 0.724144 0.186785 -0.663873
vn 0.724147 0.186783 -0.663869
vn 0.997292 0.009145 -0.072975
vn 0.999698 0.003055 -0.024377
vn 0.999698 0.003055 -0.024377
vn 0.997292 0.009145 -0.072975
vn 0.359810 0.340873 -0.868529
vn 0.359817 0.340870 -0.868527
vn 0.870021 0.109705 -0.480654
vn 0.870019 0.109707 -0.480657
vn 0.575706 0.260413 -0.775079
vn 0.575707 0.260412 -0.775078
vn 0.963749 0.046331 -0.262757
vn 0.963748 0.046332 -0.262759
vn 0.219029 0.401299 -0.889374
vn 0.170916 0.405234 -0.898094
vn 0.170912 0.405235 -0.898094
vn 0.788250 0.166663 -0.592356
vn 0.757113 0.176935 -0.628867
vn 0.405129 0.334017 -0.851060
vn 0.405128 0.334017 -0.851060
vn 0.449494 0.326353 -0.831534
vn 0.893169 0.100072 -0.438446
vn 0.893167 0.100073 -0.438449
vn 0.615093 0.251112 -0.747397
vn 0.615092 0.251113 -0.747399
vn 0.975689 0.038057 -0.215830
vn 0.975689 0.038056 -0.215829
vn 0.219043 0.401300 -0.889370
vn 0.817493 0.155988 -0.554413
vn 0.788253 0.166663 -0.592352
vn 0.449495 0.326353 -0.831534
vn 0.914167 0.090196 -0.395176
vn 0.914165 0.090198 -0.395180
vn 0.024537 0.456072 -0.889604
vn 0.024536 0.456073 -0.889604
vn 0.653084 0.241186 -0.717852
vn 0.653088 0.241184 -0.717849
vn 0.985265 0.029700 -0.168437
vn 0.985265 0.029699 -0.168436
vn 0.266628 0.396400 -0.878508
vn 0.266629 0.396399 -0.878508
vn 0.817491 0.155988 -0.554415
vn 0.492786 0.317902 -0.810000
vn 0.492788 0.317901 -0.809999
vn 0.932972 0.080097 -0.350925
vn 0.932972 0.080096 -0.350924
vn 0.073540 0.454975 -0.887463
vn 0.073538 0.454975 -0.887462
vn 0.689413 0.230702 -0.686649
vn 0.689412 0.230703 -0.686649
vn 0.992475 0.021262 -0.120586
vn 0.992475 0.021263 -0.120587
vn 0.313594 0.390542 -0.865526
vn 0.313600 0.390540 -0.865525
vn 0.844765 0.144937 -0.515136
vn 0.870021 0.133529 -0.474588
vn 0.844764 0.144937 -0.515137
vn 0.534860 0.308691 -0.786534
vn 0.534854 0.308693 -0.786536
vn 0.949500 0.069819 -0.305900
vn 0.949501 0.069819 -0.305898
vn 0.122374 0.452782 -0.883184
vn 0.122369 0.452783 -0.883184
vn 0.724147 0.219642 -0.653734
vn 0.724142 0.219645 -0.653738
vn 0.997292 0.012771 -0.072429
vn 0.999698 0.004266 -0.024194
vn 0.999698 0.004266 -0.024194
vn 0.997292 0.012771 -0.072429
vn 0.359817 0.383740 -0.850456
vn 0.359815 0.383741 -0.850457
vn 0.870020 0.133529 -0.474590
vn 0.615092 0.288055 -0.733953
vn 0.575712 0.298721 -0.761132
vn 0.575708 0.298723 -0.761134
vn 0.963749 0.059371 -0.260122
vn 0.963748 0.059371 -0.260123
vn 0.170912 0.449498 -0.876778
vn 0.170909 0.449499 -0.876779
vn 0.757113 0.208062 -0.619265
vn 0.757116 0.208060 -0.619262
vn 0.405131 0.376022 -0.833352
vn 0.405128 0.376023 -0.833353
vn 0.449495 0.367396 -0.814233
vn 0.893167 0.121804 -0.432915
vn 0.893168 0.121803 -0.432914
vn 0.653088 0.276666 -0.704934
vn 0.615089 0.288055 -0.733954
vn 0.975689 0.048767 -0.213663
vn 0.985265 0.038059 -0.166747
vn 0.975689 0.048767 -0.213664
vn 0.219043 0.445132 -0.868261
vn 0.219042 0.445132 -0.868262
vn 0.788253 0.195981 -0.583309
vn 0.788252 0.195982 -0.583310
vn 0.449495 0.367396 -0.814232
vn 0.914166 0.109782 -0.390189
vn 0.932972 0.097489 -0.346496
vn 0.914166 0.109783 -0.390190
vn 0.024530 0.499851 -0.865764
vn 0.024531 0.542383 -0.839773
vn 0.024537 0.499849 -0.865765
vn 0.653086 0.276666 -0.704936
vn 0.985265 0.038059 -0.166747
vn 0.266623 0.439696 -0.857659
vn 0.266628 0.439695 -0.857659
vn 0.817492 0.183429 -0.545949
vn 0.817491 0.183430 -0.545950
vn 0.492785 0.357882 -0.793148
vn 0.492788 0.357881 -0.793146
vn 0.932972 0.097489 -0.346496
vn 0.949500 0.084981 -0.302039
vn 0.073536 0.498646 -0.863681
vn 0.073540 0.498645 -0.863681
vn 0.689417 0.264639 -0.674292
vn 0.689413 0.264642 -0.674296
vn 0.992475 0.027247 -0.119377
vn 0.992475 0.027247 -0.119376
vn 0.359815 0.425655 -0.830272
vn 0.313598 0.433197 -0.844984
vn 0.313594 0.433198 -0.844984
vn 0.844765 0.170434 -0.507271
vn 0.844765 0.170434 -0.507271
vn 0.534862 0.347512 -0.770167
vn 0.534854 0.347516 -0.770171
vn 0.949500 0.084981 -0.302039
vn 0.122374 0.496242 -0.859517
vn 0.122377 0.496241 -0.859516
vn 0.757116 0.238670 -0.608121
vn 0.724142 0.251958 -0.641977
vn 0.724142 0.251958 -0.641977
vn 0.999698 0.005467 -0.023951
vn 0.997292 0.016366 -0.071702
vn 0.999698 0.005467 -0.023951
vn 0.997292 0.016366 -0.071702
vn 0.359812 0.425655 -0.830273
vn 0.870020 0.157019 -0.467344
vn 0.870020 0.157019 -0.467343
vn 0.575712 0.336290 -0.745295
vn 0.575708 0.336292 -0.745297
vn 0.975689 0.059357 -0.210967
vn 0.963749 0.072263 -0.256837
vn 0.963749 0.072264 -0.256839
vn 0.170910 0.492644 -0.853283
vn 0.219042 0.487858 -0.844994
vn 0.170914 0.492643 -0.853283
vn 0.757116 0.238671 -0.608122
vn 0.405131 0.417094 -0.813573
vn 0.405131 0.417094 -0.813573
vn 0.893167 0.143232 -0.426307
vn 0.893169 0.143230 -0.426304
vn 0.615088 0.324283 -0.718685
vn 0.615089 0.324282 -0.718684
vn 0.975689 0.059357 -0.210968
vn 0.219037 0.487858 -0.844996
vn 0.788252 0.224814 -0.572816
vn 0.788252 0.224814 -0.572815
vn 0.449495 0.407525 -0.794907
vn 0.492785 0.396972 -0.774323
vn 0.449500 0.407523 -0.794905
vn 0.914166 0.129095 -0.384233
vn 0.914167 0.129094 -0.384231
vn 0.024532 0.542383 -0.839773
vn 0.653086 0.311461 -0.690269
vn 0.653085 0.311461 -0.690269
vn 0.985265 0.046323 -0.164643
vn 0.992475 0.033164 -0.117871
vn 0.985265 0.046323 -0.164643
vn 0.266627 0.481899 -0.834675
vn 0.266623 0.481901 -0.834676
vn 0.817490 0.210416 -0.536130
vn 0.817492 0.210414 -0.536127
vn 0.492785 0.396972 -0.774323
vn 0.932972 0.114639 -0.341206
vn 0.932972 0.114639 -0.341206
vn 0.073536 0.541078 -0.837751
vn 0.073536 0.541078 -0.837751
vn 0.689415 0.297922 -0.660265
vn 0.689417 0.297921 -0.660263
vn 0.992475 0.033163 -0.117870
vn 0.313599 0.474778 -0.822339
vn 0.313598 0.474778 -0.822339
vn 0.870020 0.180119 -0.458935
vn 0.844766 0.195507 -0.498144
vn 0.844765 0.195507 -0.498145
vn 0.534862 0.385470 -0.751888
vn 0.534860 0.385471 -0.751889
vn 0.949500 0.099930 -0.297428
vn 0.949500 0.099930 -0.297428
vn 0.170914 0.534563 -0.827666
vn 0.122377 0.538468 -0.833712
vn 0.122375 0.538469 -0.833712
vn 0.724146 0.283642 -0.628617
vn 0.724142 0.283645 -0.628620
vn 0.999698 0.006654 -0.023649
vn 0.997292 0.019919 -0.070798
vn 0.999698 0.006654 -0.023649
vn 0.997292 0.019919 -0.070797
vn 0.359815 0.466512 -0.808022
vn 0.359812 0.466513 -0.808023
vn 0.870021 0.180118 -0.458934
vn 0.615088 0.359704 -0.701627
vn 0.575708 0.373024 -0.727608
vn 0.575711 0.373022 -0.727607
vn 0.963749 0.084975 -0.252916
vn 0.963749 0.084976 -0.252917
vn 0.170914 0.534563 -0.827666
vn 0.757116 0.268685 -0.595470
vn 0.757113 0.268688 -0.595472
vn 0.405131 0.457130 -0.791771
vn 0.405130 0.457131 -0.791771
vn 0.893167 0.164303 -0.418638
vn 0.893167 0.164303 -0.418638
vn 0.653085 0.345482 -0.673886
vn 0.615090 0.359704 -0.701625
vn 0.975689 0.069799 -0.207747
vn 0.975689 0.069799 -0.207746
vn 0.219037 0.529371 -0.819627
vn 0.219037 0.529371 -0.819627
vn 0.788252 0.253086 -0.560897
vn 0.788253 0.253086 -0.560897
vn 0.449500 0.446639 -0.773604
vn 0.449492 0.446643 -0.773606
vn 0.914167 0.148087 -0.377319
vn 0.914167 0.148086 -0.377318
vn 0.932972 0.131504 -0.335068
vn 0.024532 0.583568 -0.811694
vn 0.024530 0.583568 -0.811694
vn 0.024530 0.623302 -0.781596
vn 0.653082 0.345483 -0.673889
vn 0.985265 0.054473 -0.162129
vn 0.985265 0.054472 -0.162129
vn 0.313599 0.515178 -0.797651
vn 0.266627 0.522906 -0.809617
vn 0.266627 0.522906 -0.809617
vn 0.817490 0.236879 -0.524976
vn 0.817492 0.236876 -0.524973
vn 0.492791 0.435073 -0.753570
vn 0.492785 0.435076 -0.753573
vn 0.932972 0.131504 -0.335066
vn 0.949500 0.114632 -0.292077
vn 0.073536 0.582164 -0.809739
vn 0.073542 0.582163 -0.809740
vn 0.122375 0.579357 -0.805835
vn 0.689418 0.330463 -0.644591
vn 0.689415 0.330465 -0.644593
vn 0.992475 0.038998 -0.116071
vn 0.992475 0.038997 -0.116070
vn 0.313600 0.515178 -0.797651
vn 0.359815 0.506209 -0.783764
vn 0.844764 0.220096 -0.487781
vn 0.844766 0.220094 -0.487780
vn 0.534854 0.422473 -0.731743
vn 0.534860 0.422469 -0.731740
vn 0.949500 0.114632 -0.292078
vn 0.122372 0.579356 -0.805836
vn 0.170914 0.575154 -0.799991
vn 0.724141 0.314627 -0.613702
vn 0.724146 0.314623 -0.613697
vn 0.999698 0.007824 -0.023288
vn 0.999698 0.008975 -0.022869
vn 0.997292 0.023423 -0.069716
vn 0.999698 0.007824 -0.023288
vn 0.997292 0.023424 -0.069717
vn 0.359811 0.506209 -0.783766
vn 0.870021 0.202771 -0.449387
vn 0.870021 0.202770 -0.449385
vn 0.575714 0.408825 -0.708107
vn 0.575711 0.408826 -0.708109
vn 0.963749 0.097477 -0.248367
vn 0.963749 0.097477 -0.248367
vn 0.975689 0.080068 -0.204009
vn 0.170912 0.575154 -0.799992
vn 0.757117 0.298033 -0.581336
vn 0.788253 0.280730 -0.547584
vn 0.757113 0.298036 -0.581339
vn 0.405130 0.496028 -0.768001
vn 0.405132 0.496027 -0.768001
vn 0.893167 0.184967 -0.409928
vn 0.893168 0.184965 -0.409925
vn 0.615090 0.394228 -0.682824
vn 0.615088 0.394229 -0.682825
vn 0.985265 0.062486 -0.159212
vn 0.975689 0.080068 -0.204009
vn 0.219037 0.569569 -0.792221
vn 0.219040 0.569568 -0.792221
vn 0.788252 0.280730 -0.547584
vn 0.449492 0.484648 -0.750382
vn 0.449492 0.484648 -0.750382
vn 0.914167 0.166710 -0.369468
vn 0.914166 0.166712 -0.369470
vn 0.024531 0.623302 -0.781596
vn 0.024531 0.661486 -0.749556
vn 0.653088 0.378640 -0.655826
vn 0.653082 0.378645 -0.655830
vn 0.985265 0.062486 -0.159213
vn 0.313600 0.554297 -0.770980
vn 0.266627 0.562612 -0.782546
vn 0.266626 0.562613 -0.782546
vn 0.817492 0.262750 -0.512513
vn 0.817490 0.262751 -0.512515
vn 0.844765 0.244136 -0.476204
vn 0.492791 0.472095 -0.730947
vn 0.492788 0.472096 -0.730948
vn 0.932972 0.148042 -0.328095
vn 0.932972 0.148042 -0.328095
vn 0.073540 0.621802 -0.779714
vn 0.073542 0.621801 -0.779715
vn 0.689412 0.362186 -0.627322
vn 0.689418 0.362181 -0.627318
vn 0.992475 0.044735 -0.113982
vn 0.992475 0.044735 -0.113983
vn 0.313600 0.554297 -0.770980
vn 0.359811 0.544648 -0.757559
vn 0.844766 0.244135 -0.476202
vn 0.534861 0.458418 -0.709772
vn 0.575714 0.443615 -0.686848
vn 0.534854 0.458422 -0.709775
vn 0.949500 0.129048 -0.286000
vn 0.949500 0.129049 -0.286001
vn 0.122373 0.618804 -0.775956
vn 0.122372 0.618804 -0.775956
vn 0.170912 0.614316 -0.770328
vn 0.724145 0.344823 -0.597253
vn 0.724141 0.344826 -0.597256
vn 0.999698 0.008975 -0.022869
vn 0.997292 0.026870 -0.068462
vn 0.997292 0.026869 -0.068462
vn 0.359811 0.544648 -0.757559
vn 0.870020 0.224919 -0.438721
vn 0.870021 0.224919 -0.438720
vn 0.575710 0.443615 -0.686850
vn 0.963749 0.109736 -0.243199
vn 0.963749 0.109736 -0.243200
vn 0.170915 0.614316 -0.770327
vn 0.757115 0.326641 -0.565758
vn 0.757117 0.326640 -0.565757
vn 0.405131 0.533693 -0.742321
vn 0.405132 0.533692 -0.742321
vn 0.893168 0.205168 -0.400195
vn 0.914166 0.184921 -0.360701
vn 0.893168 0.205168 -0.400195
vn 0.615088 0.427775 -0.662325
vn 0.615089 0.427775 -0.662325
vn 0.653088 0.410861 -0.636136
vn 0.975689 0.090137 -0.199764
vn 0.975689 0.090137 -0.199764
vn 0.219040 0.608349 -0.762846
vn 0.219036 0.608350 -0.762846
vn 0.788253 0.307676 -0.532910
vn 0.788253 0.307676 -0.532910
vn 0.449492 0.521449 -0.725291
vn 0.449495 0.521448 -0.725290
vn 0.932972 0.164212 -0.320308
vn 0.914166 0.184920 -0.360700
vn 0.024534 0.661487 -0.749555
vn 0.653085 0.410862 -0.636139
vn 0.985265 0.070345 -0.155900
vn 0.985265 0.070345 -0.155900
vn 0.266625 0.600920 -0.753529
vn 0.266627 0.600919 -0.753529
vn 0.817490 0.287971 -0.498781
vn 0.817491 0.287971 -0.498780
vn 0.534861 0.493228 -0.686039
vn 0.492788 0.507944 -0.706507
vn 0.492786 0.507945 -0.706508
vn 0.932972 0.164212 -0.320308
vn 0.122373 0.656713 -0.744146
vn 0.073539 0.659894 -0.747751
vn 0.073540 0.659894 -0.747751
vn 0.689412 0.393004 -0.608489
vn 0.689413 0.393003 -0.608489
vn 0.724145 0.374166 -0.579322
vn 0.992475 0.050361 -0.111611
vn 0.992475 0.050361 -0.111611
vn 0.313601 0.592038 -0.742392
vn 0.313601 0.592038 -0.742392
vn 0.359811 0.581732 -0.729468
vn 0.844766 0.267568 -0.463441
vn 0.844766 0.267568 -0.463441
vn 0.870020 0.246508 -0.426964
vn 0.575710 0.477300 -0.663884
vn 0.534861 0.493229 -0.686039
vn 0.949500 0.143144 -0.279213
vn 0.949500 0.143144 -0.279212
vn 0.122373 0.656713 -0.744146
vn 0.724144 0.374166 -0.579323
vn 0.999698 0.010104 -0.022393
vn 0.999698 0.010104 -0.022393
vn 0.997292 0.030249 -0.067038
vn 0.997292 0.030249 -0.067038
vn 0.359808 0.581732 -0.729470
vn 0.870019 0.246509 -0.426966
vn 0.575709 0.477300 -0.663885
vn 0.963749 0.121722 -0.237427
vn 0.963749 0.121722 -0.237427
vn 0.975689 0.099982 -0.195023
vn 0.170915 0.651949 -0.738749
vn 0.170914 0.651950 -0.738749
vn 0.757116 0.354435 -0.548773
vn 0.757115 0.354435 -0.548774
vn 0.788253 0.333857 -0.516912
vn 0.405132 0.570030 -0.714796
vn 0.405131 0.570031 -0.714796
vn 0.893168 0.224862 -0.389472
vn 0.893168 0.224861 -0.389471
vn 0.615090 0.460256 -0.640178
vn 0.615089 0.460257 -0.640179
vn 0.975689 0.099982 -0.195023
vn 0.219036 0.645618 -0.731574
vn 0.219036 0.645618 -0.731574
vn 0.266627 0.637732 -0.722639
vn 0.788254 0.333856 -0.516910
vn 0.449495 0.556953 -0.698397
vn 0.449495 0.556952 -0.698397
vn 0.914166 0.202670 -0.351035
vn 0.914166 0.202669 -0.351035
vn 0.024532 0.698027 -0.715651
vn 0.024534 0.698027 -0.715652
vn 0.689413 0.422846 -0.588142
vn 0.653085 0.442060 -0.614868
vn 0.653085 0.442060 -0.614868
vn 0.985265 0.078028 -0.152200
vn 0.985265 0.078028 -0.152200
vn 0.266630 0.637732 -0.722638
vn 0.817491 0.312475 -0.483806
vn 0.817490 0.312476 -0.483806
vn 0.534861 0.526812 -0.660601
vn 0.492786 0.542530 -0.680311
vn 0.492786 0.542530 -0.680311
vn 0.932972 0.179974 -0.311725
vn 0.932972 0.179974 -0.311724
vn 0.073539 0.696346 -0.713928
vn 0.122373 0.692989 -0.710486
vn 0.073541 0.696346 -0.713929
vn 0.689415 0.422845 -0.588140
vn 0.992475 0.055862 -0.108962
vn 0.992475 0.055862 -0.108962
vn 0.313599 0.628308 -0.711959
vn 0.313601 0.628307 -0.711959
vn 0.844766 0.290335 -0.449528
vn 0.844765 0.290337 -0.449529
vn 0.534861 0.526811 -0.660600
vn 0.949500 0.156884 -0.271731
vn 0.949500 0.156883 -0.271730
vn 0.122370 0.692989 -0.710487
vn 0.724144 0.402579 -0.559952
vn 0.724144 0.402578 -0.559952
vn 0.757116 0.381349 -0.530423
vn 0.997292 0.033553 -0.065447
vn 0.999698 0.011208 -0.021862
vn 0.999698 0.012284 -0.021276
vn 0.997292 0.033553 -0.065447
vn 0.999698 0.011208 -0.021862
vn 0.359810 0.617370 -0.699565
vn 0.359808 0.617370 -0.699566
vn 0.870020 0.267484 -0.414146
vn 0.870019 0.267485 -0.414147
vn 0.575707 0.509800 -0.639269
vn 0.575709 0.509799 -0.639268
vn 0.615090 0.491594 -0.616441
vn 0.963749 0.133406 -0.231065
vn 0.963749 0.133405 -0.231065
vn 0.170914 0.687963 -0.705334
vn 0.219036 0.681281 -0.698484
vn 0.170914 0.687963 -0.705334
vn 0.757113 0.381350 -0.530426
vn 0.405132 0.604952 -0.685493
vn 0.405134 0.604951 -0.685493
vn 0.893168 0.243996 -0.377779
vn 0.893168 0.243996 -0.377780
vn 0.615091 0.491594 -0.616440
vn 0.975689 0.109579 -0.189797
vn 0.975689 0.109579 -0.189797
vn 0.219040 0.681281 -0.698482
vn 0.266630 0.672960 -0.689951
vn 0.817490 0.336202 -0.467630
vn 0.788253 0.359207 -0.499627
vn 0.788254 0.359207 -0.499627
vn 0.492786 0.575766 -0.652422
vn 0.449495 0.591072 -0.669766
vn 0.449494 0.591073 -0.669767
vn 0.914166 0.219916 -0.340496
vn 0.932972 0.195288 -0.302365
vn 0.914166 0.219915 -0.340496
vn 0.024532 0.732831 -0.679968
vn 0.024533 0.732831 -0.679968
vn 0.653085 0.472159 -0.592068
vn 0.653088 0.472157 -0.592067
vn 0.985265 0.085518 -0.148121
vn 0.985265 0.085518 -0.148121
vn 0.266626 0.672961 -0.689953
vn 0.817491 0.336202 -0.467629
vn 0.492787 0.575766 -0.652422
vn 0.932972 0.195288 -0.302365
vn 0.073541 0.731067 -0.678331
vn 0.073541 0.731067 -0.678331
vn 0.689413 0.451636 -0.566334
vn 0.689415 0.451635 -0.566333
vn 0.724144 0.429989 -0.539189
vn 0.992475 0.061223 -0.106042
vn 0.992475 0.061223 -0.106042
vn 0.313603 0.663013 -0.679755
vn 0.359810 0.651473 -0.667922
vn 0.313599 0.663015 -0.679755
vn 0.870020 0.287795 -0.400298
vn 0.844765 0.312383 -0.434498
vn 0.844766 0.312383 -0.434498
vn 0.534860 0.559086 -0.633521
vn 0.534862 0.559085 -0.633520
vn 0.949500 0.170233 -0.263572
vn 0.949500 0.170233 -0.263572
vn 0.963749 0.144758 -0.224129
vn 0.122370 0.727543 -0.675061
vn 0.122371 0.727543 -0.675061
vn 0.724143 0.429989 -0.539191
vn 0.999698 0.012284 -0.021276
vn 0.997292 0.036773 -0.063693
vn 0.997292 0.036773 -0.063693
vn 0.359809 0.651473 -0.667922
vn 0.870020 0.287795 -0.400300
vn 0.575707 0.541032 -0.613063
vn 0.575707 0.541031 -0.613063
vn 0.963749 0.144757 -0.224128
vn 0.170914 0.722266 -0.670165
vn 0.170913 0.722266 -0.670164
vn 0.757117 0.407313 -0.510755
vn 0.788253 0.383666 -0.481101
vn 0.757113 0.407316 -0.510757
vn 0.405130 0.638370 -0.654488
vn 0.405133 0.638368 -0.654487
vn 0.449494 0.623723 -0.639472
vn 0.893168 0.262522 -0.365147
vn 0.893168 0.262523 -0.365147
vn 0.914166 0.236615 -0.329111
vn 0.615092 0.521710 -0.591169
vn 0.615091 0.521711 -0.591170
vn 0.975689 0.118904 -0.184099
vn 0.975689 0.118904 -0.184099
vn 0.985265 0.092795 -0.143674
vn 0.219040 0.715251 -0.663655
vn 0.219040 0.715251 -0.663655
vn 0.788251 0.383667 -0.481103
vn 0.817491 0.359093 -0.450289
vn 0.449496 0.623723 -0.639471
vn 0.932972 0.210117 -0.292255
vn 0.914166 0.236614 -0.329110
vn 0.024533 0.765813 -0.642595
vn 0.024533 0.765813 -0.642595
vn 0.653087 0.501084 -0.567797
vn 0.653088 0.501083 -0.567796
vn 0.985265 0.092795 -0.143674
vn 0.266626 0.706516 -0.655551
vn 0.266625 0.706516 -0.655550
vn 0.817491 0.359093 -0.450289
vn 0.492787 0.607571 -0.622912
vn 0.492786 0.607571 -0.622912
vn 0.949500 0.183159 -0.254759
vn 0.932972 0.210118 -0.292256
vn 0.073541 0.763970 -0.641047
vn 0.073545 0.763970 -0.641047
vn 0.689414 0.479304 -0.543117
vn 0.689413 0.479304 -0.543117
vn 0.997292 0.039902 -0.061781
vn 0.992475 0.066433 -0.102858
vn 0.992475 0.066433 -0.102858
vn 0.313603 0.696072 -0.645861
vn 0.313601 0.696073 -0.645861
vn 0.870019 0.307391 -0.385457
vn 0.844766 0.333652 -0.418387
vn 0.844765 0.333652 -0.418387
vn 0.534860 0.589969 -0.604865
vn 0.534860 0.589969 -0.604865
vn 0.949500 0.183159 -0.254759
vn 0.122371 0.760287 -0.637957
vn 0.122371 0.760287 -0.637957
vn 0.724143 0.456332 -0.517087
vn 0.724143 0.456332 -0.517087
vn 0.999698 0.013329 -0.020637
vn 0.997292 0.039902 -0.061781
vn 0.999698 0.013329 -0.020637
vn 0.359810 0.683956 -0.634619
vn 0.359811 0.683956 -0.634619
vn 0.870020 0.307391 -0.385456
vn 0.575707 0.570918 -0.585333
vn 0.575709 0.570916 -0.585332
vn 0.615092 0.550529 -0.564429
vn 0.975689 0.127932 -0.177943
vn 0.963749 0.155749 -0.216634
vn 0.963749 0.155749 -0.216634
vn 0.170913 0.754773 -0.633329
vn 0.170914 0.754773 -0.633330
vn 0.757114 0.432268 -0.489819
vn 0.757117 0.432265 -0.489817
vn 0.405129 0.670200 -0.621854
vn 0.405132 0.670198 -0.621854
vn 0.893168 0.280398 -0.351608
vn 0.893168 0.280397 -0.351607
vn 0.615091 0.550529 -0.564429
vn 0.653087 0.528763 -0.542114
vn 0.975689 0.127932 -0.177943
vn 0.985265 0.099841 -0.138870
vn 0.219037 0.747442 -0.627178
vn 0.219040 0.747442 -0.627178
vn 0.788254 0.407168 -0.461378
vn 0.788251 0.407171 -0.461380
vn 0.449496 0.654823 -0.607586
vn 0.449496 0.654823 -0.607586
vn 0.932972 0.224424 -0.281419
vn 0.914166 0.252725 -0.316907
vn 0.914166 0.252725 -0.316907
vn 0.024532 0.796893 -0.603622
vn 0.073544 0.794974 -0.602169
vn 0.024533 0.796893 -0.603622
vn 0.653086 0.528763 -0.542114
vn 0.985265 0.099841 -0.138870
vn 0.266625 0.738314 -0.619519
vn 0.266626 0.738313 -0.619519
vn 0.817491 0.381092 -0.431829
vn 0.817491 0.381092 -0.431830
vn 0.492786 0.637865 -0.591852
vn 0.492785 0.637866 -0.591853
vn 0.534860 0.619385 -0.574706
vn 0.932972 0.224424 -0.281418
vn 0.073541 0.794974 -0.602170
vn 0.122371 0.791141 -0.599267
vn 0.689413 0.505781 -0.518551
vn 0.689414 0.505780 -0.518551
vn 0.724143 0.481539 -0.493698
vn 0.992475 0.071477 -0.099419
vn 0.992475 0.071477 -0.099419
vn 0.313600 0.727401 -0.610362
vn 0.359811 0.714739 -0.599737
vn 0.313601 0.727401 -0.610362
vn 0.844764 0.354094 -0.401237
vn 0.844765 0.354092 -0.401236
vn 0.534861 0.619385 -0.574705
vn 0.949500 0.195630 -0.245313
vn 0.949500 0.195631 -0.245314
vn 0.122374 0.791142 -0.599266
vn 0.724144 0.481538 -0.493696
vn 0.997292 0.042932 -0.059715
vn 0.999698 0.014341 -0.019947
vn 0.997292 0.042932 -0.059715
vn 0.999698 0.014341 -0.019947
vn 0.359812 0.714739 -0.599737
vn 0.870020 0.326222 -0.369654
vn 0.870020 0.326222 -0.369654
vn 0.575709 0.599383 -0.556146
vn 0.575708 0.599384 -0.556147
vn 0.963749 0.166353 -0.208600
vn 0.963749 0.166354 -0.208601
vn 0.170914 0.785403 -0.594920
vn 0.219037 0.777775 -0.589142
vn 0.170912 0.785404 -0.594920
vn 0.757114 0.456146 -0.467663
vn 0.757114 0.456146 -0.467663
vn 0.405129 0.700364 -0.587675
vn 0.405132 0.700362 -0.587674
vn 0.449496 0.684294 -0.574191
vn 0.893168 0.297576 -0.337194
vn 0.893168 0.297575 -0.337194
vn 0.615091 0.577979 -0.536286
vn 0.615091 0.577979 -0.536286
vn 0.975689 0.136643 -0.171345
vn 0.975689 0.136643 -0.171345
vn 0.219033 0.777776 -0.589143
vn 0.788254 0.429660 -0.440509
vn 0.788253 0.429661 -0.440509
vn 0.817491 0.402143 -0.412297
vn 0.449498 0.684293 -0.574190
vn 0.492785 0.666574 -0.559322
vn 0.914167 0.268207 -0.303916
vn 0.914166 0.268207 -0.303916
vn 0.024533 0.825990 -0.563150
vn 0.024532 0.825990 -0.563150
vn 0.653085 0.555129 -0.515084
vn 0.653086 0.555128 -0.515084
vn 0.985265 0.106639 -0.133721
vn 0.985265 0.106639 -0.133721
vn 0.266631 0.768275 -0.581947
vn 0.266626 0.768276 -0.581947
vn 0.313600 0.756921 -0.573346
vn 0.817491 0.402143 -0.412297
vn 0.492784 0.666575 -0.559323
vn 0.932972 0.238173 -0.269883
vn 0.932972 0.238172 -0.269882
vn 0.122375 0.820029 -0.559086
vn 0.073541 0.824002 -0.561794
vn 0.073543 0.824002 -0.561794
vn 0.689413 0.531000 -0.492696
vn 0.689413 0.530999 -0.492696
vn 0.992475 0.076344 -0.095732
vn 0.992475 0.076344 -0.095733
vn 0.997292 0.045855 -0.057501
vn 0.313599 0.756921 -0.573346
vn 0.844766 0.373652 -0.383087
vn 0.844764 0.373654 -0.383088
vn 0.534861 0.647262 -0.543117
vn 0.534861 0.647261 -0.543117
vn 0.949500 0.207616 -0.235257
vn 0.949500 0.207615 -0.235256
vn 0.122368 0.820029 -0.559087
vn 0.724144 0.505548 -0.469080
vn 0.724143 0.505549 -0.469081
vn 0.999698 0.015317 -0.019207
vn 0.999698 0.015317 -0.019207
vn 0.997292 0.045855 -0.057501
vn 0.405128 0.728786 -0.552034
vn 0.359812 0.743744 -0.563365
vn 0.359812 0.743744 -0.563365
vn 0.870020 0.344243 -0.352934
vn 0.893168 0.314013 -0.321942
vn 0.870020 0.344242 -0.352934
vn 0.575709 0.626359 -0.525578
vn 0.575708 0.626360 -0.525579
vn 0.963749 0.176544 -0.200049
vn 0.963749 0.176545 -0.200050
vn 0.170912 0.814082 -0.555031
vn 0.219033 0.806176 -0.549641
vn 0.170917 0.814081 -0.555032
vn 0.788253 0.451084 -0.418545
vn 0.757114 0.478890 -0.444345
vn 0.757116 0.478889 -0.444344
vn 0.405132 0.728785 -0.552033
vn 0.893168 0.314013 -0.321941
vn 0.615090 0.603993 -0.506810
vn 0.615091 0.603992 -0.506810
vn 0.975689 0.145014 -0.164321
vn 0.975689 0.145014 -0.164321
vn 0.219038 0.806176 -0.549639
vn 0.788253 0.451085 -0.418545
vn 0.449498 0.712063 -0.539367
vn 0.492784 0.693626 -0.525401
vn 0.449496 0.712065 -0.539367
vn 0.932972 0.251329 -0.257675
vn 0.914166 0.283023 -0.290169
vn 0.914167 0.283023 -0.290169
vn 0.024536 0.853033 -0.521279
vn 0.024536 0.877958 -0.478109
vn 0.024533 0.853034 -0.521279
vn 0.653086 0.580113 -0.486773
vn 0.653085 0.580114 -0.486773
vn 0.985265 0.113171 -0.128239
vn 0.985265 0.113172 -0.128239
vn 0.266622 0.796331 -0.542927
vn 0.266631 0.796328 -0.542927
vn 0.817491 0.422195 -0.391740
vn 0.817491 0.422195 -0.391740
vn 0.492784 0.693626 -0.525401
vn 0.932972 0.251329 -0.257675
vn 0.073542 0.850980 -0.520024
vn 0.073543 0.850980 -0.520024
vn 0.724143 0.528303 -0.443298
vn 0.689413 0.554898 -0.465615
vn 0.689414 0.554898 -0.465615
vn 0.992475 0.081021 -0.091808
vn 0.992475 0.081021 -0.091808
vn 0.313599 0.784560 -0.534904
vn 0.313600 0.784559 -0.534904
vn 0.844765 0.392283 -0.363986
vn 0.844765 0.392283 -0.363986
vn 0.534861 0.673529 -0.510179
vn 0.534860 0.673530 -0.510179
vn 0.963749 0.186297 -0.191001
vn 0.949500 0.219084 -0.224616
vn 0.949500 0.219083 -0.224615
vn 0.122368 0.846879 -0.517516
vn 0.122374 0.846877 -0.517517
vn 0.724143 0.528302 -0.443298
vn 0.999698 0.016256 -0.018420
vn 0.997292 0.048665 -0.055144
vn 0.999698 0.016256 -0.018420
vn 0.997292 0.048665 -0.055144
vn 0.359810 0.770902 -0.525592
vn 0.359812 0.770901 -0.525592
vn 0.870020 0.361406 -0.335336
vn 0.870020 0.361407 -0.335337
vn 0.575709 0.651779 -0.493703
vn 0.575711 0.651778 -0.493703
vn 0.615090 0.628505 -0.476074
vn 0.963749 0.186297 -0.191001
vn 0.170911 0.840736 -0.513763
vn 0.170917 0.840735 -0.513763
vn 0.757115 0.500442 -0.419921
vn 0.757114 0.500444 -0.419922
vn 0.405133 0.755395 -0.515020
vn 0.405134 0.755395 -0.515020
vn 0.893168 0.329670 -0.305889
vn 0.893168 0.329670 -0.305889
vn 0.615089 0.628505 -0.476074
vn 0.653086 0.603655 -0.457251
vn 0.975689 0.153025 -0.156888
vn 0.985265 0.119423 -0.122438
vn 0.975689 0.153025 -0.156889
vn 0.219038 0.832569 -0.508774
vn 0.219035 0.832570 -0.508774
vn 0.788253 0.471386 -0.395540
vn 0.788253 0.471387 -0.395540
vn 0.449498 0.738064 -0.503203
vn 0.449496 0.738065 -0.503204
vn 0.914166 0.297135 -0.275701
vn 0.914166 0.297135 -0.275701
vn 0.073542 0.875844 -0.476958
vn 0.024534 0.877958 -0.478109
vn 0.653087 0.603655 -0.457251
vn 0.985265 0.119423 -0.122438
vn 0.266632 0.822400 -0.502559
vn 0.313600 0.810247 -0.495131
vn 0.266622 0.822403 -0.502559
vn 0.817491 0.441196 -0.370208
vn 0.817491 0.441197 -0.370208
vn 0.492784 0.718953 -0.490173
vn 0.492785 0.718953 -0.490173
vn 0.932972 0.263861 -0.244828
vn 0.932972 0.263861 -0.244827
vn 0.073538 0.875844 -0.476959
vn 0.689414 0.577417 -0.437376
vn 0.689413 0.577418 -0.437377
vn 0.997292 0.051353 -0.052649
vn 0.992475 0.085497 -0.087656
vn 0.992475 0.085497 -0.087656
vn 0.359810 0.796142 -0.486512
vn 0.313596 0.810248 -0.495132
vn 0.844766 0.409938 -0.343979
vn 0.844765 0.409939 -0.343979
vn 0.534857 0.698125 -0.475973
vn 0.534860 0.698122 -0.475972
vn 0.949500 0.230008 -0.213416
vn 0.949500 0.230007 -0.213415
vn 0.122377 0.871621 -0.474659
vn 0.122374 0.871621 -0.474659
vn 0.724143 0.549742 -0.416413
vn 0.724144 0.549742 -0.416413
vn 0.997292 0.051353 -0.052649
vn 0.999698 0.017154 -0.017587
vn 0.999698 0.017154 -0.017587
vn 0.359810 0.796142 -0.486513
vn 0.870020 0.377673 -0.316905
vn 0.870020 0.377673 -0.316905
vn 0.575714 0.675575 -0.460600
vn 0.575711 0.675577 -0.460600
vn 0.963749 0.195586 -0.181477
vn 0.963749 0.195587 -0.181478
vn 0.170912 0.865300 -0.471217
vn 0.170907 0.865301 -0.471217
vn 0.757114 0.520753 -0.394455
vn 0.757115 0.520752 -0.394454
vn 0.449498 0.762229 -0.465788
vn 0.405134 0.780128 -0.476726
vn 0.405136 0.780127 -0.476726
vn 0.893168 0.344507 -0.289076
vn 0.893168 0.344509 -0.289077
vn 0.615089 0.651454 -0.444154
vn 0.615089 0.651455 -0.444154
vn 0.975689 0.160655 -0.149066
vn 0.975689 0.160654 -0.149066
vn 0.219037 0.856895 -0.466641
vn 0.219035 0.856896 -0.466641
vn 0.817491 0.459101 -0.347756
vn 0.788253 0.490516 -0.371551
vn 0.788253 0.490517 -0.371552
vn 0.492785 0.742492 -0.453728
vn 0.449497 0.762229 -0.465789
vn 0.914166 0.310508 -0.260547
vn 0.914166 0.310508 -0.260547
vn 0.024534 0.900697 -0.433754
vn 0.024537 0.900697 -0.433754
vn 0.653087 0.625697 -0.426593
vn 0.653086 0.625698 -0.426593
vn 0.985265 0.125377 -0.116333
vn 0.985265 0.125378 -0.116334
vn 0.266632 0.846429 -0.460940
vn 0.266633 0.846428 -0.460940
vn 0.817491 0.459102 -0.347756
vn 0.492785 0.742492 -0.453728
vn 0.932972 0.275737 -0.231370
vn 0.932972 0.275737 -0.231371
vn 0.073538 0.898529 -0.432709
vn 0.073540 0.898529 -0.432709
vn 0.689413 0.598502 -0.408051
vn 0.689413 0.598501 -0.408051
vn 0.997292 0.053913 -0.050024
vn 0.992475 0.089760 -0.083285
vn 0.992475 0.089760 -0.083285
vn 0.313597 0.833921 -0.454129
vn 0.313595 0.833921 -0.454129
vn 0.844766 0.426575 -0.323118
vn 0.844766 0.426574 -0.323118
vn 0.534858 0.720981 -0.440583
vn 0.534857 0.720982 -0.440583
vn 0.575714 0.697694 -0.426352
vn 0.949500 0.240359 -0.201685
vn 0.949500 0.240359 -0.201685
vn 0.122370 0.894198 -0.430623
vn 0.122377 0.894196 -0.430624
vn 0.724145 0.569814 -0.388493
vn 0.724144 0.569815 -0.388493
vn 0.999698 0.018009 -0.016710
vn 0.999698 0.018009 -0.016710
vn 0.997292 0.053913 -0.050024
vn 0.359810 0.819404 -0.446222
vn 0.359815 0.819402 -0.446222
vn 0.893168 0.358489 -0.271545
vn 0.870020 0.393000 -0.297686
vn 0.870020 0.392999 -0.297686
vn 0.615089 0.672783 -0.411131
vn 0.575709 0.697697 -0.426355
vn 0.963749 0.204389 -0.171503
vn 0.963749 0.204390 -0.171503
vn 0.170907 0.887714 -0.427499
vn 0.170920 0.887710 -0.427500
vn 0.757115 0.539767 -0.368007
vn 0.757115 0.539767 -0.368007
vn 0.405136 0.802920 -0.437247
vn 0.405129 0.802923 -0.437247
vn 0.893168 0.358489 -0.271545
vn 0.615093 0.672781 -0.411128
vn 0.975689 0.167885 -0.140872
vn 0.975689 0.167885 -0.140872
vn 0.219037 0.879091 -0.423347
vn 0.219036 0.879091 -0.423347
vn 0.788253 0.508427 -0.346640
vn 0.788252 0.508428 -0.346640
vn 0.449497 0.784499 -0.427216
vn 0.449493 0.784501 -0.427216
vn 0.914167 0.323108 -0.244745
vn 0.932972 0.286927 -0.217338
vn 0.914166 0.323110 -0.244746
vn 0.024537 0.921199 -0.388318
vn 0.024537 0.921199 -0.388318
vn 0.073540 0.918981 -0.387383
vn 0.653086 0.646183 -0.394874
vn 0.689413 0.618097 -0.377711
vn 0.653086 0.646184 -0.394874
vn 0.985265 0.131021 -0.109939
vn 0.985265 0.131021 -0.109940
vn 0.266633 0.868352 -0.418177
vn 0.266627 0.868354 -0.418176
vn 0.313597 0.855520 -0.411997
vn 0.817491 0.475866 -0.324439
vn 0.817491 0.475865 -0.324439
vn 0.492784 0.764185 -0.416154
vn 0.492784 0.764186 -0.416154
vn 0.932972 0.286927 -0.217339
vn 0.949500 0.250113 -0.189453
vn 0.073543 0.918981 -0.387382
vn 0.689412 0.618098 -0.377712
vn 0.992475 0.093799 -0.078707
vn 0.992475 0.093800 -0.078707
vn 0.313599 0.855520 -0.411997
vn 0.359815 0.840625 -0.404824
vn 0.844766 0.442151 -0.301453
vn 0.844766 0.442151 -0.301453
vn 0.534864 0.742042 -0.404096
vn 0.534858 0.742047 -0.404096
vn 0.949500 0.250113 -0.189454
vn 0.122372 0.914551 -0.385515
vn 0.122370 0.914551 -0.385514
vn 0.757115 0.557440 -0.340644
vn 0.724145 0.588470 -0.359607
vn 0.724145 0.588470 -0.359606
vn 0.999698 0.018820 -0.015792
vn 0.999698 0.019583 -0.014834
vn 0.997292 0.056340 -0.047275
vn 0.999698 0.018820 -0.015791
vn 0.997292 0.056340 -0.047275
vn 0.359813 0.840626 -0.404825
vn 0.870020 0.407350 -0.277726
vn 0.870020 0.407350 -0.277726
vn 0.575709 0.718082 -0.391046
vn 0.575707 0.718084 -0.391047
vn 0.963749 0.212685 -0.161102
vn 0.963749 0.212684 -0.161102
vn 0.170920 0.907916 -0.382720
vn 0.219036 0.899100 -0.379003
vn 0.170911 0.907919 -0.382719
vn 0.757115 0.557439 -0.340644
vn 0.405129 0.823719 -0.396683
vn 0.405128 0.823720 -0.396683
vn 0.893168 0.371579 -0.253338
vn 0.893168 0.371579 -0.253338
vn 0.615093 0.692438 -0.377082
vn 0.615091 0.692440 -0.377082
vn 0.975689 0.174698 -0.132329
vn 0.985265 0.136338 -0.103272
vn 0.975689 0.174698 -0.132329
vn 0.219039 0.899099 -0.379002
vn 0.788251 0.525076 -0.320867
vn 0.788252 0.525075 -0.320866
vn 0.817491 0.491445 -0.300316
vn 0.492784 0.783980 -0.377544
vn 0.449498 0.804818 -0.387581
vn 0.449493 0.804821 -0.387581
vn 0.914167 0.334906 -0.228335
vn 0.914167 0.334907 -0.228336
vn 0.024537 0.939410 -0.341917
vn 0.024537 0.939410 -0.341917
vn 0.653086 0.665062 -0.362174
vn 0.653087 0.665062 -0.362174
vn 0.985265 0.136338 -0.103272
vn 0.266629 0.888118 -0.374373
vn 0.266627 0.888119 -0.374373
vn 0.817491 0.491445 -0.300316
vn 0.492787 0.783979 -0.377543
vn 0.932972 0.297404 -0.202767
vn 0.932972 0.297403 -0.202766
vn 0.073543 0.937148 -0.341095
vn 0.073541 0.937148 -0.341094
vn 0.122372 0.932630 -0.339450
vn 0.689412 0.636157 -0.346433
vn 0.689413 0.636156 -0.346432
vn 0.992475 0.097607 -0.073934
vn 0.992475 0.097606 -0.073934
vn 0.997292 0.058626 -0.044408
vn 0.313599 0.874993 -0.368841
vn 0.313597 0.874993 -0.368840
vn 0.870020 0.420686 -0.257077
vn 0.844766 0.456627 -0.279039
vn 0.844765 0.456628 -0.279040
vn 0.534855 0.761269 -0.366607
vn 0.534864 0.761262 -0.366606
vn 0.575707 0.736682 -0.354769
vn 0.949500 0.259247 -0.176751
vn 0.949500 0.259246 -0.176751
vn 0.122372 0.932630 -0.339450
vn 0.724142 0.605666 -0.329828
vn 0.724145 0.605663 -0.329827
vn 0.997292 0.058626 -0.044408
vn 0.999698 0.019583 -0.014834
vn 0.359807 0.859762 -0.362420
vn 0.359813 0.859759 -0.362420
vn 0.893168 0.383745 -0.234502
vn 0.870021 0.420685 -0.257075
vn 0.575711 0.736680 -0.354767
vn 0.615091 0.710375 -0.342099
vn 0.963749 0.220450 -0.150300
vn 0.963749 0.220450 -0.150300
vn 0.170911 0.925866 -0.336988
vn 0.170911 0.925866 -0.336988
vn 0.219039 0.916873 -0.333715
vn 0.757115 0.573726 -0.312435
vn 0.757117 0.573724 -0.312434
vn 0.405128 0.842469 -0.355130
vn 0.405136 0.842465 -0.355130
vn 0.893168 0.383744 -0.234501
vn 0.653087 0.682289 -0.328573
vn 0.615092 0.710374 -0.342098
vn 0.975689 0.181077 -0.123456
vn 0.975689 0.181077 -0.123456
vn 0.219042 0.916873 -0.333714
vn 0.788252 0.540416 -0.294295
vn 0.788251 0.540417 -0.294295
vn 0.492787 0.801823 -0.337997
vn 0.449495 0.823139 -0.346981
vn 0.449498 0.823137 -0.346982
vn 0.914167 0.345872 -0.211358
vn 0.932972 0.307140 -0.187690
vn 0.914166 0.345873 -0.211359
vn 0.024537 0.955285 -0.294666
vn 0.024536 0.955285 -0.294666
vn 0.653083 0.682291 -0.328575
vn 0.985265 0.141316 -0.096347
vn 0.985265 0.141316 -0.096347
vn 0.313597 0.892291 -0.324767
vn 0.266629 0.905675 -0.329639
vn 0.266627 0.905676 -0.329639
vn 0.817491 0.505804 -0.275446
vn 0.817491 0.505804 -0.275446
vn 0.492783 0.801824 -0.337998
vn 0.932972 0.307140 -0.187689
vn 0.073541 0.952985 -0.293957
vn 0.073539 0.952985 -0.293957
vn 0.689416 0.652631 -0.314291
vn 0.689413 0.652634 -0.314292
vn 0.724142 0.621354 -0.299228
vn 0.992475 0.101170 -0.068977
vn 0.992475 0.101171 -0.068977
vn 0.313600 0.892290 -0.324766
vn 0.359807 0.876758 -0.319113
vn 0.844767 0.469966 -0.255930
vn 0.844765 0.469970 -0.255931
vn 0.534855 0.778596 -0.328205
vn 0.534864 0.778590 -0.328204
vn 0.949500 0.267734 -0.163609
vn 0.949500 0.267735 -0.163609
vn 0.963749 0.227668 -0.139125
vn 0.122370 0.948391 -0.292540
vn 0.122372 0.948391 -0.292541
vn 0.724144 0.621352 -0.299227
vn 0.997292 0.060767 -0.041430
vn 0.999698 0.020298 -0.013839
vn 0.999698 0.020963 -0.012810
vn 0.999698 0.020298 -0.013839
vn 0.997292 0.060767 -0.041430
vn 0.359810 0.876758 -0.319113
vn 0.870021 0.432976 -0.235786
vn 0.870019 0.432979 -0.235787
vn 0.575706 0.753452 -0.317605
vn 0.575711 0.753448 -0.317605
vn 0.963749 0.227667 -0.139124
vn 0.170914 0.941512 -0.290419
vn 0.170911 0.941513 -0.290418
vn 0.757116 0.588586 -0.283448
vn 0.757117 0.588585 -0.283447
vn 0.405133 0.859122 -0.312694
vn 0.405136 0.859120 -0.312694
vn 0.893168 0.394956 -0.215082
vn 0.893168 0.394957 -0.215082
vn 0.615092 0.726543 -0.306263
vn 0.615094 0.726541 -0.306263
vn 0.985265 0.145943 -0.089184
vn 0.975689 0.187006 -0.114277
vn 0.975689 0.187006 -0.114277
vn 0.219042 0.932367 -0.287598
vn 0.219038 0.932368 -0.287598
vn 0.817491 0.518905 -0.249891
vn 0.788252 0.554414 -0.266991
vn 0.788253 0.554413 -0.266991
vn 0.449496 0.839411 -0.305521
vn 0.449493 0.839412 -0.305521
vn 0.914167 0.355977 -0.193855
vn 0.914166 0.355979 -0.193855
vn 0.024536 0.968786 -0.246683
vn 0.073539 0.966453 -0.246089
vn 0.024535 0.968786 -0.246683
vn 0.653083 0.697822 -0.294156
vn 0.653082 0.697822 -0.294156
vn 0.992475 0.104483 -0.063848
vn 0.985265 0.145943 -0.089184
vn 0.266631 0.920979 -0.284085
vn 0.313600 0.907369 -0.279886
vn 0.266627 0.920981 -0.284085
vn 0.817490 0.518907 -0.249893
vn 0.492783 0.817676 -0.297610
vn 0.492781 0.817677 -0.297610
vn 0.932972 0.316114 -0.172147
vn 0.932972 0.316116 -0.172147
vn 0.073537 0.966453 -0.246089
vn 0.689416 0.667486 -0.281368
vn 0.689417 0.667485 -0.281368
vn 0.992475 0.104483 -0.063848
vn 0.313596 0.907370 -0.279888
vn 0.844767 0.482139 -0.232187
vn 0.844766 0.482141 -0.232187
vn 0.534864 0.793982 -0.288986
vn 0.575706 0.768346 -0.279656
vn 0.534863 0.793982 -0.288986
vn 0.949500 0.275557 -0.150061
vn 0.949500 0.275556 -0.150060
vn 0.122370 0.961794 -0.244903
vn 0.122370 0.961794 -0.244903
vn 0.724144 0.635496 -0.267883
vn 0.724144 0.635495 -0.267883
vn 0.997292 0.062756 -0.038349
vn 0.999698 0.020963 -0.012810
vn 0.997292 0.062756 -0.038349
vn 0.359814 0.891572 -0.275015
vn 0.359810 0.891574 -0.275014
vn 0.870021 0.444190 -0.213911
vn 0.870019 0.444194 -0.213912
vn 0.893168 0.405187 -0.195127
vn 0.575707 0.768346 -0.279655
vn 0.615094 0.740904 -0.269667
vn 0.963749 0.234319 -0.127603
vn 0.963749 0.234319 -0.127603
vn 0.170919 0.954817 -0.243126
vn 0.170914 0.954818 -0.243126
vn 0.757114 0.601985 -0.253757
vn 0.757116 0.601983 -0.253757
vn 0.405133 0.873640 -0.269482
vn 0.449494 0.853597 -0.263300
vn 0.405133 0.873640 -0.269482
vn 0.893168 0.405187 -0.195128
vn 0.615095 0.740904 -0.269667
vn 0.975689 0.192470 -0.104813
vn 0.975689 0.192469 -0.104813
vn 0.219033 0.945546 -0.240765
vn 0.219038 0.945545 -0.240765
vn 0.788253 0.567032 -0.239024
vn 0.788254 0.567031 -0.239023
vn 0.492781 0.831495 -0.256483
vn 0.449492 0.853598 -0.263301
vn 0.914167 0.365197 -0.175870
vn 0.914166 0.365199 -0.175870
vn 0.024535 0.979877 -0.198087
vn 0.024536 0.979877 -0.198087
vn 0.689417 0.680680 -0.247747
vn 0.653082 0.711617 -0.259007
vn 0.653084 0.711616 -0.259007
vn 0.985265 0.150207 -0.081798
vn 0.985265 0.150207 -0.081798
vn 0.266631 0.933995 -0.237826
vn 0.266625 0.933997 -0.237825
vn 0.817490 0.530718 -0.223716
vn 0.817490 0.530718 -0.223716
vn 0.492784 0.831494 -0.256482
vn 0.932972 0.324303 -0.156176
vn 0.932972 0.324302 -0.156176
vn 0.949500 0.282694 -0.136138
vn 0.073537 0.977519 -0.197610
vn 0.073539 0.977518 -0.197610
vn 0.724144 0.648058 -0.235874
vn 0.689416 0.680681 -0.247748
vn 0.992475 0.107535 -0.058561
vn 0.992475 0.107535 -0.058561
vn 0.313596 0.920194 -0.234310
vn 0.313602 0.920191 -0.234311
vn 0.844766 0.493115 -0.207865
vn 0.844765 0.493116 -0.207865
vn 0.534863 0.807400 -0.249050
vn 0.534861 0.807402 -0.249050
vn 0.949500 0.282694 -0.136138
vn 0.170919 0.965750 -0.195230
vn 0.122370 0.972806 -0.196656
vn 0.122375 0.972805 -0.196657
vn 0.724142 0.648059 -0.235875
vn 0.997292 0.064590 -0.035174
vn 0.997292 0.064590 -0.035174
vn 0.999698 0.021576 -0.011749
vn 0.999698 0.021575 -0.011749
vn 0.359816 0.904172 -0.230230
vn 0.359814 0.904172 -0.230230
vn 0.870020 0.454303 -0.191504
vn 0.870021 0.454300 -0.191504
vn 0.575707 0.781330 -0.241007
vn 0.575713 0.781326 -0.241008
vn 0.963749 0.240389 -0.115765
vn 0.975689 0.197455 -0.095089
vn 0.963749 0.240388 -0.115765
vn 0.170910 0.965751 -0.195232
vn 0.219033 0.956371 -0.193336
vn 0.757113 0.613886 -0.223437
vn 0.757114 0.613885 -0.223437
vn 0.405131 0.885987 -0.225600
vn 0.405133 0.885987 -0.225600
vn 0.893168 0.414409 -0.174688
vn 0.893168 0.414410 -0.174688
vn 0.615090 0.753428 -0.232401
vn 0.615095 0.753424 -0.232401
vn 0.985265 0.154097 -0.074209
vn 0.975689 0.197455 -0.095089
vn 0.219035 0.956371 -0.193335
vn 0.817490 0.541209 -0.196984
vn 0.788254 0.578240 -0.210463
vn 0.788255 0.578239 -0.210463
vn 0.449489 0.865663 -0.220425
vn 0.449492 0.865661 -0.220425
vn 0.914166 0.373511 -0.157448
vn 0.914167 0.373510 -0.157448
vn 0.024536 0.988533 -0.148998
vn 0.024528 0.988533 -0.148997
vn 0.024528 0.994731 -0.099539
vn 0.689416 0.692184 -0.213511
vn 0.653084 0.723641 -0.223214
vn 0.653083 0.723642 -0.223214
vn 0.985265 0.154098 -0.074210
vn 0.313602 0.930727 -0.188150
vn 0.266631 0.944689 -0.190973
vn 0.266625 0.944691 -0.190972
vn 0.817489 0.541210 -0.196985
vn 0.492783 0.843245 -0.214716
vn 0.492789 0.843241 -0.214716
vn 0.932972 0.331684 -0.139817
vn 0.932972 0.331686 -0.139817
vn 0.073539 0.986154 -0.148638
vn 0.073546 0.986153 -0.148639
vn 0.689415 0.692185 -0.213511
vn 0.997292 0.066263 -0.031910
vn 0.992475 0.110321 -0.053128
vn 0.992475 0.110320 -0.053128
vn 0.313602 0.930727 -0.188150
vn 0.844765 0.502865 -0.183027
vn 0.844768 0.502860 -0.183027
vn 0.534861 0.818812 -0.208496
vn 0.534857 0.818815 -0.208495
vn 0.949500 0.289128 -0.121878
vn 0.949500 0.289128 -0.121878
vn 0.122369 0.981400 -0.147921
vn 0.122375 0.981399 -0.147923
vn 0.724142 0.659011 -0.203278
vn 0.724144 0.659009 -0.203278
vn 0.999698 0.022134 -0.010659
vn 0.999698 0.022134 -0.010659
vn 0.997292 0.066263 -0.031911
vn 0.359807 0.914527 -0.184875
vn 0.359816 0.914524 -0.184876
vn 0.870020 0.463284 -0.168621
vn 0.893168 0.422601 -0.153814
vn 0.870019 0.463285 -0.168622
vn 0.575711 0.792369 -0.201762
vn 0.575713 0.792368 -0.201762
vn 0.963749 0.245860 -0.103639
vn 0.963749 0.245860 -0.103639
vn 0.219035 0.964819 -0.145423
vn 0.170913 0.974281 -0.146850
vn 0.170910 0.974282 -0.146849
vn 0.757115 0.624258 -0.192558
vn 0.757113 0.624261 -0.192558
vn 0.449489 0.875574 -0.177002
vn 0.405130 0.896131 -0.181158
vn 0.405131 0.896131 -0.181158
vn 0.893168 0.422601 -0.153814
vn 0.615090 0.764075 -0.194558
vn 0.615090 0.764076 -0.194558
vn 0.975689 0.201949 -0.085129
vn 0.975689 0.201950 -0.085129
vn 0.219039 0.964818 -0.145422
vn 0.788255 0.588011 -0.181377
vn 0.788252 0.588014 -0.181378
vn 0.449495 0.875571 -0.177000
vn 0.932972 0.338242 -0.123111
vn 0.914165 0.380897 -0.138635
vn 0.914167 0.380893 -0.138635
vn 0.073546 0.992336 -0.099298
vn 0.024533 0.994731 -0.099538
vn 0.653084 0.733869 -0.186866
vn 0.653088 0.733865 -0.186866
vn 0.985265 0.157605 -0.066436
vn 0.985265 0.157606 -0.066436
vn 0.266631 0.953034 -0.143646
vn 0.266631 0.953034 -0.143646
vn 0.817489 0.550356 -0.169762
vn 0.844768 0.511359 -0.157733
vn 0.817490 0.550355 -0.169762
vn 0.492789 0.852896 -0.172417
vn 0.492787 0.852897 -0.172417
vn 0.932973 0.338239 -0.123108
vn 0.949500 0.294844 -0.107314
vn 0.073540 0.992336 -0.099299
vn 0.689415 0.701967 -0.178743
vn 0.689413 0.701969 -0.178743
vn 0.992475 0.112832 -0.047563
vn 0.992475 0.112832 -0.047563
vn 0.313602 0.938949 -0.141525
vn 0.313594 0.938952 -0.141524
vn 0.844768 0.511359 -0.157733
vn 0.534863 0.828186 -0.167422
vn 0.575711 0.801441 -0.162014
vn 0.534857 0.828190 -0.167421
vn 0.963749 0.250721 -0.091255
vn 0.949499 0.294846 -0.107315
vn 0.122373 0.987552 -0.098821
vn 0.122369 0.987553 -0.098820
vn 0.724143 0.668324 -0.170176
vn 0.724144 0.668323 -0.170176
vn 0.999698 0.022638 -0.009543
vn 0.997292 0.067771 -0.028568
vn 0.999698 0.022638 -0.009543
vn 0.997292 0.067771 -0.028568
vn 0.359814 0.922603 -0.139061
vn 0.359808 0.922605 -0.139060
vn 0.870019 0.471114 -0.145320
vn 0.870019 0.471115 -0.145320
vn 0.575708 0.801444 -0.162015
vn 0.963749 0.250720 -0.091255
vn 0.170913 0.980390 -0.098102
vn 0.219039 0.970868 -0.097149
vn 0.170918 0.980389 -0.098103
vn 0.757115 0.633080 -0.161203
vn 0.757115 0.633080 -0.161203
vn 0.405130 0.904048 -0.136263
vn 0.405130 0.904047 -0.136263
vn 0.893168 0.429742 -0.132558
vn 0.893168 0.429743 -0.132558
vn 0.615091 0.772823 -0.156229
vn 0.615090 0.772824 -0.156229
vn 0.975689 0.205942 -0.074957
vn 0.975689 0.205941 -0.074957
vn 0.985265 0.160721 -0.058498
vn 0.219039 0.970868 -0.097149
vn 0.788254 0.596321 -0.151842
vn 0.788252 0.596324 -0.151842
vn 0.449496 0.883305 -0.133137
vn 0.449495 0.883306 -0.133137
vn 0.914167 0.387330 -0.119476
vn 0.914165 0.387334 -0.119476
vn 0.024530 0.998456 -0.049831
vn 0.024533 0.998456 -0.049831
vn 0.653088 0.742267 -0.150052
vn 0.653086 0.742269 -0.150052
vn 0.689413 0.710006 -0.143530
vn 0.985265 0.160720 -0.058497
vn 0.266620 0.959013 -0.095963
vn 0.266631 0.959009 -0.095965
vn 0.817490 0.558133 -0.142117
vn 0.817491 0.558131 -0.142117
vn 0.492787 0.860431 -0.129689
vn 0.492787 0.860431 -0.129689
vn 0.932973 0.343955 -0.106096
vn 0.932973 0.343956 -0.106096
vn 0.073540 0.996053 -0.049711
vn 0.073542 0.996052 -0.049711
vn 0.689412 0.710007 -0.143531
vn 0.992475 0.115062 -0.041879
vn 0.997292 0.069111 -0.025154
vn 0.992475 0.115062 -0.041879
vn 0.313608 0.944834 -0.094546
vn 0.313594 0.944839 -0.094544
vn 0.844768 0.518586 -0.132048
vn 0.844765 0.518590 -0.132048
vn 0.534863 0.835501 -0.125932
vn 0.534862 0.835502 -0.125931
vn 0.949499 0.299829 -0.092485
vn 0.949500 0.299827 -0.092484
vn 0.122380 0.991250 -0.049471
vn 0.122373 0.991250 -0.049470
vn 0.724145 0.675974 -0.136651
vn 0.724143 0.675976 -0.136651
vn 0.999698 0.023086 -0.008403
vn 0.997292 0.069111 -0.025154
vn 0.999698 0.023086 -0.008402
vn 0.359813 0.928388 -0.092899
vn 0.359806 0.928391 -0.092898
vn 0.870019 0.477773 -0.121656
vn 0.870019 0.477773 -0.121656
vn 0.575708 0.808523 -0.121865
vn 0.575711 0.808521 -0.121865
vn 0.963749 0.254957 -0.078644
vn 0.963749 0.254957 -0.078644
vn 0.170918 0.984060 -0.049112
vn 0.170911 0.984062 -0.049111
vn 0.788254 0.603149 -0.121929
vn 0.757115 0.640329 -0.129445
vn 0.757115 0.640329 -0.129445
vn 0.405130 0.909716 -0.091031
vn 0.405130 0.909716 -0.091031
vn 0.893168 0.435817 -0.110972
vn 0.893169 0.435814 -0.110972
vn 0.615088 0.779652 -0.117513
vn 0.615091 0.779649 -0.117514
vn 0.975689 0.209423 -0.064598
vn 0.975689 0.209422 -0.064598
vn 0.219039 0.974503 -0.048636
vn 0.219039 0.974503 -0.048635
vn 0.788252 0.603152 -0.121930
vn 0.817491 0.564521 -0.114121
vn 0.449497 0.888843 -0.088942
vn 0.449496 0.888844 -0.088942
vn 0.914166 0.392807 -0.100020
vn 0.914167 0.392804 -0.100020
vn 0.024530 0.999699 0.000000
vn 0.024530 0.999699 0.000000
vn 0.653086 0.748825 -0.112867
vn 0.653088 0.748824 -0.112867
vn 0.985265 0.163437 -0.050413
vn 0.985265 0.163437 -0.050413
vn 0.266627 0.962602 -0.048042
vn 0.266620 0.962604 -0.048040
vn 0.313608 0.948372 -0.047330
vn 0.817490 0.564523 -0.114122
vn 0.492788 0.865826 -0.086639
vn 0.492787 0.865826 -0.086639
vn 0.932972 0.348819 -0.088820
vn 0.932973 0.348817 -0.088820
vn 0.073542 0.997292 0.000000
vn 0.073542 0.997292 0.000000
vn 0.689410 0.716281 -0.107962
vn 0.689412 0.716278 -0.107962
vn 0.992475 0.117007 -0.036092
vn 0.992475 0.117007 -0.036092
vn 0.359806 0.931867 -0.046509
vn 0.313598 0.948376 -0.047332
vn 0.870019 0.483243 -0.097690
vn 0.844767 0.524523 -0.106036
vn 0.844765 0.524527 -0.106035
vn 0.534862 0.840741 -0.084129
vn 0.575711 0.813590 -0.081412
vn 0.534859 0.840743 -0.084129
vn 0.949500 0.304065 -0.077425
vn 0.949500 0.304063 -0.077425
vn 0.122380 0.992483 0.000000
vn 0.122380 0.992483 0.000000
vn 0.724145 0.681945 -0.102787
vn 0.724145 0.681945 -0.102787
vn 0.999698 0.023476 -0.007241
vn 0.997292 0.070279 -0.021678
vn 0.997292 0.070279 -0.021678
vn 0.999698 0.023476 -0.007241
vn 0.359814 0.931864 -0.046507
vn 0.870019 0.483243 -0.097689
vn 0.575709 0.813591 -0.081413
vn 0.963749 0.258560 -0.065838
vn 0.963749 0.258562 -0.065838
vn 0.170911 0.985286 0.000000
vn 0.170911 0.985286 0.000000
vn 0.757115 0.645985 -0.097367
vn 0.757114 0.645986 -0.097367
vn 0.405132 0.913122 -0.045571
vn 0.449497 0.892171 -0.044525
vn 0.405130 0.913123 -0.045571
vn 0.893169 0.440805 -0.089110
vn 0.893169 0.440804 -0.089111
vn 0.615091 0.784538 -0.078505
vn 0.615088 0.784541 -0.078505
vn 0.975689 0.212383 -0.054079
vn 0.975690 0.212380 -0.054079
vn 0.219039 0.975716 0.000000
vn 0.219039 0.975716 0.000000
vn 0.266627 0.963800 0.000000
vn 0.788252 0.608480 -0.091713
vn 0.788255 0.608475 -0.091714
vn 0.449489 0.892175 -0.044527
vn 0.914166 0.397304 -0.080317
vn 0.914166 0.397303 -0.080317
vn 0.024533 0.998456 0.049831
vn 0.024530 0.998456 0.049831
vn 0.073542 0.996052 0.049711
vn 0.653084 0.753522 -0.075401
vn 0.653088 0.753518 -0.075402
vn 0.985265 0.165747 -0.042204
vn 0.985265 0.165746 -0.042204
vn 0.266627 0.963800 0.000000
vn 0.817490 0.569510 -0.085840
vn 0.817489 0.569512 -0.085840
vn 0.492787 0.869068 -0.043374
vn 0.492788 0.869068 -0.043374
vn 0.949500 0.307545 -0.062171
vn 0.932972 0.352812 -0.071322
vn 0.932972 0.352812 -0.071322
vn 0.073540 0.996053 0.049711
vn 0.689413 0.720769 -0.072125
vn 0.689410 0.720772 -0.072124
vn 0.992475 0.118660 -0.030215
vn 0.992475 0.118660 -0.030215
vn 0.313598 0.949556 0.000000
vn 0.313598 0.949556 0.000000
vn 0.844767 0.529157 -0.079758
vn 0.844766 0.529158 -0.079758
vn 0.534859 0.843891 -0.042117
vn 0.575709 0.816638 -0.040757
vn 0.534860 0.843890 -0.042117
vn 0.963749 0.261522 -0.052868
vn 0.949500 0.307546 -0.062172
vn 0.170911 0.984062 0.049111
vn 0.122380 0.991250 0.049470
vn 0.122373 0.991250 0.049471
vn 0.724145 0.686221 -0.068667
vn 0.724145 0.686221 -0.068667
vn 0.997292 0.071272 -0.018148
vn 0.997292 0.071272 -0.018148
vn 0.999698 0.023807 -0.006062
vn 0.999698 0.023807 -0.006062
vn 0.359814 0.933024 0.000000
vn 0.359814 0.933024 0.000000
vn 0.870019 0.487512 -0.073480
vn 0.870020 0.487510 -0.073480
vn 0.575714 0.816635 -0.040756
vn 0.975690 0.214812 -0.043425
vn 0.963749 0.261520 -0.052867
vn 0.170918 0.984060 0.049112
vn 0.757114 0.650037 -0.065046
vn 0.757114 0.650036 -0.065046
vn 0.405132 0.914258 0.000000
vn 0.405132 0.914258 0.000000
vn 0.893169 0.444699 -0.067028
vn 0.893168 0.444700 -0.067028
vn 0.615091 0.787476 -0.039301
vn 0.615089 0.787478 -0.039301
vn 0.975689 0.214814 -0.043426
vn 0.219039 0.974503 0.048635
vn 0.219039 0.974503 0.048636
vn 0.266627 0.962602 0.048042
vn 0.788252 0.612295 -0.061269
vn 0.788255 0.612291 -0.061270
vn 0.817489 0.573082 -0.057347
vn 0.449489 0.893286 0.000000
vn 0.449489 0.893286 0.000000
vn 0.914166 0.400814 -0.060413
vn 0.914166 0.400813 -0.060413
vn 0.024528 0.994731 0.099539
vn 0.024533 0.994731 0.099538
vn 0.653083 0.756345 -0.037748
vn 0.653084 0.756344 -0.037748
vn 0.689413 0.723468 -0.036107
vn 0.985265 0.167643 -0.033890
vn 0.985265 0.167644 -0.033890
vn 0.992475 0.120019 -0.024262
vn 0.266620 0.962604 0.048040
vn 0.313598 0.948376 0.047330
vn 0.817493 0.573077 -0.057345
vn 0.492787 0.870150 0.000000
vn 0.492787 0.870150 0.000000
vn 0.932972 0.355927 -0.053648
vn 0.932972 0.355928 -0.053648
vn 0.073546 0.992336 0.099298
vn 0.073540 0.992336 0.099299
vn 0.689416 0.723465 -0.036106
vn 0.992475 0.120019 -0.024262
vn 0.313608 0.948372 0.047332
vn 0.870020 0.490566 -0.049089
vn 0.844766 0.532476 -0.053283
vn 0.844764 0.532479 -0.053282
vn 0.534860 0.844941 0.000000
vn 0.534860 0.844941 0.000000
vn 0.949500 0.310263 -0.046764
vn 0.949500 0.310261 -0.046764
vn 0.122373 0.987552 0.098820
vn 0.122369 0.987553 0.098821
vn 0.724145 0.688791 -0.034376
vn 0.724143 0.688792 -0.034375
vn 0.999698 0.024080 -0.004868
vn 0.997292 0.072088 -0.014573
vn 0.999698 0.024080 -0.004868
vn 0.997292 0.072088 -0.014573
vn 0.359806 0.931867 0.046509
vn 0.359814 0.931864 0.046507
vn 0.870021 0.490565 -0.049088
vn 0.575714 0.817651 0.000000
vn 0.575714 0.817651 0.000000
vn 0.963749 0.263830 -0.039766
vn 0.963749 0.263831 -0.039766
vn 0.170918 0.980389 0.098102
vn 0.170913 0.980390 0.098103
vn 0.757114 0.652471 -0.032563
vn 0.788252 0.614588 -0.030672
vn 0.757115 0.652469 -0.032563
vn 0.405132 0.913122 0.045571
vn 0.449489 0.892175 0.044525
vn 0.405130 0.913123 0.045571
vn 0.893167 0.447490 -0.044778
vn 0.893168 0.447488 -0.044778
vn 0.615089 0.788458 0.000000
vn 0.615089 0.788458 0.000000
vn 0.975689 0.216712 -0.032664
vn 0.975689 0.216712 -0.032664
vn 0.219039 0.970868 0.097149
vn 0.219039 0.970868 0.097149
vn 0.788253 0.614586 -0.030672
vn 0.817493 0.575223 -0.028707
vn 0.449497 0.892171 0.044527
vn 0.914167 0.403324 -0.040359
vn 0.914166 0.403327 -0.040359
vn 0.024528 0.988533 0.148998
vn 0.024536 0.988533 0.148997
vn 0.024536 0.979877 0.198087
vn 0.653083 0.757286 0.000000
vn 0.653083 0.757286 0.000000
vn 0.985265 0.169125 -0.025491
vn 0.985265 0.169124 -0.025492
vn 0.266620 0.959012 0.095965
vn 0.266631 0.959009 0.095962
vn 0.817489 0.575228 -0.028709
vn 0.492788 0.869068 0.043374
vn 0.492787 0.869068 0.043374
vn 0.932973 0.358158 -0.035839
vn 0.932972 0.358159 -0.035839
vn 0.073546 0.986153 0.148638
vn 0.073539 0.986153 0.148639
vn 0.689416 0.724365 0.000000
vn 0.689416 0.724365 0.000000
vn 0.992475 0.121078 -0.018250
vn 0.992475 0.121079 -0.018250
vn 0.313594 0.944839 0.094547
vn 0.313608 0.944834 0.094543
vn 0.844764 0.534473 -0.026674
vn 0.844767 0.534469 -0.026675
vn 0.870021 0.492402 -0.024574
vn 0.534860 0.843890 0.042117
vn 0.534859 0.843891 0.042118
vn 0.575714 0.816635 0.040757
vn 0.949499 0.312210 -0.031241
vn 0.949500 0.312207 -0.031241
vn 0.122375 0.981399 0.147921
vn 0.122369 0.981399 0.147923
vn 0.724144 0.689649 0.000000
vn 0.724143 0.689649 0.000000
vn 0.999698 0.024293 -0.003662
vn 0.997292 0.072725 -0.010962
vn 0.997292 0.072725 -0.010962
vn 0.999698 0.024293 -0.003662
vn 0.999698 0.024445 -0.002446
vn 0.359813 0.928388 0.092898
vn 0.359806 0.928391 0.092900
vn 0.870020 0.492404 -0.024575
vn 0.575709 0.816638 0.040756
vn 0.963749 0.265483 -0.026566
vn 0.975689 0.218071 -0.021821
vn 0.963749 0.265485 -0.026566
vn 0.170910 0.974282 0.146850
vn 0.170913 0.974281 0.146849
vn 0.757115 0.653281 0.000000
vn 0.757115 0.653281 0.000000
vn 0.405130 0.909716 0.091031
vn 0.405130 0.909716 0.091031
vn 0.893167 0.449166 -0.022417
vn 0.893168 0.449164 -0.022417
vn 0.615089 0.787478 0.039301
vn 0.615091 0.787476 0.039301
vn 0.975689 0.218070 -0.021821
vn 0.219039 0.964818 0.145422
vn 0.219035 0.964819 0.145423
vn 0.788253 0.615351 0.000000
vn 0.788253 0.615351 0.000000
vn 0.449497 0.888843 0.088942
vn 0.449496 0.888844 0.088942
vn 0.914165 0.404837 -0.020204
vn 0.914167 0.404834 -0.020205
vn 0.024535 0.979877 0.198087
vn 0.073539 0.977518 0.197610
vn 0.653083 0.756345 0.037748
vn 0.689416 0.723465 0.036107
vn 0.653084 0.756344 0.037748
vn 0.985265 0.170184 -0.017029
vn 0.985265 0.170185 -0.017029
vn 0.266631 0.953034 0.143646
vn 0.266631 0.953034 0.143646
vn 0.817489 0.575944 0.000000
vn 0.817489 0.575944 0.000000
vn 0.492788 0.865826 0.086638
vn 0.492787 0.865826 0.086639
vn 0.932973 0.359499 -0.017942
vn 0.949499 0.313379 -0.015640
vn 0.932973 0.359498 -0.017942
vn 0.073537 0.977519 0.197610
vn 0.689413 0.723468 0.036106
vn 0.992475 0.121839 -0.012192
vn 0.992475 0.121838 -0.012192
vn 0.313602 0.938949 0.141523
vn 0.313593 0.938951 0.141525
vn 0.844767 0.535135 0.000000
vn 0.844767 0.535135 0.000000
vn 0.534862 0.840741 0.084128
vn 0.534859 0.840743 0.084129
vn 0.949499 0.313379 -0.015640
vn 0.963749 0.266478 -0.013299
vn 0.170910 0.965751 0.195230
vn 0.122375 0.972806 0.196656
vn 0.122370 0.972806 0.196657
vn 0.724145 0.688791 0.034375
vn 0.724144 0.688792 0.034376
vn 0.999698 0.024537 -0.001225
vn 0.997292 0.073180 -0.007323
vn 0.997292 0.073181 -0.007323
vn 0.999698 0.024445 -0.002446
vn 0.359813 0.922603 0.139060
vn 0.359807 0.922605 0.139061
vn 0.870020 0.493017 0.000000
vn 0.870020 0.493017 0.000000
vn 0.575711 0.813590 0.081412
vn 0.575709 0.813591 0.081413
vn 0.975689 0.218887 -0.010924
vn 0.963749 0.266479 -0.013300
vn 0.170919 0.965749 0.195231
vn 0.757114 0.652471 0.032563
vn 0.757115 0.652469 0.032563
vn 0.405130 0.904047 0.136263
vn 0.405130 0.904047 0.136263
vn 0.893168 0.449723 0.000000
vn 0.893168 0.449723 0.000000
vn 0.615091 0.784538 0.078505
vn 0.615088 0.784541 0.078506
vn 0.975689 0.218886 -0.010924
vn 0.985265 0.170822 -0.008525
vn 0.219035 0.956371 0.193335
vn 0.266631 0.944689 0.190973
vn 0.219033 0.956371 0.193336
vn 0.817489 0.575228 0.028707
vn 0.788253 0.614586 0.030672
vn 0.788252 0.614588 0.030672
vn 0.449496 0.883305 0.133137
vn 0.449495 0.883306 0.133137
vn 0.914165 0.405341 0.000000
vn 0.914165 0.405341 0.000000
vn 0.024535 0.968786 0.246683
vn 0.024536 0.968786 0.246683
vn 0.024536 0.955285 0.294666
vn 0.653084 0.753522 0.075402
vn 0.653088 0.753519 0.075401
vn 0.985265 0.170822 -0.008525
vn 0.266625 0.944691 0.190972
vn 0.313602 0.930727 0.188150
vn 0.844767 0.534469 0.026675
vn 0.817493 0.575223 0.028709
vn 0.492787 0.860431 0.129689
vn 0.492787 0.860431 0.129689
vn 0.932973 0.359946 0.000000
vn 0.932973 0.359946 0.000000
vn 0.073537 0.966453 0.246089
vn 0.073539 0.966453 0.246089
vn 0.689413 0.720769 0.072124
vn 0.689410 0.720772 0.072125
vn 0.992475 0.122295 -0.006104
vn 0.992475 0.122295 -0.006104
vn 0.997292 0.073454 -0.003666
vn 0.313602 0.930727 0.188150
vn 0.844764 0.534473 0.026674
vn 0.534863 0.835501 0.125931
vn 0.534862 0.835502 0.125932
vn 0.949499 0.313769 0.000000
vn 0.949499 0.313769 0.000000
vn 0.122370 0.961794 0.244903
vn 0.122370 0.961794 0.244903
vn 0.724145 0.686221 0.068667
vn 0.724145 0.686221 0.068667
vn 0.997292 0.073455 -0.003666
vn 0.999698 0.024537 -0.001225
vn 0.359816 0.914524 0.184874
vn 0.359807 0.914527 0.184877
vn 0.870021 0.492402 0.024574
vn 0.870020 0.492404 0.024575
vn 0.575708 0.808523 0.121865
vn 0.575711 0.808521 0.121864
vn 0.963749 0.266811 0.000000
vn 0.963749 0.266811 0.000000
vn 0.219033 0.945546 0.240765
vn 0.170919 0.954818 0.243125
vn 0.170914 0.954818 0.243127
vn 0.757114 0.650036 0.065046
vn 0.757114 0.650037 0.065046
vn 0.405130 0.896131 0.181158
vn 0.449495 0.875571 0.177002
vn 0.405131 0.896131 0.181158
vn 0.914165 0.404837 0.020204
vn 0.893168 0.449164 0.022416
vn 0.893167 0.449166 0.022417
vn 0.615091 0.779650 0.117513
vn 0.615087 0.779652 0.117514
vn 0.975689 0.219159 0.000000
vn 0.975689 0.219159 0.000000
vn 0.219038 0.945545 0.240765
vn 0.788252 0.612295 0.061270
vn 0.788255 0.612291 0.061269
vn 0.492787 0.852897 0.172417
vn 0.449489 0.875574 0.177001
vn 0.914167 0.404834 0.020205
vn 0.073539 0.952985 0.293957
vn 0.024537 0.955285 0.294666
vn 0.653086 0.748825 0.112867
vn 0.689410 0.716281 0.107962
vn 0.653088 0.748824 0.112867
vn 0.985265 0.171034 0.000000
vn 0.985265 0.171034 0.000000
vn 0.266625 0.933997 0.237826
vn 0.266631 0.933995 0.237824
vn 0.817493 0.573077 0.057345
vn 0.817489 0.573082 0.057347
vn 0.492789 0.852896 0.172417
vn 0.932973 0.359498 0.017942
vn 0.932973 0.359499 0.017942
vn 0.122370 0.948391 0.292540
vn 0.073541 0.952985 0.293957
vn 0.689412 0.716278 0.107962
vn 0.992475 0.122447 0.000000
vn 0.992475 0.122447 0.000000
vn 0.313596 0.920193 0.234312
vn 0.313602 0.920192 0.234310
vn 0.844766 0.532476 0.053282
vn 0.844764 0.532479 0.053283
vn 0.534857 0.828189 0.167422
vn 0.534863 0.828186 0.167420
vn 0.575708 0.801444 0.162014
vn 0.949499 0.313379 0.015640
vn 0.963749 0.266479 0.013299
vn 0.949499 0.313379 0.015640
vn 0.122372 0.948391 0.292541
vn 0.724145 0.681945 0.102787
vn 0.724145 0.681945 0.102787
vn 0.997292 0.073546 0.000000
vn 0.999698 0.024567 0.000000
vn 0.997292 0.073546 0.000000
vn 0.999698 0.024567 0.000000
vn 0.359814 0.904172 0.230231
vn 0.405131 0.885987 0.225600
vn 0.359816 0.904172 0.230230
vn 0.870020 0.490566 0.049089
vn 0.870021 0.490565 0.049088
vn 0.575711 0.801441 0.162014
vn 0.975689 0.218886 0.010924
vn 0.963749 0.266478 0.013300
vn 0.170911 0.941513 0.290419
vn 0.170914 0.941512 0.290418
vn 0.757115 0.645985 0.097367
vn 0.757114 0.645986 0.097367
vn 0.405133 0.885987 0.225600
vn 0.893168 0.447488 0.044778
vn 0.893167 0.447490 0.044779
vn 0.653086 0.742269 0.150052
vn 0.615091 0.772823 0.156229
vn 0.615090 0.772824 0.156229
vn 0.975689 0.218887 0.010924
vn 0.219038 0.932368 0.287598
vn 0.219042 0.932367 0.287597
vn 0.788255 0.608476 0.091712
vn 0.788252 0.608480 0.091714
vn 0.449489 0.865663 0.220426
vn 0.449492 0.865661 0.220425
vn 0.914167 0.403324 0.040358
vn 0.914166 0.403327 0.040359
vn 0.024537 0.939410 0.341917
vn 0.024537 0.939410 0.341917
vn 0.653088 0.742267 0.150052
vn 0.985265 0.170822 0.008525
vn 0.992475 0.122295 0.006104
vn 0.985265 0.170822 0.008525
vn 0.266631 0.920980 0.284085
vn 0.266627 0.920981 0.284086
vn 0.817489 0.569512 0.085840
vn 0.817490 0.569510 0.085839
vn 0.492789 0.843242 0.214715
vn 0.492784 0.843244 0.214717
vn 0.932973 0.358158 0.035839
vn 0.932973 0.358159 0.035839
vn 0.073543 0.937148 0.341094
vn 0.073541 0.937148 0.341095
vn 0.122372 0.932630 0.339450
vn 0.689412 0.710007 0.143531
vn 0.689413 0.710006 0.143530
vn 0.992475 0.122295 0.006104
vn 0.313596 0.907370 0.279888
vn 0.313600 0.907369 0.279886
vn 0.359814 0.891572 0.275015
vn 0.844767 0.529157 0.079758
vn 0.844766 0.529158 0.079758
vn 0.534861 0.818812 0.208495
vn 0.534857 0.818815 0.208496
vn 0.949500 0.312207 0.031241
vn 0.949499 0.312210 0.031242
vn 0.122372 0.932630 0.339450
vn 0.724145 0.675974 0.136650
vn 0.724143 0.675976 0.136651
vn 0.757115 0.640329 0.129445
vn 0.997292 0.073454 0.003666
vn 0.997292 0.073455 0.003666
vn 0.999698 0.024537 0.001225
vn 0.999698 0.024537 0.001225
vn 0.359810 0.891574 0.275014
vn 0.870019 0.487511 0.073481
vn 0.870020 0.487510 0.073480
vn 0.575711 0.792369 0.201763
vn 0.575713 0.792368 0.201762
vn 0.963749 0.265485 0.026566
vn 0.963749 0.265483 0.026566
vn 0.170911 0.925866 0.336988
vn 0.219042 0.916872 0.333715
vn 0.170911 0.925866 0.336988
vn 0.757115 0.640329 0.129445
vn 0.405133 0.873640 0.269482
vn 0.405133 0.873640 0.269482
vn 0.893168 0.444700 0.067028
vn 0.893169 0.444699 0.067027
vn 0.615090 0.764076 0.194559
vn 0.615090 0.764075 0.194558
vn 0.975689 0.218070 0.021821
vn 0.975689 0.218071 0.021821
vn 0.219039 0.916873 0.333714
vn 0.788252 0.603152 0.121930
vn 0.817490 0.564523 0.114121
vn 0.788254 0.603149 0.121929
vn 0.449492 0.853598 0.263301
vn 0.449494 0.853597 0.263300
vn 0.914166 0.400814 0.060413
vn 0.914166 0.400813 0.060413
vn 0.024537 0.921199 0.388318
vn 0.024537 0.921199 0.388318
vn 0.653088 0.733865 0.186865
vn 0.653083 0.733868 0.186867
vn 0.985265 0.170184 0.017029
vn 0.985265 0.170185 0.017030
vn 0.266629 0.905675 0.329639
vn 0.266627 0.905676 0.329639
vn 0.817491 0.564521 0.114121
vn 0.492783 0.831494 0.256482
vn 0.492781 0.831495 0.256483
vn 0.932972 0.355928 0.053648
vn 0.932972 0.355927 0.053647
vn 0.073543 0.918981 0.387382
vn 0.073540 0.918981 0.387383
vn 0.689415 0.701968 0.178743
vn 0.689413 0.701969 0.178743
vn 0.992475 0.121839 0.012192
vn 0.992475 0.121838 0.012192
vn 0.313600 0.892290 0.324766
vn 0.313597 0.892291 0.324768
vn 0.844765 0.524527 0.106036
vn 0.870019 0.483243 0.097690
vn 0.844767 0.524524 0.106035
vn 0.534863 0.807400 0.249050
vn 0.575713 0.781326 0.241008
vn 0.534861 0.807402 0.249051
vn 0.949500 0.310263 0.046765
vn 0.949500 0.310261 0.046764
vn 0.122372 0.914551 0.385514
vn 0.122370 0.914551 0.385515
vn 0.724143 0.668324 0.170177
vn 0.724144 0.668323 0.170176
vn 0.997292 0.073180 0.007323
vn 0.997292 0.073181 0.007323
vn 0.999698 0.024445 0.002446
vn 0.999698 0.024445 0.002446
vn 0.405133 0.859122 0.312694
vn 0.359810 0.876758 0.319113
vn 0.359807 0.876758 0.319113
vn 0.870019 0.483243 0.097690
vn 0.575707 0.781330 0.241007
vn 0.615090 0.753428 0.232401
vn 0.963749 0.263831 0.039766
vn 0.963749 0.263830 0.039766
vn 0.170920 0.907917 0.382718
vn 0.170911 0.907918 0.382720
vn 0.757115 0.633080 0.161203
vn 0.757115 0.633080 0.161203
vn 0.405136 0.859120 0.312694
vn 0.893169 0.440805 0.089111
vn 0.893169 0.440804 0.089110
vn 0.615095 0.753424 0.232401
vn 0.653083 0.723642 0.223214
vn 0.975689 0.216712 0.032664
vn 0.975689 0.216712 0.032664
vn 0.219036 0.899100 0.379003
vn 0.219039 0.899099 0.379002
vn 0.788254 0.596321 0.151842
vn 0.788252 0.596324 0.151843
vn 0.449495 0.839411 0.305520
vn 0.449494 0.839412 0.305521
vn 0.932972 0.352812 0.071322
vn 0.914166 0.397304 0.080317
vn 0.914166 0.397303 0.080316
vn 0.024537 0.900697 0.433754
vn 0.024534 0.900697 0.433754
vn 0.653084 0.723641 0.223214
vn 0.985265 0.169125 0.025492
vn 0.985265 0.169124 0.025491
vn 0.266629 0.888118 0.374373
vn 0.266627 0.888119 0.374374
vn 0.817490 0.558133 0.142118
vn 0.817491 0.558131 0.142117
vn 0.492783 0.817676 0.297610
vn 0.492781 0.817677 0.297610
vn 0.932972 0.352812 0.071322
vn 0.073540 0.898529 0.432709
vn 0.073538 0.898529 0.432710
vn 0.689415 0.692185 0.213511
vn 0.689416 0.692184 0.213511
vn 0.992475 0.121079 0.018250
vn 0.992475 0.121079 0.018250
vn 0.313599 0.874993 0.368840
vn 0.313597 0.874993 0.368841
vn 0.844768 0.518586 0.132047
vn 0.844765 0.518589 0.132049
vn 0.534864 0.793982 0.288986
vn 0.534863 0.793982 0.288986
vn 0.949500 0.307546 0.062172
vn 0.963749 0.261520 0.052868
vn 0.949500 0.307545 0.062171
vn 0.122377 0.894197 0.430623
vn 0.122370 0.894197 0.430624
vn 0.724144 0.659009 0.203277
vn 0.724142 0.659011 0.203278
vn 0.997292 0.072725 0.010961
vn 0.997292 0.072725 0.010962
vn 0.999698 0.024293 0.003662
vn 0.999698 0.024293 0.003662
vn 0.999698 0.024080 0.004868
vn 0.359812 0.859760 0.362419
vn 0.359807 0.859761 0.362421
vn 0.870019 0.477773 0.121656
vn 0.870019 0.477773 0.121656
vn 0.575706 0.768346 0.279656
vn 0.575707 0.768346 0.279655
vn 0.963749 0.261522 0.052867
vn 0.975689 0.214814 0.043425
vn 0.170907 0.887712 0.427501
vn 0.170920 0.887712 0.427498
vn 0.219036 0.879091 0.423347
vn 0.757113 0.624260 0.192559
vn 0.757115 0.624258 0.192557
vn 0.788252 0.588014 0.181378
vn 0.405128 0.842468 0.355132
vn 0.405136 0.842466 0.355128
vn 0.893168 0.435817 0.110973
vn 0.893169 0.435814 0.110971
vn 0.615095 0.740904 0.269667
vn 0.615094 0.740904 0.269667
vn 0.975690 0.214811 0.043425
vn 0.219037 0.879091 0.423347
vn 0.788255 0.588011 0.181377
vn 0.817490 0.550355 0.169762
vn 0.449495 0.823139 0.346982
vn 0.449498 0.823138 0.346981
vn 0.914166 0.392807 0.100021
vn 0.914167 0.392804 0.100020
vn 0.024534 0.877958 0.478109
vn 0.024536 0.877958 0.478109
vn 0.024536 0.853033 0.521279
vn 0.653082 0.711617 0.259007
vn 0.653084 0.711616 0.259007
vn 0.985265 0.167643 0.033890
vn 0.985265 0.167644 0.033890
vn 0.266633 0.868352 0.418175
vn 0.266627 0.868353 0.418177
vn 0.817489 0.550356 0.169762
vn 0.492783 0.801824 0.337998
vn 0.492787 0.801823 0.337997
vn 0.932972 0.348819 0.088821
vn 0.932973 0.348817 0.088820
vn 0.073538 0.875844 0.476959
vn 0.073542 0.875844 0.476958
vn 0.689416 0.680681 0.247748
vn 0.689417 0.680680 0.247747
vn 0.992475 0.120019 0.024262
vn 0.992475 0.120019 0.024262
vn 0.313597 0.855520 0.411997
vn 0.359813 0.840626 0.404824
vn 0.313599 0.855520 0.411997
vn 0.844768 0.511359 0.157733
vn 0.870019 0.471115 0.145320
vn 0.844768 0.511359 0.157733
vn 0.534855 0.778596 0.328207
vn 0.534864 0.778591 0.328202
vn 0.949500 0.304063 0.077424
vn 0.949500 0.304064 0.077425
vn 0.122377 0.871621 0.474659
vn 0.122374 0.871621 0.474660
vn 0.724142 0.648059 0.235875
vn 0.724144 0.648058 0.235874
vn 0.997292 0.072088 0.014573
vn 0.999698 0.024080 0.004868
vn 0.997292 0.072088 0.014573
vn 0.999698 0.023807 0.006062
vn 0.405128 0.823720 0.396683
vn 0.359815 0.840625 0.404824
vn 0.870019 0.471114 0.145320
vn 0.575706 0.753451 0.317607
vn 0.575711 0.753449 0.317604
vn 0.963749 0.258560 0.065838
vn 0.963749 0.258561 0.065838
vn 0.170912 0.865300 0.471217
vn 0.170907 0.865300 0.471218
vn 0.757113 0.613886 0.223437
vn 0.757114 0.613885 0.223436
vn 0.405129 0.823719 0.396683
vn 0.893168 0.429743 0.132559
vn 0.893168 0.429742 0.132558
vn 0.615092 0.726543 0.306264
vn 0.615094 0.726542 0.306262
vn 0.975689 0.212382 0.054080
vn 0.975690 0.212380 0.054078
vn 0.219035 0.856896 0.466641
vn 0.219037 0.856895 0.466640
vn 0.788254 0.578240 0.210463
vn 0.788255 0.578239 0.210462
vn 0.449493 0.804821 0.387582
vn 0.449498 0.804819 0.387580
vn 0.914165 0.387333 0.119477
vn 0.932973 0.343956 0.106096
vn 0.914167 0.387330 0.119475
vn 0.073542 0.850980 0.520024
vn 0.024533 0.825990 0.563150
vn 0.024533 0.853034 0.521279
vn 0.653083 0.697822 0.294156
vn 0.653082 0.697822 0.294156
vn 0.985265 0.165746 0.042204
vn 0.985265 0.165747 0.042204
vn 0.266632 0.846429 0.460940
vn 0.266633 0.846428 0.460940
vn 0.817489 0.541210 0.196985
vn 0.817490 0.541209 0.196985
vn 0.492787 0.783979 0.377543
vn 0.492784 0.783980 0.377544
vn 0.932973 0.343955 0.106096
vn 0.073543 0.850980 0.520024
vn 0.689417 0.667485 0.281368
vn 0.689416 0.667486 0.281369
vn 0.992475 0.118660 0.030215
vn 0.992475 0.118660 0.030215
vn 0.313595 0.833921 0.454129
vn 0.313597 0.833921 0.454128
vn 0.844768 0.502861 0.183026
vn 0.844765 0.502864 0.183028
vn 0.575711 0.736680 0.354768
vn 0.534855 0.761268 0.366609
vn 0.534864 0.761263 0.366604
vn 0.949499 0.299829 0.092485
vn 0.949500 0.299827 0.092484
vn 0.963749 0.254957 0.078644
vn 0.122374 0.846878 0.517516
vn 0.122368 0.846878 0.517517
vn 0.724144 0.635495 0.267883
vn 0.724144 0.635496 0.267883
vn 0.997292 0.071272 0.018148
vn 0.999698 0.023807 0.006062
vn 0.999698 0.023476 0.007241
vn 0.997292 0.071272 0.018148
vn 0.359815 0.819402 0.446221
vn 0.359810 0.819404 0.446223
vn 0.870019 0.463285 0.168622
vn 0.870020 0.463284 0.168621
vn 0.615092 0.710374 0.342098
vn 0.575707 0.736683 0.354768
vn 0.963749 0.254957 0.078644
vn 0.170917 0.840735 0.513762
vn 0.170912 0.840736 0.513763
vn 0.757116 0.601983 0.253756
vn 0.757114 0.601985 0.253758
vn 0.405129 0.802922 0.437248
vn 0.405136 0.802921 0.437245
vn 0.893168 0.422601 0.153814
vn 0.893168 0.422601 0.153814
vn 0.653083 0.682291 0.328574
vn 0.615091 0.710375 0.342098
vn 0.975689 0.209422 0.064598
vn 0.975689 0.209423 0.064598
vn 0.219038 0.832570 0.508773
vn 0.219035 0.832570 0.508774
vn 0.788253 0.567032 0.239024
vn 0.788254 0.567031 0.239023
vn 0.449497 0.784500 0.427215
vn 0.449493 0.784501 0.427217
vn 0.914167 0.380894 0.138634
vn 0.914165 0.380896 0.138636
vn 0.024532 0.825990 0.563150
vn 0.073543 0.824002 0.561794
vn 0.653087 0.682288 0.328574
vn 0.992475 0.117007 0.036092
vn 0.985265 0.163437 0.050413
vn 0.985265 0.163437 0.050413
vn 0.266622 0.822402 0.502561
vn 0.266632 0.822401 0.502558
vn 0.817490 0.530718 0.223716
vn 0.817490 0.530718 0.223716
vn 0.492784 0.764186 0.416154
vn 0.492784 0.764185 0.416154
vn 0.932973 0.338239 0.123108
vn 0.932972 0.338242 0.123111
vn 0.073541 0.824002 0.561794
vn 0.122368 0.820030 0.559086
vn 0.689413 0.652633 0.314293
vn 0.689416 0.652631 0.314291
vn 0.997292 0.070279 0.021678
vn 0.992475 0.117007 0.036092
vn 0.313596 0.810248 0.495132
vn 0.313600 0.810247 0.495131
vn 0.844765 0.493116 0.207866
vn 0.844766 0.493115 0.207865
vn 0.534858 0.742046 0.404097
vn 0.534864 0.742043 0.404094
vn 0.949500 0.294844 0.107314
vn 0.949499 0.294846 0.107315
vn 0.122375 0.820028 0.559087
vn 0.724144 0.621352 0.299227
vn 0.724142 0.621354 0.299228
vn 0.999698 0.023476 0.007241
vn 0.997292 0.070279 0.021678
vn 0.359810 0.796142 0.486513
vn 0.359810 0.796142 0.486512
vn 0.870020 0.454303 0.191505
vn 0.870022 0.454301 0.191504
vn 0.575707 0.718083 0.391047
vn 0.575709 0.718082 0.391046
vn 0.963749 0.250721 0.091255
vn 0.963749 0.250720 0.091255
vn 0.170917 0.814081 0.555031
vn 0.170912 0.814081 0.555032
vn 0.757116 0.588586 0.283448
vn 0.757117 0.588585 0.283447
vn 0.788253 0.554413 0.266991
vn 0.405134 0.780127 0.476726
vn 0.405136 0.780127 0.476725
vn 0.893168 0.414409 0.174688
vn 0.893168 0.414409 0.174689
vn 0.615091 0.692439 0.377083
vn 0.615093 0.692438 0.377081
vn 0.975689 0.205941 0.074956
vn 0.975689 0.205942 0.074957
vn 0.219038 0.806176 0.549639
vn 0.266623 0.796331 0.542927
vn 0.219033 0.806176 0.549641
vn 0.788252 0.554414 0.266991
vn 0.817490 0.518907 0.249892
vn 0.449497 0.762229 0.465789
vn 0.449498 0.762229 0.465788
vn 0.914167 0.373510 0.157447
vn 0.914166 0.373511 0.157448
vn 0.024533 0.796893 0.603622
vn 0.024533 0.765813 0.642595
vn 0.024532 0.796893 0.603622
vn 0.653086 0.665062 0.362174
vn 0.653087 0.665062 0.362174
vn 0.985265 0.160721 0.058498
vn 0.985265 0.160720 0.058497
vn 0.266631 0.796328 0.542927
vn 0.817491 0.518905 0.249892
vn 0.492784 0.742492 0.453728
vn 0.492785 0.742492 0.453728
vn 0.932972 0.331684 0.139816
vn 0.932972 0.331685 0.139817
vn 0.073541 0.794974 0.602170
vn 0.073544 0.794974 0.602169
vn 0.689413 0.636156 0.346432
vn 0.689412 0.636157 0.346433
vn 0.992475 0.115062 0.041879
vn 0.992475 0.115062 0.041879
vn 0.313600 0.784559 0.534903
vn 0.313599 0.784559 0.534904
vn 0.844766 0.482140 0.232188
vn 0.870021 0.444190 0.213911
vn 0.844767 0.482139 0.232186
vn 0.534858 0.720981 0.440582
vn 0.534857 0.720982 0.440583
vn 0.949500 0.289128 0.121878
vn 0.949500 0.289128 0.121878
vn 0.122374 0.791142 0.599266
vn 0.122371 0.791141 0.599267
vn 0.724145 0.605663 0.329827
vn 0.724142 0.605666 0.329829
vn 0.997292 0.069111 0.025154
vn 0.997292 0.069111 0.025154
vn 0.999698 0.023086 0.008402
vn 0.999698 0.023086 0.008402
vn 0.405134 0.755395 0.515020
vn 0.359810 0.770902 0.525592
vn 0.359812 0.770901 0.525591
vn 0.870019 0.444194 0.213912
vn 0.575709 0.697697 0.426355
vn 0.575714 0.697694 0.426352
vn 0.963749 0.245860 0.103639
vn 0.963749 0.245860 0.103639
vn 0.170914 0.785404 0.594920
vn 0.170912 0.785404 0.594920
vn 0.757117 0.573724 0.312434
vn 0.757115 0.573725 0.312435
vn 0.405132 0.755395 0.515020
vn 0.893168 0.405187 0.195128
vn 0.893168 0.405187 0.195127
vn 0.615089 0.672783 0.411131
vn 0.615093 0.672781 0.411128
vn 0.975689 0.201949 0.085129
vn 0.975689 0.201949 0.085128
vn 0.219033 0.777776 0.589143
vn 0.219037 0.777775 0.589142
vn 0.788251 0.540417 0.294296
vn 0.788252 0.540416 0.294295
vn 0.449498 0.738064 0.503203
vn 0.449496 0.738065 0.503204
vn 0.914167 0.365198 0.175870
vn 0.914166 0.365199 0.175871
vn 0.932972 0.324302 0.156176
vn 0.024533 0.765813 0.642595
vn 0.073545 0.763970 0.641047
vn 0.024533 0.732831 0.679968
vn 0.653086 0.646183 0.394874
vn 0.653086 0.646184 0.394875
vn 0.985265 0.157606 0.066436
vn 0.985265 0.157605 0.066436
vn 0.266626 0.768276 0.581947
vn 0.266631 0.768275 0.581946
vn 0.817491 0.505804 0.275446
vn 0.817491 0.505804 0.275446
vn 0.492785 0.718953 0.490173
vn 0.492784 0.718953 0.490173
vn 0.932972 0.324303 0.156176
vn 0.122371 0.760287 0.637957
vn 0.073541 0.763970 0.641047
vn 0.689413 0.618097 0.377711
vn 0.689412 0.618098 0.377712
vn 0.992475 0.112832 0.047562
vn 0.992475 0.112832 0.047563
vn 0.313599 0.756921 0.573346
vn 0.313600 0.756921 0.573346
vn 0.844767 0.469966 0.255929
vn 0.844765 0.469970 0.255932
vn 0.534857 0.698124 0.475974
vn 0.575714 0.675575 0.460600
vn 0.534860 0.698123 0.475971
vn 0.963749 0.240389 0.115765
vn 0.949500 0.282694 0.136138
vn 0.949500 0.282694 0.136138
vn 0.122371 0.760287 0.637957
vn 0.724145 0.588470 0.359606
vn 0.724145 0.588470 0.359607
vn 0.997292 0.067771 0.028568
vn 0.999698 0.022638 0.009543
vn 0.997292 0.067771 0.028568
vn 0.999698 0.022638 0.009543
vn 0.999698 0.022134 0.010659
vn 0.359812 0.743744 0.563365
vn 0.405132 0.728785 0.552033
vn 0.359812 0.743744 0.563365
vn 0.870019 0.432979 0.235788
vn 0.870021 0.432977 0.235786
vn 0.575711 0.675577 0.460600
vn 0.963749 0.240388 0.115765
vn 0.170914 0.754773 0.633329
vn 0.219037 0.747442 0.627178
vn 0.170913 0.754773 0.633330
vn 0.757115 0.557440 0.340644
vn 0.757115 0.557439 0.340644
vn 0.405128 0.728786 0.552034
vn 0.893168 0.394957 0.215082
vn 0.893168 0.394956 0.215082
vn 0.615089 0.651454 0.444154
vn 0.615089 0.651455 0.444154
vn 0.975689 0.197455 0.095089
vn 0.975689 0.197455 0.095089
vn 0.219040 0.747442 0.627178
vn 0.788251 0.525076 0.320867
vn 0.788252 0.525075 0.320866
vn 0.449496 0.712064 0.539368
vn 0.449498 0.712064 0.539367
vn 0.914166 0.355979 0.193856
vn 0.914167 0.355977 0.193854
vn 0.024532 0.732831 0.679968
vn 0.653087 0.625697 0.426593
vn 0.653086 0.625697 0.426593
vn 0.985265 0.154097 0.074209
vn 0.985265 0.154098 0.074210
vn 0.992475 0.110321 0.053128
vn 0.266625 0.738314 0.619519
vn 0.266626 0.738314 0.619519
vn 0.817491 0.491445 0.300316
vn 0.817491 0.491445 0.300316
vn 0.534860 0.673530 0.510179
vn 0.492784 0.693626 0.525401
vn 0.492784 0.693626 0.525401
vn 0.932973 0.316114 0.172146
vn 0.932972 0.316115 0.172147
vn 0.073541 0.731067 0.678331
vn 0.073541 0.731067 0.678331
vn 0.689413 0.598501 0.408051
vn 0.689413 0.598501 0.408052
vn 0.997292 0.066263 0.031911
vn 0.992475 0.110321 0.053128
vn 0.359812 0.714739 0.599737
vn 0.313600 0.727401 0.610362
vn 0.313600 0.727401 0.610362
vn 0.844765 0.456627 0.279039
vn 0.844765 0.456628 0.279040
vn 0.534861 0.673529 0.510179
vn 0.575711 0.651778 0.493703
vn 0.949500 0.275557 0.150060
vn 0.949500 0.275557 0.150061
vn 0.122371 0.727543 0.675061
vn 0.122370 0.727543 0.675061
vn 0.724144 0.569815 0.388493
vn 0.724145 0.569814 0.388492
vn 0.999698 0.022134 0.010659
vn 0.997292 0.066263 0.031911
vn 0.359811 0.714739 0.599737
vn 0.870021 0.420685 0.257075
vn 0.870020 0.420687 0.257077
vn 0.615089 0.628505 0.476074
vn 0.575709 0.651779 0.493703
vn 0.963749 0.234319 0.127604
vn 0.963749 0.234319 0.127603
vn 0.170913 0.722266 0.670165
vn 0.170914 0.722266 0.670164
vn 0.757115 0.539767 0.368007
vn 0.757115 0.539767 0.368007
vn 0.405128 0.700363 0.587675
vn 0.405132 0.700362 0.587674
vn 0.893168 0.383744 0.234501
vn 0.893168 0.383745 0.234502
vn 0.615090 0.628505 0.476074
vn 0.975689 0.192470 0.104813
vn 0.975689 0.192470 0.104813
vn 0.219040 0.715251 0.663655
vn 0.219040 0.715251 0.663655
vn 0.817491 0.475865 0.324439
vn 0.788252 0.508428 0.346640
vn 0.788253 0.508427 0.346640
vn 0.449496 0.684294 0.574191
vn 0.449498 0.684293 0.574190
vn 0.914166 0.345873 0.211359
vn 0.914167 0.345872 0.211358
vn 0.024532 0.698027 0.715652
vn 0.024534 0.698027 0.715651
vn 0.024534 0.661486 0.749556
vn 0.653086 0.603655 0.457251
vn 0.689413 0.577418 0.437377
vn 0.653086 0.603655 0.457251
vn 0.985265 0.150207 0.081798
vn 0.985265 0.150207 0.081798
vn 0.266625 0.706516 0.655551
vn 0.266626 0.706516 0.655550
vn 0.817491 0.475866 0.324439
vn 0.492785 0.666574 0.559322
vn 0.492784 0.666575 0.559323
vn 0.932972 0.307140 0.187689
vn 0.932972 0.307140 0.187690
vn 0.073541 0.696346 0.713928
vn 0.073539 0.696346 0.713929
vn 0.122370 0.692989 0.710487
vn 0.689414 0.577417 0.437376
vn 0.992475 0.107536 0.058561
vn 0.992475 0.107535 0.058561
vn 0.313603 0.696073 0.645861
vn 0.313601 0.696073 0.645862
vn 0.359811 0.683956 0.634619
vn 0.844766 0.442151 0.301453
vn 0.844766 0.442151 0.301453
vn 0.534861 0.647261 0.543117
vn 0.534861 0.647261 0.543117
vn 0.949500 0.267734 0.163609
vn 0.949500 0.267735 0.163610
vn 0.122373 0.692989 0.710487
vn 0.724143 0.549742 0.416413
vn 0.724144 0.549742 0.416413
vn 0.997292 0.064590 0.035174
vn 0.997292 0.064590 0.035174
vn 0.999698 0.021575 0.011749
vn 0.999698 0.020963 0.012810
vn 0.999698 0.021576 0.011749
vn 0.359810 0.683956 0.634619
vn 0.870020 0.407350 0.277726
vn 0.870020 0.407350 0.277726
vn 0.575708 0.626360 0.525579
vn 0.575709 0.626360 0.525578
vn 0.963749 0.227668 0.139125
vn 0.963749 0.227667 0.139124
vn 0.170914 0.687963 0.705334
vn 0.170914 0.687963 0.705334
vn 0.757115 0.520752 0.394454
vn 0.757114 0.520753 0.394455
vn 0.405132 0.670199 0.621853
vn 0.405130 0.670199 0.621854
vn 0.893168 0.371579 0.253338
vn 0.914167 0.334907 0.228336
vn 0.893168 0.371579 0.253338
vn 0.615091 0.603992 0.506810
vn 0.615090 0.603993 0.506811
vn 0.975689 0.187006 0.114277
vn 0.975689 0.187006 0.114277
vn 0.219040 0.681281 0.698482
vn 0.219036 0.681281 0.698484
vn 0.788253 0.490517 0.371552
vn 0.817491 0.459102 0.347756
vn 0.788253 0.490516 0.371551
vn 0.449496 0.654823 0.607586
vn 0.449496 0.654823 0.607586
vn 0.914167 0.334906 0.228335
vn 0.073539 0.659894 0.747751
vn 0.024531 0.661487 0.749555
vn 0.653085 0.580113 0.486773
vn 0.653086 0.580113 0.486773
vn 0.985265 0.145943 0.089184
vn 0.985265 0.145943 0.089184
vn 0.266626 0.672961 0.689953
vn 0.266630 0.672960 0.689951
vn 0.817491 0.459101 0.347756
vn 0.492786 0.637866 0.591852
vn 0.492785 0.637866 0.591853
vn 0.932972 0.297403 0.202766
vn 0.932972 0.297404 0.202767
vn 0.073540 0.659894 0.747751
vn 0.689414 0.554898 0.465614
vn 0.689413 0.554898 0.465615
vn 0.992475 0.104483 0.063848
vn 0.992475 0.104483 0.063848
vn 0.313603 0.663014 0.679754
vn 0.313599 0.663014 0.679756
vn 0.844766 0.426575 0.323118
vn 0.844766 0.426574 0.323118
vn 0.575708 0.599384 0.556147
vn 0.534860 0.619385 0.574706
vn 0.534861 0.619385 0.574705
vn 0.963749 0.220450 0.150300
vn 0.949500 0.259246 0.176751
vn 0.949500 0.259246 0.176751
vn 0.122373 0.656713 0.744146
vn 0.122373 0.656713 0.744146
vn 0.757114 0.500444 0.419922
vn 0.724143 0.528303 0.443298
vn 0.724144 0.528302 0.443298
vn 0.997292 0.062756 0.038349
vn 0.997292 0.062756 0.038350
vn 0.999698 0.020963 0.012810
vn 0.359810 0.651473 0.667922
vn 0.359809 0.651473 0.667922
vn 0.405130 0.638370 0.654488
vn 0.870020 0.393000 0.297686
vn 0.870020 0.392999 0.297686
vn 0.575709 0.599383 0.556146
vn 0.963749 0.220450 0.150300
vn 0.170914 0.651950 0.738749
vn 0.170915 0.651950 0.738749
vn 0.757115 0.500442 0.419921
vn 0.405133 0.638368 0.654487
vn 0.893168 0.358489 0.271545
vn 0.893168 0.358489 0.271545
vn 0.615091 0.577979 0.536286
vn 0.653085 0.555129 0.515084
vn 0.615091 0.577979 0.536286
vn 0.975689 0.181077 0.123456
vn 0.975689 0.181077 0.123456
vn 0.219036 0.645618 0.731574
vn 0.219036 0.645618 0.731574
vn 0.788253 0.471386 0.395540
vn 0.788253 0.471386 0.395540
vn 0.449496 0.623723 0.639471
vn 0.449494 0.623723 0.639472
vn 0.914167 0.323108 0.244745
vn 0.914166 0.323109 0.244746
vn 0.932972 0.286927 0.217339
vn 0.024531 0.623302 0.781596
vn 0.024530 0.623302 0.781596
vn 0.024530 0.583568 0.811694
vn 0.653086 0.555128 0.515084
vn 0.985265 0.141316 0.096347
vn 0.985265 0.141316 0.096347
vn 0.266630 0.637732 0.722638
vn 0.266627 0.637732 0.722639
vn 0.817491 0.441197 0.370208
vn 0.817491 0.441196 0.370208
vn 0.844766 0.409938 0.343979
vn 0.492787 0.607571 0.622912
vn 0.492786 0.607571 0.622912
vn 0.932972 0.286927 0.217338
vn 0.122373 0.618804 0.775956
vn 0.073542 0.621801 0.779714
vn 0.073540 0.621801 0.779715
vn 0.689413 0.531000 0.492696
vn 0.689413 0.530999 0.492695
vn 0.992475 0.101170 0.068977
vn 0.992475 0.101171 0.068977
vn 0.997292 0.060767 0.041430
vn 0.313601 0.628307 0.711958
vn 0.313599 0.628307 0.711959
vn 0.844765 0.409939 0.343979
vn 0.534860 0.589969 0.604865
vn 0.534860 0.589969 0.604865
vn 0.949500 0.250113 0.189453
vn 0.963749 0.212684 0.161102
vn 0.949500 0.250113 0.189454
vn 0.122372 0.618804 0.775956
vn 0.724144 0.505548 0.469080
vn 0.724143 0.505549 0.469081
vn 0.997292 0.060767 0.041430
vn 0.999698 0.020298 0.013839
vn 0.999698 0.019583 0.014834
vn 0.999698 0.020298 0.013839
vn 0.359808 0.617370 0.699566
vn 0.359810 0.617370 0.699565
vn 0.870020 0.377673 0.316905
vn 0.870020 0.377673 0.316904
vn 0.575707 0.570917 0.585333
vn 0.575709 0.570917 0.585331
vn 0.963749 0.212685 0.161102
vn 0.170912 0.614316 0.770328
vn 0.170915 0.614316 0.770327
vn 0.219036 0.608350 0.762846
vn 0.757116 0.478889 0.444344
vn 0.757114 0.478890 0.444345
vn 0.405134 0.604952 0.685493
vn 0.405132 0.604952 0.685494
vn 0.893168 0.344508 0.289077
vn 0.893168 0.344508 0.289076
vn 0.615091 0.550529 0.564429
vn 0.615092 0.550529 0.564429
vn 0.975689 0.174698 0.132329
vn 0.975689 0.174698 0.132328
vn 0.219040 0.608349 0.762846
vn 0.817491 0.422195 0.391740
vn 0.788253 0.451085 0.418545
vn 0.788253 0.451084 0.418545
vn 0.449495 0.591073 0.669766
vn 0.449494 0.591073 0.669767
vn 0.914166 0.310508 0.260547
vn 0.914166 0.310508 0.260547
vn 0.932972 0.275737 0.231370
vn 0.024532 0.583568 0.811694
vn 0.653087 0.528763 0.542114
vn 0.653086 0.528763 0.542114
vn 0.985265 0.136338 0.103272
vn 0.985265 0.136338 0.103272
vn 0.992475 0.097607 0.073934
vn 0.266627 0.600919 0.753529
vn 0.266625 0.600919 0.753529
vn 0.817491 0.422195 0.391740
vn 0.492787 0.575766 0.652422
vn 0.534860 0.559086 0.633521
vn 0.492786 0.575766 0.652422
vn 0.932972 0.275737 0.231371
vn 0.073536 0.582163 0.809740
vn 0.073542 0.582163 0.809739
vn 0.689414 0.505780 0.518551
vn 0.689413 0.505781 0.518552
vn 0.992475 0.097606 0.073934
vn 0.997292 0.058626 0.044408
vn 0.313600 0.592038 0.742392
vn 0.313601 0.592038 0.742392
vn 0.844765 0.392283 0.363985
vn 0.844765 0.392283 0.363986
vn 0.575707 0.541031 0.613063
vn 0.534862 0.559084 0.633520
vn 0.949500 0.240359 0.201685
vn 0.949500 0.240359 0.201685
vn 0.122375 0.579357 0.805835
vn 0.122372 0.579356 0.805836
vn 0.170912 0.575155 0.799991
vn 0.724144 0.481538 0.493696
vn 0.724143 0.481539 0.493698
vn 0.997292 0.058626 0.044408
vn 0.999698 0.018820 0.015792
vn 0.999698 0.019583 0.014834
vn 0.359808 0.581732 0.729470
vn 0.405132 0.570030 0.714796
vn 0.359811 0.581732 0.729468
vn 0.870020 0.361407 0.335337
vn 0.870020 0.361406 0.335336
vn 0.615092 0.521710 0.591169
vn 0.575707 0.541032 0.613063
vn 0.963749 0.204389 0.171503
vn 0.963749 0.204390 0.171503
vn 0.170914 0.575154 0.799991
vn 0.757114 0.456146 0.467663
vn 0.757114 0.456146 0.467663
vn 0.405131 0.570031 0.714796
vn 0.893168 0.329670 0.305889
vn 0.893168 0.329670 0.305889
vn 0.615091 0.521711 0.591170
vn 0.975689 0.167885 0.140872
vn 0.975689 0.167885 0.140872
vn 0.219037 0.569568 0.792222
vn 0.219040 0.569568 0.792221
vn 0.788254 0.429660 0.440509
vn 0.788253 0.429661 0.440510
vn 0.449495 0.556953 0.698397
vn 0.449495 0.556953 0.698397
vn 0.932972 0.263861 0.244828
vn 0.914166 0.297135 0.275701
vn 0.914166 0.297135 0.275701
vn 0.024532 0.542383 0.839773
vn 0.024531 0.542383 0.839773
vn 0.024530 0.499851 0.865764
vn 0.689414 0.479304 0.543117
vn 0.653087 0.501084 0.567797
vn 0.653088 0.501083 0.567796
vn 0.985265 0.131021 0.109940
vn 0.985265 0.131021 0.109939
vn 0.313600 0.554297 0.770980
vn 0.266627 0.562612 0.782545
vn 0.266625 0.562612 0.782546
vn 0.817491 0.402143 0.412297
vn 0.817491 0.402143 0.412297
vn 0.492786 0.542530 0.680311
vn 0.492786 0.542530 0.680311
vn 0.932972 0.263861 0.244827
vn 0.073536 0.541078 0.837751
vn 0.122375 0.538469 0.833712
vn 0.073536 0.541078 0.837751
vn 0.689413 0.479304 0.543117
vn 0.992475 0.093799 0.078707
vn 0.992475 0.093800 0.078707
vn 0.359811 0.544648 0.757559
vn 0.313600 0.554297 0.770980
vn 0.844766 0.373652 0.383086
vn 0.844764 0.373653 0.383088
vn 0.534860 0.526812 0.660601
vn 0.534862 0.526811 0.660600
vn 0.949500 0.230008 0.213416
vn 0.949500 0.230007 0.213415
vn 0.963749 0.195587 0.181478
vn 0.122377 0.538468 0.833712
vn 0.170914 0.534563 0.827666
vn 0.724143 0.456332 0.517087
vn 0.724143 0.456332 0.517086
vn 0.997292 0.056340 0.047275
vn 0.997292 0.056340 0.047275
vn 0.999698 0.018820 0.015791
vn 0.359811 0.544648 0.757559
vn 0.870020 0.344242 0.352934
vn 0.870020 0.344242 0.352934
vn 0.575709 0.509799 0.639268
vn 0.575707 0.509800 0.639270
vn 0.975689 0.160654 0.149066
vn 0.963749 0.195586 0.181477
vn 0.170914 0.534563 0.827666
vn 0.757114 0.432267 0.489819
vn 0.757117 0.432266 0.489817
vn 0.405132 0.533692 0.742321
vn 0.405131 0.533693 0.742322
vn 0.893168 0.314013 0.321942
vn 0.893168 0.314013 0.321941
vn 0.615091 0.491594 0.616440
vn 0.615090 0.491594 0.616441
vn 0.975689 0.160655 0.149066
vn 0.219037 0.529371 0.819627
vn 0.219037 0.529371 0.819627
vn 0.817491 0.381092 0.431830
vn 0.788254 0.407169 0.461378
vn 0.788251 0.407170 0.461381
vn 0.449492 0.521449 0.725292
vn 0.449495 0.521448 0.725290
vn 0.914166 0.283023 0.290169
vn 0.914166 0.283023 0.290169
vn 0.024537 0.499849 0.865765
vn 0.653088 0.472158 0.592067
vn 0.653085 0.472159 0.592069
vn 0.985265 0.125378 0.116334
vn 0.992475 0.089760 0.083285
vn 0.985265 0.125377 0.116333
vn 0.313600 0.515178 0.797651
vn 0.266627 0.522906 0.809617
vn 0.266627 0.522906 0.809617
vn 0.844764 0.354094 0.401236
vn 0.817491 0.381092 0.431829
vn 0.492788 0.507945 0.706507
vn 0.492786 0.507945 0.706508
vn 0.932972 0.251329 0.257675
vn 0.932972 0.251329 0.257675
vn 0.073536 0.498645 0.863681
vn 0.073540 0.498646 0.863680
vn 0.689415 0.451636 0.566333
vn 0.689413 0.451636 0.566334
vn 0.992475 0.089760 0.083285
vn 0.313599 0.515178 0.797651
vn 0.844765 0.354092 0.401236
vn 0.534861 0.493229 0.686039
vn 0.534861 0.493228 0.686039
vn 0.949500 0.219084 0.224616
vn 0.949500 0.219084 0.224615
vn 0.122377 0.496242 0.859516
vn 0.122374 0.496241 0.859517
vn 0.724143 0.429989 0.539191
vn 0.724144 0.429989 0.539189
vn 0.997292 0.053913 0.050024
vn 0.997292 0.053913 0.050024
vn 0.999698 0.018009 0.016710
vn 0.999698 0.018009 0.016710
vn 0.999698 0.017154 0.017587
vn 0.359815 0.506209 0.783764
vn 0.405132 0.496027 0.768001
vn 0.359811 0.506209 0.783766
vn 0.870020 0.326222 0.369655
vn 0.870020 0.326222 0.369654
vn 0.575709 0.477300 0.663885
vn 0.615090 0.460256 0.640178
vn 0.575710 0.477300 0.663884
vn 0.963749 0.186297 0.191001
vn 0.963749 0.186297 0.191001
vn 0.170910 0.492643 0.853283
vn 0.170914 0.492643 0.853282
vn 0.757113 0.407315 0.510758
vn 0.757117 0.407314 0.510754
vn 0.405130 0.496028 0.768001
vn 0.893168 0.297575 0.337194
vn 0.893168 0.297575 0.337194
vn 0.615089 0.460257 0.640179
vn 0.975689 0.153025 0.156889
vn 0.975689 0.153025 0.156888
vn 0.219042 0.487858 0.844994
vn 0.219037 0.487858 0.844996
vn 0.788251 0.383667 0.481103
vn 0.788253 0.383666 0.481101
vn 0.492788 0.472096 0.730948
vn 0.449492 0.484648 0.750382
vn 0.449492 0.484648 0.750382
vn 0.932972 0.238173 0.269883
vn 0.914166 0.268207 0.303916
vn 0.914166 0.268207 0.303915
vn 0.073540 0.454975 0.887463
vn 0.024537 0.456073 0.889604
vn 0.024536 0.456072 0.889604
vn 0.653085 0.442060 0.614868
vn 0.653085 0.442060 0.614868
vn 0.689415 0.422845 0.588141
vn 0.985265 0.119423 0.122438
vn 0.985265 0.119423 0.122438
vn 0.266627 0.481900 0.834675
vn 0.266623 0.481900 0.834676
vn 0.817491 0.359093 0.450289
vn 0.817491 0.359093 0.450289
vn 0.492791 0.472095 0.730947
vn 0.932972 0.238172 0.269882
vn 0.122374 0.452782 0.883184
vn 0.073538 0.454975 0.887462
vn 0.689413 0.422846 0.588142
vn 0.724144 0.402578 0.559952
vn 0.992475 0.085497 0.087656
vn 0.992475 0.085497 0.087656
vn 0.313599 0.474778 0.822339
vn 0.313598 0.474778 0.822340
vn 0.844766 0.333652 0.418387
vn 0.844765 0.333652 0.418387
vn 0.534854 0.458421 0.709776
vn 0.534861 0.458420 0.709771
vn 0.949500 0.207615 0.235256
vn 0.949500 0.207616 0.235257
vn 0.122369 0.452783 0.883184
vn 0.170909 0.449499 0.876779
vn 0.724144 0.402579 0.559952
vn 0.997292 0.051353 0.052649
vn 0.999698 0.017154 0.017587
vn 0.997292 0.051353 0.052649
vn 0.359812 0.466513 0.808023
vn 0.359815 0.466513 0.808022
vn 0.870019 0.307391 0.385457
vn 0.870020 0.307391 0.385456
vn 0.575714 0.443615 0.686848
vn 0.575710 0.443615 0.686850
vn 0.615089 0.427775 0.662325
vn 0.963749 0.176544 0.200049
vn 0.963749 0.176545 0.200050
vn 0.170912 0.449498 0.876778
vn 0.757114 0.381350 0.530426
vn 0.757116 0.381349 0.530423
vn 0.788253 0.359207 0.499627
vn 0.405131 0.457130 0.791771
vn 0.405130 0.457130 0.791771
vn 0.893168 0.280398 0.351608
vn 0.893169 0.280397 0.351607
vn 0.615088 0.427775 0.662325
vn 0.975689 0.145014 0.164321
vn 0.975689 0.145014 0.164321
vn 0.219043 0.445132 0.868261
vn 0.219042 0.445132 0.868262
vn 0.788254 0.359207 0.499627
vn 0.817491 0.336202 0.467629
vn 0.449492 0.446641 0.773607
vn 0.449500 0.446641 0.773603
vn 0.914166 0.252725 0.316907
vn 0.914166 0.252725 0.316907
vn 0.024535 0.411165 0.911231
vn 0.024527 0.411163 0.911232
vn 0.024526 0.365231 0.930594
vn 0.689413 0.393003 0.608489
vn 0.653088 0.410861 0.636136
vn 0.653085 0.410862 0.636139
vn 0.992475 0.081021 0.091808
vn 0.985265 0.113171 0.128238
vn 0.985265 0.113172 0.128239
vn 0.266628 0.439696 0.857658
vn 0.313598 0.433197 0.844984
vn 0.266623 0.439695 0.857660
vn 0.817490 0.336203 0.467630
vn 0.492785 0.435075 0.753573
vn 0.492791 0.435074 0.753570
vn 0.932972 0.224424 0.281418
vn 0.932972 0.224424 0.281419
vn 0.073544 0.410175 0.909037
vn 0.073538 0.410174 0.909038
vn 0.724144 0.374166 0.579323
vn 0.689412 0.393004 0.608489
vn 0.992475 0.081021 0.091808
vn 0.313595 0.433198 0.844984
vn 0.870019 0.287796 0.400299
vn 0.844766 0.312383 0.434498
vn 0.844765 0.312383 0.434498
vn 0.534854 0.422471 0.731744
vn 0.534860 0.422471 0.731740
vn 0.949500 0.195631 0.245313
vn 0.949500 0.195631 0.245314
vn 0.122374 0.408196 0.904655
vn 0.122369 0.408195 0.904656
vn 0.724145 0.374166 0.579322
vn 0.997292 0.048665 0.055144
vn 0.999698 0.016256 0.018420
vn 0.999698 0.016256 0.018420
vn 0.999698 0.015317 0.019207
vn 0.997292 0.048665 0.055144
vn 0.359812 0.425655 0.830273
vn 0.359815 0.425655 0.830272
vn 0.870020 0.287795 0.400298
vn 0.575714 0.408825 0.708107
vn 0.575711 0.408826 0.708109
vn 0.963749 0.166354 0.208601
vn 0.963749 0.166353 0.208600
vn 0.170916 0.405235 0.898094
vn 0.170912 0.405234 0.898095
vn 0.757115 0.354435 0.548774
vn 0.788254 0.333856 0.516910
vn 0.757116 0.354435 0.548773
vn 0.405131 0.417094 0.813573
vn 0.405131 0.417094 0.813573
vn 0.893168 0.262523 0.365147
vn 0.893169 0.262522 0.365147
vn 0.615088 0.394228 0.682825
vn 0.615090 0.394228 0.682824
vn 0.975689 0.136643 0.171345
vn 0.975689 0.136643 0.171345
vn 0.219029 0.401299 0.889373
vn 0.219043 0.401300 0.889370
vn 0.788253 0.333857 0.516911
vn 0.817490 0.312476 0.483806
vn 0.449495 0.407524 0.794908
vn 0.449500 0.407524 0.794905
vn 0.492785 0.396972 0.774323
vn 0.914166 0.236615 0.329111
vn 0.932972 0.210118 0.292256
vn 0.914166 0.236614 0.329110
vn 0.024526 0.318391 0.947642
vn 0.024526 0.365231 0.930594
vn 0.653082 0.378643 0.655830
vn 0.653088 0.378642 0.655825
vn 0.985265 0.106639 0.133721
vn 0.985265 0.106639 0.133721
vn 0.266629 0.396399 0.878508
vn 0.266628 0.396399 0.878508
vn 0.817491 0.312475 0.483806
vn 0.492785 0.396972 0.774323
vn 0.949500 0.183160 0.254759
vn 0.932972 0.210117 0.292255
vn 0.122375 0.362595 0.923877
vn 0.073545 0.364352 0.928353
vn 0.073544 0.364352 0.928353
vn 0.689418 0.362183 0.627317
vn 0.689411 0.362184 0.627323
vn 0.992475 0.076344 0.095732
vn 0.992475 0.076344 0.095733
vn 0.313594 0.390541 0.865527
vn 0.313600 0.390541 0.865525
vn 0.844765 0.290336 0.449529
vn 0.844766 0.290336 0.449528
vn 0.534860 0.385471 0.751889
vn 0.534862 0.385471 0.751888
vn 0.949500 0.183159 0.254759
vn 0.122370 0.362596 0.923877
vn 0.170915 0.359966 0.917176
vn 0.724145 0.344824 0.597252
vn 0.724141 0.344825 0.597257
vn 0.997292 0.045855 0.057501
vn 0.997292 0.045855 0.057501
vn 0.999698 0.015317 0.019207
vn 0.359815 0.383740 0.850457
vn 0.359817 0.383740 0.850456
vn 0.870020 0.267484 0.414146
vn 0.870019 0.267484 0.414148
vn 0.575708 0.373023 0.727609
vn 0.615090 0.359703 0.701625
vn 0.575711 0.373023 0.727606
vn 0.963749 0.155749 0.216634
vn 0.963749 0.155749 0.216634
vn 0.170919 0.359965 0.917176
vn 0.757115 0.326641 0.565759
vn 0.757117 0.326640 0.565757
vn 0.405128 0.376023 0.833353
vn 0.405131 0.376023 0.833352
vn 0.914166 0.219916 0.340496
vn 0.893168 0.243996 0.377779
vn 0.893168 0.243996 0.377780
vn 0.615088 0.359704 0.701627
vn 0.975689 0.127932 0.177943
vn 0.975689 0.127932 0.177943
vn 0.985265 0.099841 0.138870
vn 0.219029 0.356470 0.908271
vn 0.219031 0.356470 0.908270
vn 0.266629 0.352115 0.897175
vn 0.788253 0.307676 0.532910
vn 0.788253 0.307676 0.532910
vn 0.449495 0.367396 0.814233
vn 0.449495 0.367396 0.814233
vn 0.914166 0.219915 0.340496
vn 0.024534 0.318390 0.947642
vn 0.653085 0.345482 0.673886
vn 0.653082 0.345483 0.673889
vn 0.689418 0.330463 0.644591
vn 0.985265 0.099841 0.138870
vn 0.266628 0.352116 0.897176
vn 0.817491 0.287971 0.498780
vn 0.817490 0.287971 0.498781
vn 0.492788 0.357881 0.793146
vn 0.492785 0.357881 0.793148
vn 0.932972 0.195288 0.302365
vn 0.949500 0.170233 0.263572
vn 0.932972 0.195288 0.302365
vn 0.073545 0.317623 0.945361
vn 0.073542 0.317623 0.945361
vn 0.724141 0.314627 0.613702
vn 0.689415 0.330465 0.644593
vn 0.997292 0.042932 0.059715
vn 0.992475 0.071477 0.099419
vn 0.992475 0.071477 0.099419
vn 0.313600 0.346910 0.883916
vn 0.359817 0.340870 0.868527
vn 0.313607 0.346911 0.883914
vn 0.844766 0.267568 0.463441
vn 0.844766 0.267568 0.463441
vn 0.534862 0.347514 0.770167
vn 0.534854 0.347514 0.770172
vn 0.949500 0.170233 0.263572
vn 0.170919 0.313800 0.933979
vn 0.122369 0.316092 0.940804
vn 0.122370 0.316092 0.940803
vn 0.724146 0.314623 0.613697
vn 0.999698 0.014341 0.019947
vn 0.999698 0.014341 0.019947
vn 0.999698 0.013329 0.020637
vn 0.997292 0.042932 0.059715
vn 0.359810 0.340873 0.868529
vn 0.870019 0.246509 0.426966
vn 0.870020 0.246508 0.426964
vn 0.575712 0.336291 0.745295
vn 0.575708 0.336291 0.745298
vn 0.963749 0.144757 0.224128
vn 0.963749 0.144758 0.224129
vn 0.170915 0.313801 0.933979
vn 0.757113 0.298035 0.581340
vn 0.757117 0.298034 0.581335
vn 0.405128 0.334017 0.851060
vn 0.405129 0.334017 0.851060
vn 0.893168 0.224861 0.389471
vn 0.893168 0.224862 0.389473
vn 0.615089 0.324283 0.718683
vn 0.615088 0.324283 0.718685
vn 0.975689 0.118904 0.184099
vn 0.985265 0.092795 0.143674
vn 0.975689 0.118904 0.184099
vn 0.219031 0.310752 0.924910
vn 0.219038 0.310753 0.924908
vn 0.788253 0.280730 0.547584
vn 0.817490 0.262751 0.512515
vn 0.788252 0.280730 0.547584
vn 0.449495 0.326353 0.831534
vn 0.449495 0.326353 0.831534
vn 0.492788 0.317901 0.809999
vn 0.914166 0.202669 0.351035
vn 0.914166 0.202669 0.351035
vn 0.024534 0.270760 0.962334
vn 0.024533 0.270759 0.962334
vn 0.024533 0.222453 0.974635
vn 0.653086 0.311461 0.690268
vn 0.653085 0.311461 0.690269
vn 0.985265 0.092795 0.143674
vn 0.266628 0.306956 0.913612
vn 0.266628 0.306956 0.913612
vn 0.817492 0.262750 0.512513
vn 0.492786 0.317902 0.810000
vn 0.932972 0.179974 0.311725
vn 0.932972 0.179974 0.311724
vn 0.122369 0.268806 0.955389
vn 0.073540 0.270108 0.960018
vn 0.073542 0.270108 0.960017
vn 0.689417 0.297922 0.660263
vn 0.689415 0.297922 0.660265
vn 0.992475 0.066433 0.102858
vn 0.997292 0.039902 0.061781
vn 0.992475 0.066433 0.102859
vn 0.313601 0.302419 0.900109
vn 0.359810 0.297156 0.884440
vn 0.313607 0.302420 0.900107
vn 0.844765 0.244136 0.476204
vn 0.844766 0.244135 0.476202
vn 0.575712 0.298721 0.761132
vn 0.534854 0.308692 0.786537
vn 0.534859 0.308692 0.786533
vn 0.949500 0.156884 0.271731
vn 0.949500 0.156883 0.271730
vn 0.122377 0.268804 0.955389
vn 0.724142 0.283644 0.628621
vn 0.724146 0.283643 0.628617
vn 0.997292 0.039902 0.061781
vn 0.999698 0.013329 0.020637
vn 0.359808 0.297157 0.884441
vn 0.870020 0.224919 0.438721
vn 0.870021 0.224919 0.438720
vn 0.615089 0.288056 0.733954
vn 0.575707 0.298723 0.761134
vn 0.963749 0.133406 0.231065
vn 0.963749 0.133405 0.231065
vn 0.170909 0.266855 0.948461
vn 0.170915 0.266856 0.948460
vn 0.757116 0.268686 0.595469
vn 0.757113 0.268687 0.595473
vn 0.405129 0.291179 0.866652
vn 0.405134 0.291179 0.866649
vn 0.893168 0.205168 0.400195
vn 0.914166 0.184920 0.360700
vn 0.893168 0.205168 0.400195
vn 0.615092 0.288055 0.733953
vn 0.653086 0.276666 0.704935
vn 0.975689 0.109579 0.189797
vn 0.975689 0.109579 0.189797
vn 0.219038 0.264264 0.939248
vn 0.219042 0.264264 0.939247
vn 0.788253 0.253086 0.560897
vn 0.788252 0.253086 0.560897
vn 0.449495 0.284500 0.846767
vn 0.449488 0.284499 0.846771
vn 0.932972 0.164212 0.320308
vn 0.914166 0.184921 0.360701
vn 0.024533 0.222453 0.974635
vn 0.024533 0.173597 0.984511
vn 0.653088 0.276666 0.704934
vn 0.689417 0.264639 0.674292
vn 0.985265 0.085518 0.148121
vn 0.985265 0.085518 0.148121
vn 0.266622 0.261036 0.927778
vn 0.266628 0.261037 0.927776
vn 0.817490 0.236878 0.524976
vn 0.817492 0.236877 0.524972
vn 0.844765 0.220096 0.487781
vn 0.492786 0.277132 0.824839
vn 0.492789 0.277132 0.824838
vn 0.932972 0.164212 0.320308
vn 0.949500 0.143144 0.279213
vn 0.073540 0.221917 0.972288
vn 0.073540 0.221917 0.972288
vn 0.689413 0.264642 0.674296
vn 0.724142 0.251958 0.641978
vn 0.992475 0.061223 0.106042
vn 0.992475 0.061223 0.106042
vn 0.313601 0.257179 0.914064
vn 0.313601 0.257179 0.914064
vn 0.844766 0.220094 0.487780
vn 0.575707 0.260412 0.775078
vn 0.534859 0.269102 0.800943
vn 0.534863 0.269102 0.800940
vn 0.949500 0.143144 0.279212
vn 0.963749 0.121722 0.237427
vn 0.122377 0.220849 0.967600
vn 0.122370 0.220848 0.967601
vn 0.170908 0.219247 0.960584
vn 0.724142 0.251958 0.641977
vn 0.997292 0.036773 0.063693
vn 0.999698 0.012284 0.021276
vn 0.997292 0.036773 0.063693
vn 0.999698 0.012284 0.021276
vn 0.999698 0.011208 0.021862
vn 0.359813 0.252702 0.898151
vn 0.359808 0.252701 0.898154
vn 0.870021 0.202771 0.449387
vn 0.870021 0.202770 0.449385
vn 0.615092 0.251113 0.747399
vn 0.575706 0.260413 0.775079
vn 0.963749 0.121722 0.237427
vn 0.170916 0.219246 0.960583
vn 0.757116 0.238671 0.608122
vn 0.757116 0.238670 0.608121
vn 0.788252 0.224814 0.572815
vn 0.405134 0.247619 0.880086
vn 0.405132 0.247618 0.880087
vn 0.893169 0.184965 0.409924
vn 0.893167 0.184966 0.409928
vn 0.615093 0.251112 0.747397
vn 0.653088 0.241184 0.717849
vn 0.975689 0.099982 0.195023
vn 0.985265 0.078028 0.152199
vn 0.975689 0.099982 0.195023
vn 0.219031 0.217117 0.951255
vn 0.219042 0.217118 0.951252
vn 0.788252 0.224814 0.572816
vn 0.449495 0.241938 0.859895
vn 0.449487 0.241937 0.859900
vn 0.914167 0.166711 0.369467
vn 0.914166 0.166711 0.369470
vn 0.024534 0.173597 0.984511
vn 0.689413 0.230702 0.686649
vn 0.653084 0.241186 0.717852
vn 0.985265 0.078028 0.152200
vn 0.266634 0.214466 0.939633
vn 0.266622 0.214465 0.939637
vn 0.817492 0.210415 0.536127
vn 0.817490 0.210415 0.536131
vn 0.492789 0.235671 0.837627
vn 0.492788 0.235671 0.837627
vn 0.932972 0.148042 0.328095
vn 0.932972 0.148042 0.328095
vn 0.122369 0.172343 0.977406
vn 0.073544 0.173179 0.982141
vn 0.073540 0.173178 0.982141
vn 0.689412 0.230703 0.686649
vn 0.724142 0.219645 0.653738
vn 0.997292 0.033553 0.065447
vn 0.992475 0.055862 0.108962
vn 0.992475 0.055862 0.108962
vn 0.313599 0.211295 0.925749
vn 0.313601 0.211295 0.925748
vn 0.844765 0.195507 0.498145
vn 0.844766 0.195507 0.498144
vn 0.534858 0.228844 0.813362
vn 0.534863 0.228844 0.813358
vn 0.949500 0.129048 0.286001
vn 0.949500 0.129048 0.286000
vn 0.122369 0.172344 0.977407
vn 0.724147 0.219642 0.653734
vn 0.999698 0.011208 0.021862
vn 0.997292 0.033553 0.065447
vn 0.359814 0.207617 0.909632
vn 0.359813 0.207617 0.909632
vn 0.870021 0.180118 0.458934
vn 0.870020 0.180119 0.458935
vn 0.575706 0.221454 0.787097
vn 0.575710 0.221454 0.787094
vn 0.963749 0.109736 0.243200
vn 0.963749 0.109736 0.243199
vn 0.170916 0.171094 0.970317
vn 0.170912 0.171094 0.970317
vn 0.757116 0.208061 0.619262
vn 0.788252 0.195982 0.583310
vn 0.757113 0.208061 0.619266
vn 0.405125 0.203442 0.891339
vn 0.405132 0.203442 0.891336
vn 0.914167 0.148086 0.377318
vn 0.893167 0.164303 0.418638
vn 0.893167 0.164303 0.418638
vn 0.615093 0.213545 0.758986
vn 0.615094 0.213545 0.758985
vn 0.975689 0.090137 0.199764
vn 0.975689 0.090137 0.199764
vn 0.219031 0.169431 0.960895
vn 0.219038 0.169433 0.960893
vn 0.817492 0.183429 0.545949
vn 0.788253 0.195981 0.583309
vn 0.449495 0.198774 0.870886
vn 0.449499 0.198774 0.870884
vn 0.492788 0.193626 0.848333
vn 0.914167 0.148087 0.377319
vn 0.024534 0.124305 0.991941
vn 0.024538 0.124306 0.991940
vn 0.024538 0.074707 0.996904
vn 0.653084 0.205103 0.728981
vn 0.653084 0.205103 0.728982
vn 0.985265 0.070345 0.155900
vn 0.985265 0.070345 0.155900
vn 0.266634 0.167363 0.949155
vn 0.266627 0.167362 0.949157
vn 0.817491 0.183430 0.545950
vn 0.492781 0.193629 0.848336
vn 0.932972 0.131504 0.335066
vn 0.932972 0.131504 0.335068
vn 0.949500 0.114633 0.292078
vn 0.073535 0.124006 0.989553
vn 0.073544 0.124008 0.989552
vn 0.689412 0.196187 0.697296
vn 0.689415 0.196188 0.697293
vn 0.992475 0.050361 0.111611
vn 0.992475 0.050361 0.111611
vn 0.313599 0.164889 0.935130
vn 0.313603 0.164889 0.935128
vn 0.844765 0.170434 0.507271
vn 0.844765 0.170434 0.507271
vn 0.534858 0.188017 0.823757
vn 0.534865 0.188018 0.823753
vn 0.949500 0.114632 0.292077
vn 0.122377 0.123410 0.984781
vn 0.122368 0.123408 0.984782
vn 0.724144 0.186784 0.663873
vn 0.724147 0.186784 0.663869
vn 0.997292 0.030249 0.067038
vn 0.997292 0.030249 0.067038
vn 0.999698 0.010104 0.022393
vn 0.999698 0.010104 0.022393
vn 0.359814 0.162020 0.918849
vn 0.359807 0.162019 0.918852
vn 0.870020 0.157019 0.467343
vn 0.870020 0.157019 0.467344
vn 0.575706 0.181945 0.797157
vn 0.575710 0.181946 0.797154
vn 0.963749 0.097477 0.248367
vn 0.975689 0.080068 0.204009
vn 0.963749 0.097477 0.248367
vn 0.170911 0.122513 0.977640
vn 0.170912 0.122513 0.977640
vn 0.757113 0.176935 0.628867
vn 0.757115 0.176935 0.628864
vn 0.405132 0.158761 0.900368
vn 0.405125 0.158760 0.900372
vn 0.893168 0.143231 0.426304
vn 0.893167 0.143231 0.426307
vn 0.615092 0.175448 0.768687
vn 0.615094 0.175448 0.768685
vn 0.985265 0.062486 0.159213
vn 0.975689 0.080068 0.204009
vn 0.219038 0.121323 0.968144
vn 0.219039 0.121324 0.968144
vn 0.788253 0.166663 0.592352
vn 0.788250 0.166663 0.592356
vn 0.449499 0.155116 0.879710
vn 0.449501 0.155117 0.879709
vn 0.914166 0.129095 0.384233
vn 0.932972 0.114639 0.341206
vn 0.914167 0.129095 0.384231
vn 0.024534 0.074707 0.996904
vn 0.024534 0.024924 0.999388
vn 0.653084 0.168512 0.738299
vn 0.653084 0.168512 0.738298
vn 0.689415 0.161187 0.706205
vn 0.985265 0.062486 0.159212
vn 0.266627 0.119842 0.956320
vn 0.266626 0.119842 0.956320
vn 0.817491 0.155988 0.554415
vn 0.817493 0.155988 0.554413
vn 0.492786 0.151100 0.856931
vn 0.492781 0.151099 0.856934
vn 0.932972 0.114639 0.341206
vn 0.949500 0.099930 0.297428
vn 0.073535 0.074528 0.994504
vn 0.073533 0.074528 0.994504
vn 0.122377 0.074169 0.989708
vn 0.073538 0.024863 0.996982
vn 0.073533 0.024864 0.996983
vn 0.122381 0.024743 0.992175
vn 0.689412 0.161188 0.706208
vn 0.992475 0.044735 0.113983
vn 0.992475 0.044735 0.113982
vn 0.313603 0.118071 0.942185
vn 0.313601 0.118071 0.942186
vn 0.844764 0.144937 0.515137
vn 0.844765 0.144937 0.515136
vn 0.534859 0.146721 0.832105
vn 0.534865 0.146722 0.832101
vn 0.963749 0.084976 0.252917
vn 0.949500 0.099930 0.297428
vn 0.122377 0.074169 0.989708
vn 0.122377 0.024743 0.992175
vn 0.724143 0.153462 0.672359
vn 0.724144 0.153462 0.672358
vn 0.997292 0.026869 0.068462
vn 0.997292 0.026869 0.068462
vn 0.999698 0.008975 0.022869
vn 0.999698 0.008975 0.022869
vn 0.359807 0.116015 0.925786
vn 0.359810 0.116016 0.925785
vn 0.870021 0.133529 0.474588
vn 0.870020 0.133529 0.474590
vn 0.575705 0.141985 0.805236
vn 0.575706 0.141985 0.805235
vn 0.963749 0.084975 0.252916
vn 0.170915 0.073631 0.982531
vn 0.170911 0.073630 0.982531
vn 0.170915 0.024563 0.984980
vn 0.170907 0.024565 0.984981
vn 0.757116 0.145369 0.636901
vn 0.757115 0.145369 0.636902
vn 0.405132 0.113681 0.907163
vn 0.405135 0.113681 0.907162
vn 0.893169 0.121803 0.432913
vn 0.893167 0.121803 0.432916
vn 0.615093 0.136914 0.776476
vn 0.615094 0.136914 0.776475
vn 0.975689 0.069799 0.207746
vn 0.985265 0.054472 0.162129
vn 0.975689 0.069799 0.207747
vn 0.219039 0.024326 0.975413
vn 0.266631 0.024029 0.963499
vn 0.219039 0.072915 0.972988
vn 0.219039 0.072915 0.972988
vn 0.219039 0.024326 0.975413
vn 0.817493 0.128158 0.561499
vn 0.788250 0.136929 0.599927
vn 0.788252 0.136929 0.599924
vn 0.449501 0.111074 0.886347
vn 0.449494 0.111073 0.886351
vn 0.914167 0.109783 0.390189
vn 0.914166 0.109783 0.390190
vn 0.653084 0.131502 0.745781
vn 0.653084 0.131502 0.745780
vn 0.985265 0.054473 0.162129
vn 0.266623 0.072024 0.961106
vn 0.266626 0.072025 0.961105
vn 0.266623 0.024028 0.963501
vn 0.817490 0.128160 0.561502
vn 0.492786 0.108199 0.863397
vn 0.492782 0.108198 0.863400
vn 0.932972 0.097489 0.346496
vn 0.932972 0.097489 0.346496
vn 0.689415 0.125786 0.713362
vn 0.689412 0.125785 0.713364
vn 0.992475 0.038998 0.116070
vn 0.992475 0.038998 0.116071
vn 0.997292 0.023423 0.069716
vn 0.313597 0.023673 0.949261
vn 0.313598 0.023672 0.949261
vn 0.313601 0.070961 0.946900
vn 0.313598 0.070960 0.946901
vn 0.844767 0.119079 0.521717
vn 0.844764 0.119079 0.521721
vn 0.534863 0.105064 0.838381
vn 0.534859 0.105063 0.838384
vn 0.949500 0.084981 0.302039
vn 0.949500 0.084981 0.302039
vn 0.963749 0.072263 0.256837
vn 0.724143 0.119756 0.679172
vn 0.724146 0.119756 0.679170
vn 0.997292 0.023424 0.069717
vn 0.999698 0.007824 0.023288
vn 0.999698 0.006654 0.023649
vn 0.999698 0.007824 0.023288
vn 0.359809 0.023261 0.932736
vn 0.359810 0.069726 0.930417
vn 0.359810 0.023261 0.932736
vn 0.359810 0.069726 0.930417
vn 0.870019 0.109706 0.480657
vn 0.870021 0.109706 0.480654
vn 0.615093 0.098039 0.782336
vn 0.575708 0.101670 0.811310
vn 0.575705 0.101670 0.811312
vn 0.963749 0.072264 0.256839
vn 0.757112 0.113441 0.643360
vn 0.757116 0.113441 0.643356
vn 0.405133 0.022792 0.913974
vn 0.405131 0.022793 0.913974
vn 0.405131 0.068323 0.911702
vn 0.405135 0.068324 0.911700
vn 0.893167 0.100072 0.438449
vn 0.893169 0.100072 0.438446
vn 0.615089 0.098040 0.782339
vn 0.975689 0.059357 0.210967
vn 0.975689 0.059357 0.210968
vn 0.788252 0.106855 0.606004
vn 0.788254 0.106855 0.606002
vn 0.449494 0.066756 0.890785
vn 0.492782 0.065027 0.867720
vn 0.449494 0.022271 0.893006
vn 0.449498 0.022270 0.893004
vn 0.449498 0.066756 0.890783
vn 0.914167 0.090197 0.395176
vn 0.914165 0.090197 0.395180
vn 0.653084 0.094164 0.751409
vn 0.653085 0.094164 0.751408
vn 0.985265 0.046323 0.164643
vn 0.985265 0.046323 0.164642
vn 0.817491 0.100011 0.567191
vn 0.817490 0.100011 0.567192
vn 0.492789 0.021692 0.869879
vn 0.492782 0.021694 0.869882
vn 0.492782 0.065027 0.867720
vn 0.932972 0.080096 0.350925
vn 0.932972 0.080096 0.350923
vn 0.689414 0.090071 0.718745
vn 0.689415 0.090071 0.718745
vn 0.992475 0.033163 0.117870
vn 0.992475 0.033164 0.117871
vn 0.844767 0.092926 0.527004
vn 0.844765 0.092925 0.527008
vn 0.534859 0.021065 0.844679
vn 0.534862 0.063143 0.842577
vn 0.534862 0.021064 0.844677
vn 0.534863 0.063143 0.842576
vn 0.949500 0.069819 0.305900
vn 0.949501 0.069819 0.305898
vn 0.724145 0.085754 0.684296
vn 0.724146 0.085754 0.684295
vn 0.997292 0.019919 0.070798
vn 0.997292 0.019919 0.070797
vn 0.999698 0.006654 0.023649
vn 0.870021 0.085612 0.485525
vn 0.870019 0.085612 0.485527
vn 0.575711 0.020384 0.817399
vn 0.575709 0.020384 0.817401
vn 0.575709 0.061104 0.815368
vn 0.575708 0.061104 0.815369
vn 0.963748 0.059371 0.260123
vn 0.963749 0.059371 0.260122
vn 0.757116 0.081232 0.648211
vn 0.757112 0.081231 0.648215
vn 0.893169 0.078093 0.442889
vn 0.893169 0.078093 0.442889
vn 0.615091 0.019655 0.788211
vn 0.615089 0.058922 0.786253
vn 0.615089 0.019656 0.788213
vn 0.615089 0.058922 0.786253
vn 0.975689 0.048767 0.213664
vn 0.985265 0.038059 0.166747
vn 0.975689 0.048767 0.213663
vn 0.788254 0.076514 0.610575
vn 0.788253 0.076514 0.610575
vn 0.914165 0.070387 0.399185
vn 0.914165 0.070387 0.399184
vn 0.653084 0.018879 0.757050
vn 0.653087 0.018878 0.757047
vn 0.653085 0.056592 0.755167
vn 0.653087 0.056592 0.755165
vn 0.985265 0.038059 0.166747
vn 0.817489 0.071615 0.571474
vn 0.817492 0.071615 0.571471
vn 0.932973 0.062504 0.354478
vn 0.932972 0.062504 0.354480
vn 0.689414 0.054131 0.722342
vn 0.689416 0.018059 0.724141
vn 0.689417 0.018058 0.724140
vn 0.689417 0.054132 0.722339
vn 0.992475 0.027247 0.119377
vn 0.992475 0.027247 0.119376
vn 0.844767 0.066541 0.530981
vn 0.844765 0.066541 0.530985
vn 0.949500 0.054485 0.309001
vn 0.949501 0.054485 0.308998
vn 0.724143 0.017193 0.689436
vn 0.724145 0.051538 0.687720
vn 0.724141 0.051537 0.687723
vn 0.724141 0.017193 0.689437
vn 0.997292 0.016366 0.071702
vn 0.997292 0.016366 0.071702
vn 0.999698 0.005467 0.023951
vn 0.999698 0.005467 0.023951
vn 0.870021 0.061303 0.489189
vn 0.870020 0.061303 0.489190
vn 0.963748 0.046331 0.262759
vn 0.963749 0.046331 0.262757
vn 0.757114 0.016286 0.653079
vn 0.757114 0.048820 0.651456
vn 0.757114 0.016286 0.653080
vn 0.757116 0.048820 0.651454
vn 0.893169 0.055920 0.446231
vn 0.893169 0.055920 0.446231
vn 0.975689 0.038057 0.215829
vn 0.975689 0.038056 0.215830
vn 0.788252 0.015342 0.615161
vn 0.788253 0.045985 0.613630
vn 0.788256 0.015340 0.615157
vn 0.788256 0.045986 0.613627
vn 0.914165 0.050401 0.402196
vn 0.914166 0.050401 0.402194
vn 0.932973 0.044757 0.357153
vn 0.985265 0.029700 0.168437
vn 0.985265 0.029700 0.168436
vn 0.817490 0.014359 0.575763
vn 0.817492 0.014359 0.575761
vn 0.817489 0.043040 0.574334
vn 0.817490 0.043040 0.574332
vn 0.932971 0.044758 0.357158
vn 0.949500 0.039016 0.311333
vn 0.992475 0.021263 0.120586
vn 0.992475 0.021263 0.120587
vn 0.844764 0.013341 0.534973
vn 0.844764 0.039990 0.533642
vn 0.844764 0.013341 0.534972
vn 0.844767 0.039991 0.533638
vn 0.949501 0.039015 0.311330
vn 0.997292 0.012771 0.072429
vn 0.997292 0.012771 0.072429
vn 0.999698 0.004266 0.024194
vn 0.999698 0.004266 0.024194
vn 0.870021 0.012291 0.492862
vn 0.870020 0.012292 0.492863
vn 0.870021 0.036844 0.491637
vn 0.870020 0.036843 0.491638
vn 0.963749 0.033176 0.264740
vn 0.963749 0.033176 0.264740
vn 0.893169 0.033608 0.448464
vn 0.893169 0.011212 0.449581
vn 0.893168 0.033608 0.448466
vn 0.893168 0.011212 0.449584
vn 0.975689 0.027251 0.217459
vn 0.975689 0.027251 0.217458
vn 0.914166 0.030291 0.404207
vn 0.914167 0.010105 0.405213
vn 0.914167 0.030292 0.404205
vn 0.914167 0.010105 0.405213
vn 0.985265 0.021267 0.169707
vn 0.985265 0.021267 0.169708
vn 0.932973 0.008973 0.359836
vn 0.932972 0.008974 0.359837
vn 0.932973 0.026899 0.358941
vn 0.932971 0.026899 0.358945
vn 0.992475 0.015226 0.121497
vn 0.992475 0.015226 0.121497
vn 0.949501 0.023448 0.312888
vn 0.949500 0.007822 0.313670
vn 0.949499 0.007823 0.313671
vn 0.949499 0.023447 0.312891
vn 0.997292 0.009145 0.072975
vn 0.999698 0.003055 0.024377
vn 0.997292 0.009145 0.072975
vn 0.999698 0.003055 0.024377
vn 0.963749 0.006652 0.266727
vn 0.963749 0.019939 0.266064
vn 0.963749 0.006651 0.266727
vn 0.963749 0.019939 0.266064
vn 0.975689 0.005464 0.219091
vn 0.975689 0.016378 0.218546
vn 0.975689 0.016378 0.218547
vn 0.975689 0.005464 0.219091
vn 0.985265 0.004264 0.170982
vn 0.985265 0.012782 0.170557
vn 0.985265 0.012782 0.170557
vn 0.985265 0.004264 0.170982
vn 0.992475 0.003053 0.122409
vn 0.992475 0.009151 0.122105
vn 0.992475 0.003053 0.122409
vn 0.992475 0.009150 0.122105
vn 0.997292 0.001833 0.073523
vn 0.999698 0.000612 0.024560
vn 0.997292 0.005496 0.073340
vn 0.999698 0.001836 0.024499
vn 0.997292 0.001834 0.073523
vn 0.997292 0.005496 0.073340
vn 0.999698 0.001836 0.024498
vn -0.429875 0.020758 -0.902650
vn -0.019181 0.024995 -0.999503
vn -0.429928 0.013523 0.902762
vn -0.057563 0.036373 0.997679
vn -0.019186 0.012160 0.999742
vn -0.394818 0.026107 -0.918388
vn -0.359152 0.019790 -0.933069
vn -0.403603 0.063062 -0.912758
vn -0.403668 0.031034 -0.914379
vn -0.322800 0.021758 -0.946217
vn -0.285795 0.035382 -0.957637
vn -0.248107 0.062300 -0.966727
vn -0.350131 0.021533 -0.936453
vn -0.264380 0.045067 -0.963365
vn -0.210434 0.061139 -0.975694
vn -0.172647 0.036043 -0.984324
vn -0.134437 0.023534 -0.990643
vn -0.195206 0.045831 -0.979691
vn -0.096031 0.022066 -0.995134
vn -0.057578 0.028412 -0.997937
vn -0.047088 0.033540 -0.998327
vn -0.049602 0.072354 -0.996145
vn -0.105631 0.023617 -0.994125
vn -0.399108 0.146957 -0.905050
vn -0.396390 0.142329 -0.906983
vn -0.284146 0.170379 -0.943521
vn -0.393900 0.163337 -0.904524
vn -0.399109 0.188421 -0.897335
vn -0.396390 0.183887 -0.899478
vn -0.286927 0.191872 -0.938540
vn -0.396938 0.229720 -0.888633
vn -0.393900 0.204760 -0.896056
vn -0.279353 0.213902 -0.936060
vn -0.054400 0.154924 -0.986427
vn -0.054415 0.154946 -0.986423
vn -0.058833 0.174846 -0.982836
vn -0.054399 0.194753 -0.979343
vn -0.175976 0.172417 -0.969178
vn -0.171733 0.192164 -0.966220
vn -0.054413 0.194773 -0.979338
vn -0.054399 0.234262 -0.970650
vn -0.058833 0.214517 -0.974947
vn -0.175958 0.211537 -0.961401
vn -0.266060 0.230597 -0.935969
vn -0.398446 0.310170 -0.863154
vn -0.188590 0.230422 -0.954641
vn -0.193479 0.234699 -0.952619
vn -0.054414 0.234284 -0.970644
vn -0.397932 0.310998 -0.863094
vn -0.398446 0.349535 -0.847978
vn -0.281629 0.345946 -0.894990
vn -0.393658 0.331428 -0.857432
vn -0.397933 0.350358 -0.847879
vn -0.287196 0.365808 -0.885270
vn -0.398445 0.388159 -0.831008
vn -0.282414 0.386644 -0.877923
vn -0.393659 0.370508 -0.841283
vn -0.397934 0.388973 -0.830872
vn -0.053833 0.350243 -0.935111
vn -0.055650 0.347322 -0.936093
vn -0.058729 0.366144 -0.928703
vn -0.174776 0.361132 -0.915990
vn -0.053833 0.387831 -0.920157
vn -0.171831 0.379816 -0.908963
vn -0.055649 0.384953 -0.921257
vn -0.177352 0.397757 -0.900186
vn -0.058731 0.403466 -0.913108
vn -0.053833 0.424785 -0.903692
vn -0.055653 0.421949 -0.904910
vn -0.396389 0.463309 -0.792604
vn -0.267737 0.500381 -0.823368
vn -0.399271 0.498583 -0.769413
vn -0.394088 0.487441 -0.779164
vn -0.278353 0.509401 -0.814266
vn -0.286716 0.526637 -0.800280
vn -0.395877 0.504806 -0.767106
vn -0.394089 0.522753 -0.755926
vn -0.284718 0.545241 -0.788446
vn -0.399272 0.533433 -0.745675
vn -0.191762 0.509703 -0.838707
vn -0.395876 0.539546 -0.743083
vn -0.056697 0.525893 -0.848659
vn -0.053467 0.531230 -0.845539
vn -0.183857 0.517761 -0.835536
vn -0.058419 0.542918 -0.837751
vn -0.173776 0.535573 -0.826416
vn -0.053467 0.565041 -0.823328
vn -0.056698 0.559834 -0.826663
vn -0.172129 0.552366 -0.815636
vn -0.058419 0.576403 -0.815074
vn -0.178942 0.568070 -0.803291
vn -0.053466 0.597924 -0.799768
vn -0.056698 0.592855 -0.803311
vn -0.266480 0.650540 -0.711187
vn -0.274314 0.654923 -0.704150
vn -0.399420 0.630884 -0.665169
vn -0.395187 0.625611 -0.672635
vn -0.285490 0.668669 -0.686570
vn -0.394487 0.641123 -0.658287
vn -0.286273 0.684114 -0.670848
vn -0.399419 0.660799 -0.635460
vn -0.395188 0.655876 -0.643158
vn -0.394487 0.670710 -0.628115
vn -0.276686 0.701409 -0.656864
vn -0.058086 0.660521 -0.748558
vn -0.193051 0.662249 -0.723987
vn -0.181768 0.673309 -0.716669
vn -0.053306 0.690479 -0.721385
vn -0.057536 0.683582 -0.727603
vn -0.057899 0.698165 -0.713592
vn -0.172973 0.688796 -0.704017
vn -0.057536 0.712491 -0.699318
vn -0.172626 0.702959 -0.689963
vn -0.053307 0.719129 -0.692829
vn -0.268640 0.709110 -0.651916
vn -0.190831 0.722643 -0.664357
vn -0.180729 0.715730 -0.674587
vn -0.057900 0.726492 -0.684731
vn -0.057362 0.746431 -0.662986
vn -0.265597 0.776100 -0.571951
vn -0.269503 0.777310 -0.568469
vn -0.398890 0.742108 -0.538667
vn -0.396953 0.740858 -0.541810
vn -0.393765 0.754246 -0.525416
vn -0.283514 0.786868 -0.548141
vn -0.398890 0.766090 -0.503977
vn -0.287077 0.798380 -0.529316
vn -0.396953 0.764985 -0.507175
vn -0.397431 0.788996 -0.468544
vn -0.393765 0.777607 -0.490180
vn -0.280291 0.812041 -0.511886
vn -0.193946 0.789727 -0.581993
vn -0.056781 0.797667 -0.600420
vn -0.179874 0.802241 -0.569258
vn -0.053356 0.821485 -0.567728
vn -0.058167 0.814162 -0.577717
vn -0.172370 0.814716 -0.553648
vn -0.057173 0.825743 -0.561141
vn -0.173321 0.825623 -0.536942
vn -0.053356 0.843804 -0.533993
vn -0.058167 0.836891 -0.544271
vn -0.269902 0.821591 -0.502136
vn -0.189532 0.837792 -0.512037
vn -0.182713 0.834885 -0.519214
vn -0.057172 0.847791 -0.527240
vn -0.397681 0.828602 -0.394042
vn -0.265658 0.872683 -0.409696
vn -0.398747 0.845416 -0.355348
vn -0.393713 0.839983 -0.373389
vn -0.280784 0.877025 -0.389855
vn -0.397288 0.846925 -0.353384
vn -0.287134 0.884022 -0.368862
vn -0.398747 0.860859 -0.316104
vn -0.283139 0.893378 -0.348867
vn -0.393714 0.856262 -0.334373
vn -0.053612 0.902306 -0.427750
vn -0.193878 0.888033 -0.416903
vn -0.397286 0.862279 -0.314069
vn -0.192762 0.888643 -0.416120
vn -0.056236 0.904195 -0.423402
vn -0.053613 0.918889 -0.390857
vn -0.178177 0.899407 -0.399148
vn -0.058589 0.912463 -0.404942
vn -0.171967 0.908324 -0.381281
vn -0.056238 0.920601 -0.386434
vn -0.058590 0.928114 -0.367658
vn -0.053612 0.933966 -0.353319
vn -0.174216 0.915493 -0.362659
vn -0.056235 0.935496 -0.348834
vn -0.395787 0.887495 -0.236020
vn -0.394331 0.895159 -0.207832
vn -0.399382 0.895885 -0.194636
vn -0.395418 0.899244 -0.187096
vn -0.286447 0.938009 -0.195162
vn -0.394331 0.903767 -0.166457
vn -0.285233 0.942604 -0.173610
vn -0.399382 0.903887 -0.153241
vn -0.054077 0.969886 -0.237481
vn -0.395418 0.906895 -0.145555
vn -0.055092 0.970220 -0.235879
vn -0.176677 0.960924 -0.213098
vn -0.058803 0.974592 -0.216129
vn -0.054075 0.978708 -0.198007
vn -0.171761 0.965895 -0.193767
vn -0.055092 0.978977 -0.196391
vn -0.175308 0.969006 -0.174053
vn -0.058802 0.982545 -0.176485
vn -0.054074 0.985924 -0.158208
vn -0.055093 0.986128 -0.156578
vn -0.399338 0.916392 -0.027466
vn -0.395618 0.917753 -0.034868
vn -0.394215 0.918915 -0.013769
vn -0.285010 0.958417 -0.014361
vn -0.399339 0.916686 0.014697
vn -0.286575 0.958027 0.007678
vn -0.395617 0.918386 0.007360
vn -0.396065 0.916457 0.056914
vn -0.394216 0.918576 0.028495
vn -0.277778 0.960183 0.029785
vn -0.055023 0.997724 -0.038978
vn -0.054108 0.997830 -0.037517
vn -0.058809 0.998093 -0.018757
vn -0.175375 0.984328 -0.018498
vn -0.054109 0.998531 0.002922
vn -0.055021 0.998484 0.001461
vn -0.171754 0.985139 0.001442
vn -0.058809 0.998034 0.021679
vn -0.176597 0.984051 0.021375
vn -0.264077 0.963423 0.045609
vn -0.054109 0.997593 0.043359
vn -0.055022 0.997606 0.041896
vn -0.195509 0.979605 0.046375
vn -0.189832 0.980952 0.041197
vn -0.398617 0.906263 0.140683
vn -0.397570 0.906968 0.139095
vn -0.282821 0.944494 0.167161
vn -0.393681 0.905180 0.160203
vn -0.287169 0.939133 0.188581
vn -0.398618 0.898836 0.182202
vn -0.397569 0.899615 0.180646
vn -0.393681 0.896856 0.201653
vn -0.281170 0.936283 0.210518
vn -0.398618 0.889508 0.223336
vn -0.397568 0.890358 0.221814
vn -0.053632 0.985004 0.163981
vn -0.056178 0.985606 0.159453
vn -0.174273 0.968673 0.176921
vn -0.058606 0.982036 0.179362
vn -0.171949 0.965291 0.196588
vn -0.056176 0.978338 0.199245
vn -0.053634 0.977555 0.203738
vn -0.178085 0.960048 0.215854
vn -0.058607 0.973967 0.218983
vn -0.056177 0.969467 0.238702
vn -0.053633 0.968501 0.243164
vn -0.397216 0.865807 0.304300
vn -0.269503 0.904029 0.331813
vn -0.393819 0.858528 0.328384
vn -0.398994 0.850185 0.343496
vn -0.279878 0.896680 0.342977
vn -0.396693 0.849604 0.347573
vn -0.287017 0.886602 0.362709
vn -0.393819 0.842523 0.367509
vn -0.283806 0.878905 0.383379
vn -0.398995 0.833493 0.382222
vn -0.189943 0.921673 0.338290
vn -0.396694 0.832726 0.386267
vn -0.270153 0.873427 0.405146
vn -0.182834 0.920176 0.346190
vn -0.057125 0.934424 0.351551
vn -0.053365 0.931893 0.358787
vn -0.173368 0.914567 0.365392
vn -0.058196 0.927055 0.370381
vn -0.172342 0.907144 0.383912
vn -0.057124 0.919420 0.389107
vn -0.053365 0.916597 0.396234
vn -0.179772 0.897969 0.401663
vn -0.058196 0.911294 0.407623
vn -0.056712 0.899631 0.432952
vn -0.265989 0.872866 0.409092
vn -0.193546 0.888363 0.416355
vn -0.268254 0.822997 0.500715
vn -0.399439 0.772836 0.493126
vn -0.394627 0.780687 0.484559
vn -0.276174 0.816598 0.506848
vn -0.286118 0.802289 0.523898
vn -0.395012 0.769201 0.502291
vn -0.394626 0.757584 0.519939
vn -0.399439 0.749345 0.528138
vn -0.285686 0.790136 0.542280
vn -0.395013 0.745293 0.537125
vn -0.274867 0.780021 0.562153
vn -0.191229 0.838543 0.510174
vn -0.057437 0.861605 0.504320
vn -0.180840 0.833657 0.521836
vn -0.053303 0.840665 0.538926
vn -0.057863 0.846212 0.529695
vn -0.172661 0.824143 0.539422
vn -0.057578 0.835321 0.546738
vn -0.053304 0.818149 0.572531
vn -0.057863 0.824065 0.563533
vn -0.172933 0.813011 0.555974
vn -0.266885 0.776966 0.570172
vn -0.058006 0.794082 0.605036
vn -0.192635 0.791109 0.580550
vn -0.181654 0.800303 0.571416
vn -0.057578 0.812493 0.580120
vn -0.399205 0.669656 0.626256
vn -0.396100 0.674561 0.622954
vn -0.393998 0.660707 0.638931
vn -0.284470 0.689154 0.666441
vn -0.399205 0.640154 0.656382
vn -0.286818 0.673157 0.681612
vn -0.396100 0.645206 0.653310
vn -0.053451 0.742698 0.667490
vn -0.393998 0.630632 0.668632
vn -0.396643 0.610037 0.685951
vn -0.278810 0.658925 0.698630
vn -0.056751 0.738296 0.672085
vn -0.179039 0.713976 0.676892
vn -0.058394 0.724464 0.686835
vn -0.053452 0.715055 0.697022
vn -0.172152 0.700993 0.692078
vn -0.056752 0.710470 0.701435
vn -0.173723 0.686641 0.705935
vn -0.058395 0.696053 0.715611
vn -0.053452 0.686239 0.725410
vn -0.268155 0.651660 0.709529
vn -0.183731 0.670961 0.718369
vn -0.191331 0.663938 0.722897
vn -0.056751 0.681481 0.729632
vn -0.398238 0.544102 0.738484
vn -0.398292 0.544023 0.738514
vn -0.282067 0.551172 0.785269
vn -0.393652 0.528115 0.752418
vn -0.398240 0.509570 0.762721
vn -0.398292 0.509491 0.762747
vn -0.287201 0.532118 0.796471
vn -0.281989 0.514493 0.809802
vn -0.393652 0.492958 0.775906
vn -0.053807 0.593220 0.803240
vn -0.398239 0.473963 0.785344
vn -0.398292 0.473882 0.785366
vn -0.055717 0.590534 0.805087
vn -0.177437 0.565873 0.805173
vn -0.058718 0.574005 0.816744
vn -0.053808 0.560199 0.826608
vn -0.171843 0.550003 0.817292
vn -0.055716 0.557441 0.828345
vn -0.058717 0.540457 0.839320
vn -0.053806 0.526261 0.848619
vn -0.174712 0.533064 0.827839
vn -0.055717 0.523432 0.850244
vn -0.265595 0.409261 0.872906
vn -0.396699 0.400029 0.826200
vn -0.399190 0.361189 0.842728
vn -0.278910 0.393171 0.876143
vn -0.393978 0.376304 0.838556
vn -0.286840 0.372008 0.882798
vn -0.396153 0.356555 0.846128
vn -0.284412 0.351873 0.891793
vn -0.399190 0.322053 0.858446
vn -0.393978 0.337345 0.854973
vn -0.193955 0.416447 0.888231
vn -0.054370 0.419474 0.906138
vn -0.396152 0.317267 0.861629
vn -0.188738 0.412407 0.891234
vn -0.054471 0.419331 0.906198
vn -0.176030 0.395210 0.901567
vn -0.054370 0.382425 0.922386
vn -0.058833 0.400784 0.914282
vn -0.171732 0.377162 0.910086
vn -0.054470 0.382281 0.922439
vn -0.054368 0.344751 0.937118
vn -0.175901 0.358377 0.916856
vn -0.058831 0.363422 0.929765
vn -0.054474 0.344598 0.937169
vn -0.263915 0.232629 0.936073
vn -0.394974 0.210890 0.894159
vn -0.399442 0.200873 0.894481
vn -0.274991 0.220704 0.935772
vn -0.285731 0.198478 0.937531
vn -0.394658 0.190301 0.898905
vn -0.394973 0.169554 0.902911
vn -0.286082 0.176846 0.941744
vn -0.399443 0.159529 0.902771
vn -0.395060 0.118093 0.911033
vn -0.394659 0.148764 0.906705
vn -0.195680 0.236517 0.951719
vn -0.186248 0.227726 0.955747
vn -0.055598 0.231423 0.971263
vn -0.053854 0.228581 0.972034
vn -0.058739 0.211663 0.975576
vn -0.174824 0.208764 0.962213
vn -0.171822 0.189334 0.966762
vn -0.055600 0.191895 0.979839
vn -0.053853 0.189022 0.980495
vn -0.177288 0.169537 0.969446
vn -0.058740 0.171969 0.983350
vn -0.405349 0.041067 0.913239
vn -0.055601 0.152047 0.986808
vn -0.053855 0.149150 0.987347
vn -0.350190 0.038817 0.935874
vn -0.403692 0.029056 0.914434
vn -0.403670 0.037915 0.914119
vn -0.394862 0.021414 0.918491
vn -0.359199 0.011419 0.933191
vn -0.322799 0.021866 0.946215
vn -0.172650 0.035433 0.984346
vn -0.134441 0.022084 0.990675
vn -0.051244 0.028368 0.998283
vn -0.105633 0.022161 0.994158
vn -0.050418 0.068762 0.996358
vn -0.047005 0.036439 0.998230
vn -0.096034 0.020506 0.995167
vn -0.395051 0.105388 -0.912594
vn -0.285504 0.066419 -0.956073
vn -0.394610 0.071790 -0.916040
vn -0.286218 0.113224 -0.951451
vn -0.350128 0.064917 -0.934449
vn -0.392270 0.108697 -0.913405
vn -0.058054 0.114820 -0.991688
vn -0.062228 0.119445 -0.990889
vn -0.105632 0.070422 -0.991909
vn -0.057464 0.078687 -0.995242
vn -0.172395 0.069758 -0.982555
vn -0.172957 0.152837 -0.972999
vn -0.172348 0.117886 -0.977957
vn -0.286076 0.148549 -0.946622
vn -0.279569 0.163030 -0.946183
vn -0.173147 0.117126 -0.977907
vn -0.285471 0.113973 -0.951586
vn -0.179382 0.167046 -0.969494
vn -0.396700 0.270372 -0.877228
vn -0.283186 0.245414 -0.927134
vn -0.392862 0.235314 -0.888981
vn -0.288346 0.290151 -0.912507
vn -0.390306 0.278988 -0.877398
vn -0.055673 0.273370 -0.960297
vn -0.060386 0.311957 -0.948175
vn -0.170535 0.262422 -0.949764
vn -0.061544 0.265818 -0.962057
vn -0.061197 0.312719 -0.947872
vn -0.279822 0.343796 -0.896384
vn -0.286840 0.324749 -0.901255
vn -0.175415 0.303391 -0.936581
vn -0.170088 0.308741 -0.935815
vn -0.283356 0.295539 -0.912341
vn -0.180017 0.352251 -0.918429
vn -0.174224 0.342541 -0.923207
vn -0.278822 0.391860 -0.876758
vn -0.285078 0.438777 -0.852177
vn -0.173117 0.416223 -0.892630
vn -0.180280 0.401356 -0.898005
vn -0.286216 0.406251 -0.867779
vn -0.395320 0.426587 -0.813478
vn -0.390550 0.422603 -0.817849
vn -0.286590 0.439805 -0.851139
vn -0.394228 0.461439 -0.794770
vn -0.285239 0.481243 -0.828881
vn -0.172140 0.492136 -0.853329
vn -0.059374 0.498712 -0.864732
vn -0.058371 0.460923 -0.885518
vn -0.057107 0.496448 -0.866186
vn -0.171933 0.449686 -0.876482
vn -0.063687 0.455557 -0.887925
vn -0.173546 0.450826 -0.875579
vn -0.174417 0.611108 -0.772092
vn -0.278884 0.554773 -0.783870
vn -0.172229 0.584937 -0.792582
vn -0.179222 0.568339 -0.803038
vn -0.285093 0.563163 -0.775609
vn -0.284279 0.595015 -0.751759
vn -0.393341 0.568738 -0.722371
vn -0.395964 0.600613 -0.694606
vn -0.392796 0.568431 -0.722909
vn -0.287154 0.628313 -0.723025
vn -0.394097 0.602853 -0.693726
vn -0.287408 0.592032 -0.752924
vn -0.059140 0.659594 -0.749292
vn -0.171075 0.613939 -0.770592
vn -0.174333 0.650632 -0.739112
vn -0.056433 0.629721 -0.774769
vn -0.064274 0.621836 -0.780505
vn -0.286757 0.720150 -0.631786
vn -0.395636 0.690550 -0.605486
vn -0.395426 0.690453 -0.605733
vn -0.288784 0.752810 -0.591507
vn -0.397409 0.717060 -0.572618
vn -0.392093 0.723348 -0.568358
vn -0.285648 0.736613 -0.613030
vn -0.284977 0.738468 -0.611108
vn -0.394672 0.706242 -0.587755
vn -0.173808 0.737301 -0.652824
vn -0.058695 0.747405 -0.661770
vn -0.053962 0.772816 -0.632331
vn -0.172614 0.754212 -0.633536
vn -0.057422 0.764443 -0.642129
vn -0.173806 0.758688 -0.627841
vn -0.177115 0.783320 -0.595852
vn -0.060948 0.794424 -0.604298
vn -0.055348 0.774202 -0.630514
vn -0.171788 0.763863 -0.622095
vn -0.284889 0.826694 -0.485197
vn -0.393978 0.792679 -0.465233
vn -0.286135 0.838683 -0.463398
vn -0.398707 0.809216 -0.431512
vn -0.395113 0.804060 -0.444268
vn -0.284689 0.842794 -0.456782
vn -0.397378 0.810741 -0.429872
vn -0.287147 0.846285 -0.448719
vn -0.280901 0.862974 -0.419964
vn -0.391771 0.827301 -0.402604
vn -0.056747 0.864577 -0.499286
vn -0.171841 0.851946 -0.494629
vn -0.058653 0.863322 -0.501234
vn -0.057959 0.876081 -0.478668
vn -0.054630 0.884193 -0.463917
vn -0.173137 0.864303 -0.472233
vn -0.174107 0.865746 -0.469222
vn -0.062746 0.889274 -0.453050
vn -0.169253 0.878175 -0.447395
vn -0.179337 0.918103 -0.353446
vn -0.283856 0.911061 -0.298986
vn -0.173941 0.922695 -0.344061
vn -0.280145 0.895865 -0.344885
vn -0.286723 0.900162 -0.327868
vn -0.287857 0.911260 -0.294524
vn -0.393034 0.887781 -0.239518
vn -0.396408 0.875450 -0.276493
vn -0.391492 0.875585 -0.282993
vn -0.174892 0.935500 -0.307006
vn -0.170619 0.934822 -0.311444
vn -0.062286 0.961229 -0.268626
vn -0.059894 0.947169 -0.315094
vn -0.055976 0.959371 -0.276538
vn -0.060321 0.947005 -0.315503
vn -0.170744 0.948956 -0.265197
vn -0.280463 0.936681 -0.209687
vn -0.287752 0.924644 -0.249463
vn -0.177998 0.960264 -0.214966
vn -0.172061 0.957204 -0.232714
vn -0.284704 0.933778 -0.216799
vn -0.283975 0.924600 -0.253916
vn -0.174776 0.949456 -0.260742
vn -0.172761 0.972778 -0.154458
vn -0.178754 0.969390 -0.168314
vn -0.280101 0.945820 -0.164221
vn -0.172827 0.977502 -0.120912
vn -0.285877 0.946158 -0.151856
vn -0.393642 0.912294 -0.112986
vn -0.285779 0.951047 -0.117640
vn -0.285922 0.950988 -0.117778
vn -0.394682 0.911994 -0.111768
vn -0.394806 0.916115 -0.069717
vn -0.393333 0.916871 -0.068100
vn -0.285921 0.955621 -0.070978
vn -0.061512 0.995387 -0.073628
vn -0.061405 0.990582 -0.122379
vn -0.172675 0.977547 -0.120769
vn -0.057652 0.991323 -0.118128
vn -0.057783 0.995287 -0.077882
vn -0.172827 0.982258 -0.072807
vn -0.172673 0.982296 -0.072660
vn -0.285777 0.955675 -0.070836
vn -0.285944 0.957555 -0.036380
vn -0.280003 0.959707 -0.023674
vn -0.172823 0.984202 -0.038450
vn -0.178879 0.983572 -0.024263
vn -0.396506 0.912682 0.098967
vn -0.392954 0.917546 0.060795
vn -0.391231 0.914188 0.105825
vn -0.283410 0.956901 0.063403
vn -0.287998 0.951279 0.110119
vn -0.179464 0.969432 0.167312
vn -0.174031 0.972101 0.157268
vn -0.280098 0.945986 0.163266
vn -0.283711 0.952009 0.114833
vn -0.286762 0.946931 0.145224
vn -0.175045 0.977475 0.117905
vn -0.055873 0.994922 0.083718
vn -0.060054 0.990474 0.123911
vn -0.062178 0.995203 0.075534
vn -0.170649 0.982506 0.074571
vn -0.060427 0.990405 0.124287
vn -0.170465 0.977695 0.122692
vn -0.284726 0.920682 0.266974
vn -0.286332 0.929713 0.231619
vn -0.173265 0.956314 0.235464
vn -0.278466 0.936244 0.214252
vn -0.180829 0.958731 0.219398
vn -0.286931 0.919500 0.268684
vn -0.394063 0.868481 0.300757
vn -0.389552 0.884036 0.258321
vn -0.395550 0.879571 0.264376
vn -0.285011 0.905751 0.313663
vn -0.173913 0.945800 0.274258
vn -0.064450 0.959009 0.275950
vn -0.171940 0.932189 0.318529
vn -0.058734 0.944648 0.322786
vn -0.171559 0.946759 0.272426
vn -0.058659 0.957588 0.282105
vn -0.056866 0.945476 0.320690
vn -0.392338 0.820659 0.415439
vn -0.288660 0.854215 0.432426
vn -0.397326 0.815682 0.420470
vn -0.284991 0.843932 0.454488
vn -0.395745 0.796078 0.457870
vn -0.395124 0.795938 0.458650
vn -0.394657 0.807893 0.437669
vn -0.286877 0.830023 0.478291
vn -0.285605 0.842641 0.456494
vn -0.060809 0.897240 0.437336
vn -0.176888 0.884729 0.431237
vn -0.173789 0.867046 0.466936
vn -0.053912 0.881495 0.469105
vn -0.055463 0.882631 0.466784
vn -0.171803 0.870848 0.460552
vn -0.173964 0.850675 0.496074
vn -0.172596 0.863630 0.473659
vn -0.057372 0.875345 0.480084
vn -0.058828 0.862351 0.502883
vn -0.395857 0.725497 0.562984
vn -0.393482 0.699622 0.596407
vn -0.394390 0.727080 0.561970
vn -0.392472 0.699255 0.597502
vn -0.287029 0.757921 0.585808
vn -0.056544 0.768991 0.636754
vn -0.174163 0.782596 0.597672
vn -0.059000 0.793357 0.605891
vn -0.171209 0.752723 0.635686
vn -0.064398 0.762418 0.643873
vn -0.179367 0.714225 0.676542
vn -0.172274 0.728432 0.663105
vn -0.287280 0.728207 0.622241
vn -0.284403 0.730660 0.620686
vn -0.174282 0.750468 0.637513
vn -0.285179 0.704143 0.650273
vn -0.278767 0.697220 0.660434
vn -0.394132 0.608356 0.688885
vn -0.285112 0.634463 0.718448
vn -0.286748 0.598142 0.748332
vn -0.390270 0.574850 0.719192
vn -0.395435 0.578181 0.713679
vn -0.172026 0.649481 0.740663
vn -0.059287 0.658150 0.750549
vn -0.063809 0.620356 0.781720
vn -0.056986 0.656168 0.752460
vn -0.058512 0.625099 0.778349
vn -0.278758 0.555585 0.783339
vn -0.171761 0.612385 0.771675
vn -0.173717 0.613521 0.770334
vn -0.284917 0.597171 0.749806
vn -0.286274 0.568342 0.771385
vn -0.180425 0.569022 0.802285
vn -0.173189 0.582515 0.794155
vn -0.283506 0.468447 0.836769
vn -0.179886 0.524887 0.831946
vn -0.279856 0.512270 0.811948
vn -0.286803 0.494997 0.820196
vn -0.174127 0.516238 0.838557
vn -0.288198 0.463494 0.837923
vn -0.390557 0.445588 0.805553
vn -0.396603 0.437616 0.806969
vn -0.283325 0.422458 0.860963
vn -0.392930 0.405077 0.825541
vn -0.170618 0.443053 0.880110
vn -0.175258 0.480929 0.859065
vn -0.061087 0.492017 0.868440
vn -0.060220 0.491277 0.868919
vn -0.055771 0.455797 0.888335
vn -0.061643 0.448791 0.891508
vn -0.170246 0.485741 0.857363
vn -0.285621 0.298092 0.910803
vn -0.279654 0.344718 0.896082
vn -0.286012 0.331102 0.899204
vn -0.179251 0.353228 0.918204
vn -0.172890 0.339913 0.924429
vn -0.285642 0.252610 0.924444
vn -0.394422 0.242223 0.886431
vn -0.286069 0.297635 0.910812
vn -0.394931 0.282805 0.874100
vn -0.394555 0.242351 0.886336
vn -0.392567 0.285680 0.874230
vn -0.172508 0.306816 0.936005
vn -0.060815 0.263985 0.962608
vn -0.172988 0.306360 0.936065
vn -0.057918 0.306445 0.950125
vn -0.057519 0.267711 0.961781
vn -0.172534 0.260508 0.949930
vn -0.062118 0.310884 0.948416
vn -0.350118 0.072368 0.933906
vn -0.393071 0.115935 0.912170
vn -0.396304 0.076034 0.914966
vn -0.399091 0.079401 0.913467
vn -0.287674 0.073992 0.954866
vn -0.284023 0.116908 0.951663
vn -0.284799 0.155201 0.945940
vn -0.178314 0.168059 0.969516
vn -0.280011 0.163963 0.945891
vn -0.172097 0.150011 0.973591
vn -0.174718 0.120054 0.977272
vn -0.287697 0.120753 0.950078
vn -0.288451 0.017256 0.957339
vn -0.297041 0.043357 0.953880
vn -0.173657 0.036144 0.984143
vn -0.285791 0.035829 0.957622
vn -0.248521 0.023614 0.968339
vn -0.210769 0.023831 0.977245
vn -0.284050 0.070071 0.956246
vn -0.105628 0.068521 0.992042
vn -0.170824 0.067894 0.982960
vn -0.059063 0.076189 0.995343
vn -0.170794 0.116041 0.978450
vn -0.062834 0.117539 0.991078
vn -0.056080 0.109023 0.992456
vn -0.174691 0.071958 0.981990
vn 1.000000 0.000000 -0.000000
vn 1.000000 0.000000 0.000000
vn 1.000000 0.000000 -0.000000
vn 1.000000 0.000000 0.000000
vn 1.000000 0.000000 -0.000000
vn 1.000000 0.000000 -0.000000
vn 1.000000 0.000000 0.000000
vn 1.000000 0.000000 -0.000000
vn 1.000000 0.000000 -0.000000
vn 1.000000 0.000000 -0.000000
vn 1.000000 0.000000 0.000000
vn 1.000000 0.000000 -0.000000
vn 1.000000 0.000000 -0.000000
vn 1.000000 0.000000 -0.000000
vn 1.000000 0.000000 0.000000
vn 1.000000 0.000000 -0.000000
vn 1.000000 0.000000 -0.000000
vn 1.000000 0.000000 0.000000
vn 1.000000 0.000000 -0.000000
vn 1.000000 0.000000 -0.000000
vn 1.000000 0.000000 -0.000000
vn 1.000000 0.000000 0.000000
vn 1.000000 0.000000 -0.000000
vn 1.000000 0.000000 -0.000000
vn 1.000000 0.000000 -0.000000
vn 1.000000 0.000000 0.000000
vn 1.000000 0.000000 -0.000000
vn 1.000000 0.000000 -0.000000
vn 1.000000 0.000000 -0.000000
vn 1.000000 0.000000 -0.000000
vn 1.000000 0.000000 0.000000
vn 1.000000 0.000000 -0.000000
vn 1.000000 0.000000 -0.000000
vn 1.000000 0.000000 -0.000000
vn 1.000000 0.000000 0.000000
vn 1.000000 0.000000 0.000000
vn 1.000000 0.000000 0.000000
vn 1.000000 0.000000 0.000000
vn 1.000000 0.000000 0.000000
vn 1.000000 0.000000 0.000000
vn 1.000000 0.000000 0.000000
vn 1.000000 0.000000 0.000000
vn 1.000000 0.000000 0.000000
vn 1.000000 0.000000 0.000000
vn 1.000000 0.000000 0.000000
vn 1.000000 0.000000 0.000000
vn 1.000000 0.000000 0.000000
vn 1.000000 0.000000 0.000000
vn 1.000000 0.000000 0.000000
vn 1.000000 0.000000 0.000000
vn 1.000000 0.000000 0.000000
vn 1.000000 0.000000 0.000000
vn 1.000000 0.000000 0.000000
vn 1.000000 0.000000 0.000000
vn 1.000000 0.000000 0.000000
vn 1.000000 0.000000 0.000000
vn 1.000000 0.000000 0.000000
vn 1.000000 0.000000 0.000000
vn 1.000000 0.000000 0.000000
vn 1.000000 0.000000 0.000000
vn 1.000000 0.000000 0.000000
vn 1.000000 0.000000 0.000000
vn 1.000000 0.000000 0.000000
vn 1.000000 0.000000 0.000000
vn 1.000000 0.000000 0.000000
vn 1.000000 0.000000 -0.000000
vn 1.000000 0.000000 0.000000
vn 1.000000 0.000000 -0.000000
vn 1.000000 0.000000 -0.000000
vn 1.000000 0.000000 -0.000000
vn 1.000000 0.000000 -0.000000
vn 1.000000 0.000000 0.000000
vn 1.000000 0.000000 0.000000
vn 1.000000 0.000000 0.000000
vn 1.000000 0.000000 -0.000000
vn 1.000000 0.000000 0.000000
vn 1.000000 0.000000 0.000000
vn 1.000000 0.000000 0.000000
vn 1.000000 0.000000 0.000000
vn 1.000000 0.000000 -0.000000
vn 1.000000 0.000000 0.000000
vn 1.000000 0.000000 0.000000
vn 1.000000 0.000000 0.000000
vn 1.000000 0.000000 0.000000
vn 1.000000 0.000000 -0.000000
vn 1.000000 0.000000 0.000000
vn 1.000000 0.000000 0.000000
vn 1.000000 0.000000 0.000000
vn 1.000000 0.000000 0.000000
vn 1.000000 0.000000 -0.000000
vn 1.000000 0.000000 0.000000
vn 1.000000 0.000000 0.000000
vn 1.000000 0.000000 0.000000
vn 1.000000 0.000000 0.000000
vn 1.000000 0.000000 -0.000000
vn 1.000000 0.000000 0.000000
vn 1.000000 0.000000 0.000000
vn 1.000000 0.000000 0.000000
vn 1.000000 0.000000 0.000000
vn 1.000000 0.000000 -0.000000
vn 1.000000 0.000000 0.000000
vn 1.000000 0.000000 0.000000
vn 1.000000 0.000000 0.000000
vn 1.000000 0.000000 0.000000
vn 1.000000 0.000000 -0.000000
vn 1.000000 0.000000 0.000000
vn 1.000000 0.000000 0.000000
vn 1.000000 0.000000 0.000000
vn 1.000000 0.000000 0.000000
vn 1.000000 0.000000 -0.000000
vn 1.000000 0.000000 0.000000
vn 1.000000 0.000000 0.000000
vn 1.000000 0.000000 0.000000
vn 1.000000 0.000000 -0.000000
vn 1.000000 0.000000 0.000000
vn 1.000000 0.000000 0.000000
vn 1.000000 0.000000 0.000000
vn 1.000000 0.000000 0.000000
vn 1.000000 0.000000 -0.000000
vn 1.000000 0.000000 0.000000
vn 1.000000 0.000000 0.000000
vn 1.000000 0.000000 0.000000
vn 1.000000 0.000000 -0.000000
vn 1.000000 0.000000 0.000000
vn 1.000000 0.000000 0.000000
vn 1.000000 0.000000 0.000000
vn 1.000000 0.000000 -0.000000
vn 1.000000 0.000000 0.000000
vn 1.000000 0.000000 -0.000000
vn 1.000000 0.000000 0.000000
vn -0.446782 0.131271 -0.884960
vn -0.446782 0.217380 -0.867831
vn -0.446782 0.301396 -0.842346
vn -0.446782 0.382509 -0.808747
vn 0.000000 0.000000 0.000000
vn -0.446782 0.459938 -0.767361
vn -0.446782 0.131271 -0.884960
vn -0.446782 0.131271 -0.884960
vn -0.446782 0.532938 -0.718584
vn -0.446782 0.217381 -0.867831
vn -0.446782 0.217380 -0.867831
vn -0.446782 0.600805 -0.662887
vn -0.446782 0.301396 -0.842346
vn -0.446782 0.301396 -0.842346
vn -0.446782 0.662887 -0.600805
vn -0.446782 0.382509 -0.808747
vn -0.446782 0.459939 -0.767361
vn -0.446782 0.382509 -0.808747
vn -0.446782 0.718584 -0.532938
vn 0.000000 0.000000 0.000000
vn -0.446782 0.532938 -0.718584
vn -0.446782 0.459938 -0.767361
vn -0.446782 0.767361 -0.459938
vn -0.446782 0.131271 -0.884960
vn -0.446782 0.131271 -0.884960
vn -0.446782 0.532938 -0.718584
vn -0.446782 0.808747 -0.382509
vn -0.446782 0.217381 -0.867831
vn -0.446782 0.217380 -0.867831
vn -0.446782 0.600806 -0.662886
vn -0.446782 0.600805 -0.662887
vn -0.446782 0.842346 -0.301396
vn -0.446782 0.301396 -0.842346
vn -0.446782 0.301396 -0.842345
vn -0.446782 0.662886 -0.600805
vn -0.446782 0.662887 -0.600805
vn -0.446782 0.867831 -0.217380
vn -0.446782 0.382509 -0.808747
vn -0.446782 0.382509 -0.808748
vn -0.446782 0.459938 -0.767361
vn -0.446782 0.718584 -0.532938
vn -0.446782 0.718584 -0.532938
vn -0.004786 0.995398 0.095711
vn -0.446782 0.884960 -0.131271
vn -0.446782 0.459938 -0.767361
vn -0.446782 0.767361 -0.459938
vn -0.446782 0.767361 -0.459939
vn -0.446783 0.131271 -0.884959
vn -0.446783 0.131271 -0.884959
vn -0.446782 0.893565 -0.043898
vn -0.446782 0.532938 -0.718584
vn -0.446782 0.532938 -0.718584
vn -0.446782 0.808747 -0.382509
vn -0.446782 0.808747 -0.382509
vn -0.446783 0.217380 -0.867831
vn -0.446783 0.217381 -0.867831
vn -0.446782 0.893565 0.043898
vn -0.446782 0.662886 -0.600806
vn -0.446782 0.600806 -0.662886
vn -0.446782 0.600806 -0.662886
vn -0.446782 0.842346 -0.301396
vn -0.446782 0.842346 -0.301396
vn -0.446783 0.301396 -0.842345
vn -0.446783 0.301396 -0.842345
vn -0.446782 0.884960 0.131271
vn -0.446782 0.662886 -0.600806
vn -0.446782 0.867831 -0.217381
vn -0.446782 0.867831 -0.217380
vn -0.446783 0.382509 -0.808747
vn -0.446783 0.382509 -0.808747
vn -0.446782 0.867831 0.217380
vn -0.446782 0.718584 -0.532938
vn -0.446782 0.767361 -0.459938
vn -0.446782 0.718584 -0.532938
vn -0.446782 0.043900 -0.893565
vn -0.446782 0.131271 -0.884960
vn 0.020811 -0.998917 -0.041622
vn -0.446782 0.884960 -0.131271
vn -0.446782 0.884960 -0.131271
vn -0.446783 0.459938 -0.767360
vn -0.446783 0.459938 -0.767361
vn -0.446782 0.842346 0.301396
vn -0.446782 0.767361 -0.459938
vn -0.446782 0.131271 -0.884960
vn -0.446782 0.893565 0.043898
vn -0.446782 0.893565 -0.043898
vn -0.446782 0.893565 -0.043898
vn -0.446783 0.532938 -0.718584
vn -0.446783 0.532938 -0.718584
vn -0.446782 0.808747 0.382509
vn -0.446782 0.808748 -0.382509
vn -0.446782 0.808748 -0.382509
vn -0.446782 0.217380 -0.867831
vn -0.446782 0.217381 -0.867831
vn -0.446782 0.893565 0.043898
vn -0.446783 0.600806 -0.662886
vn -0.446783 0.600805 -0.662886
vn -0.446782 0.767361 0.459938
vn -0.446782 0.842345 -0.301396
vn -0.446782 0.842345 -0.301396
vn -0.446782 0.301396 -0.842346
vn -0.446782 0.301396 -0.842346
vn -0.446782 0.884960 0.131271
vn -0.446782 0.884960 0.131271
vn -0.446783 0.662886 -0.600806
vn -0.446783 0.662886 -0.600805
vn -0.446782 0.718584 0.532938
vn -0.446782 0.867831 -0.217380
vn -0.446782 0.884960 -0.131271
vn -0.446782 0.867831 -0.217381
vn -0.446782 0.382509 -0.808747
vn -0.446782 0.382509 -0.808747
vn -0.446782 0.867831 0.217380
vn -0.446782 0.867831 0.217381
vn -0.446783 0.718584 -0.532938
vn -0.446783 0.718584 -0.532938
vn -0.446783 0.043897 -0.893565
vn -0.446782 0.662887 0.600805
vn -0.446782 0.884960 -0.131271
vn -0.446782 0.459938 -0.767361
vn -0.446782 0.459938 -0.767361
vn -0.446782 0.842346 0.301396
vn -0.446782 0.842346 0.301396
vn -0.446783 0.767360 -0.459938
vn -0.446783 0.767361 -0.459938
vn -0.446783 0.808747 -0.382509
vn -0.446783 0.131271 -0.884959
vn -0.446783 0.131271 -0.884959
vn -0.446782 0.600805 0.662887
vn -0.446782 0.893565 -0.043898
vn -0.446782 0.893565 -0.043898
vn -0.446782 0.893565 0.043898
vn -0.446782 0.532938 -0.718584
vn -0.446782 0.532938 -0.718584
vn -0.446782 0.808747 0.382509
vn -0.446782 0.808747 0.382509
vn -0.446783 0.808747 -0.382509
vn -0.446783 0.217381 -0.867831
vn -0.446783 0.217381 -0.867831
vn -0.446782 0.532938 0.718584
vn -0.446782 0.893565 0.043898
vn -0.446782 0.662886 -0.600805
vn -0.446782 0.600805 -0.662887
vn -0.446782 0.600805 -0.662886
vn -0.446782 0.767361 0.459938
vn -0.446782 0.767361 0.459938
vn -0.446783 0.842345 -0.301396
vn -0.446783 0.842345 -0.301396
vn -0.446783 0.867831 -0.217381
vn -0.446783 0.301396 -0.842345
vn -0.446783 0.301396 -0.842345
vn -0.446782 0.459938 0.767361
vn -0.446782 0.884960 0.131271
vn -0.446782 0.884960 0.131271
vn -0.446782 0.662887 -0.600805
vn -0.446782 0.718584 0.532938
vn -0.446782 0.718584 0.532938
vn -0.446783 0.867831 -0.217380
vn -0.446783 0.382509 -0.808747
vn -0.446783 0.382509 -0.808747
vn -0.446782 0.382509 0.808747
vn -0.446782 0.867831 0.217380
vn -0.446782 0.842345 0.301396
vn -0.446782 0.867831 0.217381
vn -0.446782 0.718584 -0.532938
vn -0.446782 0.767361 -0.459938
vn -0.446782 0.718584 -0.532938
vn -0.446782 0.043901 -0.893565
vn -0.446782 0.662887 0.600805
vn -0.446782 0.662886 0.600806
vn -0.446783 0.884959 -0.131271
vn -0.446783 0.884959 -0.131271
vn -0.446783 0.459938 -0.767360
vn -0.446783 0.459938 -0.767361
vn -0.446782 0.301396 0.842346
vn -0.446782 0.842345 0.301396
vn -0.446782 0.808748 0.382509
vn -0.446782 0.767361 -0.459938
vn -0.446782 0.131271 -0.884960
vn -0.446782 0.131271 -0.884960
vn -0.446782 0.217381 -0.867831
vn -0.446782 0.600805 0.662887
vn -0.446782 0.600805 0.662886
vn -0.446783 0.893565 0.043899
vn -0.446783 0.893565 -0.043898
vn -0.446783 0.893565 -0.043899
vn -0.446783 0.532938 -0.718583
vn -0.446783 0.532938 -0.718584
vn -0.446782 0.217380 0.867831
vn -0.446782 0.808747 0.382509
vn -0.446782 0.808747 -0.382509
vn -0.446782 0.808747 -0.382509
vn -0.446782 0.217380 -0.867831
vn -0.446782 0.532938 0.718584
vn -0.446782 0.532938 0.718584
vn -0.446783 0.893565 0.043898
vn -0.446783 0.662886 -0.600805
vn -0.446783 0.600806 -0.662886
vn -0.446783 0.600805 -0.662886
vn -0.446782 0.131271 0.884960
vn -0.446782 0.767361 0.459938
vn -0.446782 0.767361 0.459938
vn -0.446782 0.718584 0.532938
vn -0.446782 0.842346 -0.301396
vn -0.446782 0.842346 -0.301396
vn -0.446782 0.301396 -0.842345
vn -0.446782 0.301396 -0.842346
vn -0.446782 0.459939 0.767361
vn -0.446782 0.459938 0.767361
vn -0.446783 0.884959 0.131271
vn -0.446783 0.884959 0.131271
vn -0.446783 0.662886 -0.600806
vn -0.446783 0.718583 -0.532938
vn -0.446782 0.718584 0.532938
vn -0.446782 0.867831 -0.217380
vn -0.446782 0.884960 -0.131271
vn -0.446782 0.867831 -0.217381
vn -0.446782 0.382510 -0.808747
vn -0.446782 0.382509 -0.808748
vn -0.446782 0.382509 0.808747
vn -0.446782 0.382509 0.808747
vn -0.446783 0.867831 0.217381
vn -0.446783 0.867831 0.217380
vn -0.446783 0.718584 -0.532938
vn -0.446783 0.043897 -0.893565
vn -0.446782 0.662886 0.600806
vn -0.446782 0.662886 0.600806
vn -0.446782 0.600806 0.662886
vn -0.446782 0.884960 -0.131271
vn -0.446782 0.459938 -0.767361
vn -0.446782 0.459938 -0.767361
vn -0.446782 0.301396 0.842346
vn -0.446782 0.301396 0.842346
vn -0.446783 0.842345 0.301396
vn -0.446783 0.842345 0.301396
vn -0.446783 0.767361 -0.459938
vn -0.446783 0.767360 -0.459938
vn -0.446783 0.131271 -0.884959
vn -0.446783 0.131271 -0.884959
vn -0.446783 0.217380 -0.867831
vn -0.446782 0.600806 0.662886
vn -0.446782 0.532938 0.718584
vn -0.446782 0.893565 -0.043898
vn -0.446782 0.893565 -0.043898
vn -0.446782 0.893565 0.043898
vn -0.446782 0.532938 -0.718584
vn -0.446782 0.532938 -0.718584
vn -0.446782 0.217380 0.867831
vn -0.446782 0.217381 0.867831
vn -0.446782 0.131271 0.884960
vn -0.446783 0.808747 0.382509
vn -0.446783 0.808747 0.382509
vn -0.446783 0.808747 -0.382509
vn -0.446783 0.808747 -0.382509
vn -0.446783 0.217380 -0.867831
vn -0.446782 0.532938 0.718584
vn -0.446782 0.893565 0.043898
vn -0.446782 0.600806 -0.662886
vn -0.446782 0.600805 -0.662887
vn -0.446782 0.131271 0.884960
vn 0.000000 0.000000 0.000000
vn -0.446783 0.767361 0.459938
vn -0.446783 0.767360 0.459938
vn -0.446783 0.842345 -0.301396
vn -0.446783 0.842345 -0.301396
vn -0.446783 0.382510 -0.808747
vn -0.446783 0.301396 -0.842345
vn -0.446783 0.301396 -0.842345
vn -0.446782 0.382509 0.808747
vn -0.446782 0.459938 0.767361
vn -0.446782 0.459938 0.767361
vn -0.446782 0.884960 0.131271
vn -0.446782 0.884960 0.131271
vn -0.446782 0.662887 -0.600805
vn -0.446782 0.662886 -0.600806
vn -0.446782 0.718584 -0.532938
vn -0.446783 0.662886 0.600806
vn -0.446783 0.718584 0.532938
vn -0.446783 0.718584 0.532938
vn -0.446783 0.867831 -0.217381
vn -0.446783 0.867831 -0.217381
vn -0.446783 0.382509 -0.808747
vn -0.446782 0.382509 0.808748
vn -0.446782 0.867831 0.217380
vn -0.446782 0.867831 0.217381
vn -0.446782 0.767361 -0.459938
vn -0.446782 0.718584 -0.532938
vn -0.455308 0.020470 -0.890098
vn -0.447640 0.061634 -0.892087
vn -0.446723 0.102637 -0.888766
vn -0.446782 0.043900 -0.893565
vn -0.446783 0.662886 0.600805
vn -0.446783 0.884959 -0.131271
vn -0.446783 0.884959 -0.131271
vn -0.446783 0.459938 -0.767361
vn -0.446783 0.459938 -0.767360
vn -0.446782 0.301396 0.842345
vn -0.446782 0.301396 0.842346
vn -0.446782 0.842346 0.301396
vn -0.446782 0.842346 0.301396
vn -0.446782 0.808747 0.382509
vn -0.446782 0.767361 -0.459938
vn -0.448283 0.143269 -0.882336
vn -0.446450 0.183880 -0.875711
vn -0.446782 0.131271 -0.884960
vn -0.450927 0.130965 -0.882900
vn -0.446782 0.131271 -0.884960
vn -0.446783 0.600805 0.662886
vn -0.446783 0.600806 0.662886
vn -0.446783 0.893565 -0.043898
vn -0.446783 0.893565 -0.043898
vn -0.446783 0.532938 -0.718584
vn -0.446783 0.532938 -0.718584
vn -0.446782 0.217381 0.867831
vn -0.446782 0.217380 0.867831
vn -0.446782 0.808747 0.382509
vn -0.446782 0.808747 -0.382509
vn -0.446782 0.808747 -0.382510
vn -0.449045 0.223629 -0.865071
vn -0.446300 0.263578 -0.855186
vn -0.446782 0.217381 -0.867831
vn -0.450656 0.216909 -0.865945
vn -0.446782 0.217380 -0.867831
vn -0.446783 0.532938 0.718584
vn -0.446783 0.532938 0.718584
vn -0.446783 0.893565 0.043898
vn -0.446783 0.893565 0.043898
vn -0.446783 0.600805 -0.662887
vn -0.446783 0.600805 -0.662886
vn 0.000000 0.000000 0.000000
vn -0.446782 0.131271 0.884960
vn -0.446782 0.131271 0.884960
vn -0.446782 0.767361 0.459938
vn -0.446782 0.767361 0.459938
vn -0.446782 0.718584 0.532938
vn -0.446782 0.842345 -0.301396
vn -0.446782 0.842346 -0.301396
vn -0.446782 0.382509 -0.808747
vn -0.449928 0.302011 -0.840449
vn -0.446272 0.341039 -0.827366
vn -0.449419 0.378057 -0.809380
vn -0.450248 0.300810 -0.840708
vn -0.446782 0.301396 -0.842346
vn -0.446782 0.301396 -0.842346
vn -0.446783 0.459938 0.767360
vn -0.446783 0.459938 0.767361
vn -0.446783 0.884959 0.131271
vn -0.446783 0.884959 0.131271
vn -0.446783 0.718584 -0.532938
vn -0.446783 0.662886 -0.600805
vn -0.446783 0.662887 -0.600805
vn -0.446782 0.718584 0.532938
vn -0.446782 0.867831 -0.217381
vn -0.446782 0.867831 -0.217380
vn -0.446366 0.415583 -0.792495
vn -0.448601 0.451020 -0.771581
vn -0.450491 0.381713 -0.807065
vn -0.446782 0.382509 -0.808747
vn -0.446783 0.382509 0.808747
vn -0.446783 0.382509 0.808747
vn -0.446783 0.867831 0.217381
vn -0.446783 0.867831 0.217381
vn -0.446783 0.718584 -0.532938
vn -0.446782 0.600805 0.662886
vn -0.446782 0.662886 0.600805
vn -0.446782 0.662887 0.600805
vn -0.446782 0.884960 -0.131271
vn -0.446782 0.884960 -0.131271
vn -0.446585 0.486570 -0.750874
vn -0.447906 0.520195 -0.727171
vn -0.446782 0.459938 -0.767361
vn -0.446782 0.532938 -0.718584
vn -0.446782 0.459938 -0.767361
vn -0.450822 0.458896 -0.765620
vn -0.446783 0.301396 0.842345
vn -0.446783 0.301396 0.842345
vn -0.446783 0.217381 0.867831
vn -0.446783 0.842345 0.301396
vn -0.446783 0.842345 0.301396
vn -0.446783 0.767360 -0.459938
vn -0.446783 0.767360 -0.459938
vn -0.446782 0.600805 0.662887
vn -0.446782 0.893565 -0.043898
vn -0.446782 0.893565 0.043898
vn -0.446782 0.893565 -0.043898
vn -0.446927 0.553383 -0.702868
vn -0.446782 0.532938 -0.718584
vn -0.447332 0.584981 -0.676528
vn -0.446782 0.600805 -0.662886
vn -0.451018 0.531671 -0.716875
vn -0.446783 0.217380 0.867831
vn -0.446783 0.767360 0.459938
vn -0.446783 0.808747 0.382509
vn -0.446783 0.808747 0.382509
vn -0.446783 0.808747 -0.382509
vn -0.446783 0.808747 -0.382510
vn -0.446783 0.842345 -0.301396
vn -0.446782 0.532938 0.718584
vn -0.446782 0.532938 0.718584
vn -0.446782 0.893565 0.043898
vn -0.447393 0.615448 -0.648894
vn -0.446882 0.644815 -0.620089
vn -0.451078 0.599355 -0.661288
vn -0.446782 0.600805 -0.662887
vn -0.446783 0.131271 0.884959
vn -0.004786 0.995398 -0.095711
vn -0.446783 0.131271 0.884959
vn -0.446783 0.767361 0.459938
vn -0.446783 0.842345 -0.301396
vn -0.446782 0.382509 0.808747
vn -0.446782 0.459938 0.767361
vn -0.446782 0.459938 0.767361
vn -0.446782 0.884960 0.131271
vn -0.446782 0.884960 0.131271
vn -0.446782 0.867831 0.217381
vn -0.447982 0.672230 -0.589422
vn -0.446556 0.699176 -0.558337
vn -0.446782 0.662886 -0.600805
vn -0.451004 0.661316 -0.599381
vn -0.446782 0.662887 -0.600805
vn -0.446782 0.718584 -0.532938
vn -0.446783 0.718584 0.532938
vn -0.446783 0.718583 0.532938
vn -0.446783 0.867831 -0.217380
vn -0.446783 0.867831 -0.217380
vn -0.446782 0.382509 0.808747
vn -0.446782 0.867831 0.217380
vn -0.448694 0.723241 -0.524972
vn -0.446352 0.747593 -0.491808
vn -0.446782 0.718584 -0.532938
vn -0.450793 0.716966 -0.531738
vn -0.446783 0.662886 0.600806
vn -0.446783 0.662886 0.600805
vn -0.446783 0.884959 -0.131271
vn -0.446783 0.884959 -0.131271
vn -0.446782 0.301396 0.842346
vn -0.446782 0.301396 0.842346
vn -0.446782 0.842345 0.301396
vn -0.446782 0.842346 0.301396
vn -0.446782 0.808747 0.382509
vn -0.449527 0.768047 -0.456103
vn -0.446271 0.789644 -0.421075
vn -0.449816 0.806564 -0.383562
vn -0.446782 0.767361 -0.459938
vn -0.450446 0.765783 -0.458993
vn -0.446782 0.767361 -0.459938
vn -0.446783 0.600805 0.662886
vn -0.446783 0.600806 0.662886
vn -0.446783 0.893565 0.043898
vn -0.446783 0.893565 -0.043898
vn -0.446783 0.893565 -0.043898
vn -0.446782 0.217380 0.867831
vn -0.446782 0.131271 0.884960
vn -0.446782 0.217381 0.867831
vn -0.446782 0.808747 0.382510
vn -0.446782 0.808747 -0.382509
vn -0.446782 0.842346 -0.301396
vn -0.446313 0.824966 -0.346752
vn -0.448945 0.838798 -0.308004
vn -0.446782 0.808747 -0.382509
vn -0.450306 0.807149 -0.381753
vn -0.446783 0.532938 0.718584
vn -0.446783 0.532938 0.718584
vn -0.446783 0.893565 0.043898
vn -0.446783 0.884959 0.131271
vn -0.446782 0.043900 0.893565
vn 0.020811 -0.998917 0.041622
vn -0.446782 0.131271 0.884960
vn -0.446782 0.767361 0.459938
vn -0.446782 0.718584 0.532938
vn -0.446782 0.767361 0.459938
vn -0.446782 0.842346 -0.301396
vn -0.450697 0.840495 -0.300733
vn -0.446477 0.853251 -0.269482
vn -0.448194 0.863908 -0.229748
vn -0.446782 0.867831 -0.217380
vn -0.446783 0.382509 0.808747
vn -0.446783 0.459938 0.767361
vn -0.446783 0.459938 0.767361
vn -0.446783 0.884959 0.131271
vn -0.446782 0.718584 0.532938
vn -0.446782 0.867831 -0.217381
vn -0.446764 0.874257 -0.189937
vn -0.447566 0.881670 -0.149474
vn -0.450951 0.865800 -0.216872
vn -0.446782 0.884960 -0.131271
vn -0.446783 0.382509 0.808747
vn -0.446783 0.867831 0.217380
vn -0.446783 0.867831 0.217380
vn -0.446782 0.662887 0.600805
vn -0.446782 0.662886 0.600806
vn -0.446782 0.600806 0.662886
vn -0.451069 0.882830 -0.130955
vn -0.447176 0.887804 -0.108804
vn -0.447060 0.891925 -0.067876
vn -0.446782 0.884960 -0.131271
vn -0.446783 0.301396 0.842345
vn -0.446783 0.301396 0.842345
vn -0.446783 0.842345 0.301396
vn -0.446783 0.842345 0.301396
vn -0.446782 0.600805 0.662887
vn -0.446782 0.893565 -0.043898
vn -0.447710 0.893777 -0.026788
vn -0.446782 0.893565 -0.043898
vn -0.446679 0.894579 0.014342
vn -0.451051 0.891423 -0.043793
vn -0.446783 0.217381 0.867831
vn -0.446783 0.217381 0.867831
vn -0.446783 0.808747 0.382509
vn -0.446783 0.808747 0.382509
vn -0.446782 0.532938 0.718584
vn -0.446782 0.532938 0.718584
vn -0.450897 0.891501 0.043797
vn -0.446782 0.884960 0.131272
vn -0.448368 0.892130 0.055404
vn -0.446421 0.889608 0.096465
vn -0.446782 0.893565 0.043898
vn -0.446782 0.893565 0.043898
vn -0.446783 0.131271 0.884959
vn -0.446783 0.043897 0.893565
vn -0.446783 0.131271 0.884959
vn -0.446783 0.767361 0.459938
vn -0.446783 0.767360 0.459938
vn -0.446782 0.459938 0.767361
vn -0.446782 0.382509 0.808748
vn -0.446782 0.459938 0.767361
vn -0.449149 0.882882 0.137054
vn -0.450609 0.883059 0.130989
vn -0.446288 0.877051 0.177786
vn -0.446782 0.884960 0.131271
vn -0.446783 0.718584 0.532938
vn -0.446783 0.718584 0.532938
vn -0.446782 0.382510 0.808747
vn -0.446782 0.867831 0.217380
vn -0.450052 0.866119 0.217464
vn -0.446278 0.857018 0.257597
vn -0.449305 0.842837 0.296227
vn -0.446782 0.867831 0.217381
vn -0.450184 0.866176 0.216966
vn -0.446783 0.662886 0.600805
vn -0.446783 0.662887 0.600805
vn -0.446782 0.217381 0.867831
vn -0.446782 0.301396 0.842345
vn -0.446782 0.301396 0.842346
vn -0.446782 0.842346 0.301396
vn -0.446782 0.842346 0.301396
vn -0.450545 0.840567 0.300759
vn -0.446392 0.829680 0.335211
vn -0.448504 0.812429 0.372563
vn -0.446783 0.600805 0.662887
vn -0.446783 0.600805 0.662886
vn -0.446782 0.217380 0.867831
vn -0.446782 0.131271 0.884960
vn -0.446782 0.808747 0.382509
vn -0.446628 0.795276 0.409951
vn -0.447825 0.775067 0.445786
vn -0.446782 0.808747 0.382509
vn -0.446782 0.767361 0.459938
vn -0.450860 0.806896 0.381633
vn -0.446783 0.532938 0.718584
vn -0.446783 0.532938 0.718584
vn -0.446782 0.131271 0.884960
vn -0.446782 0.043901 0.893565
vn -0.446782 0.767361 0.459938
vn -0.446987 0.754105 0.481174
vn -0.447267 0.731069 0.515257
vn -0.451038 0.765527 0.458839
vn -0.446783 0.459938 0.767360
vn -0.446783 0.459938 0.767360
vn -0.446782 0.718584 0.532938
vn -0.447468 0.706527 0.548263
vn -0.446831 0.680814 0.580374
vn -0.451079 0.716850 0.531652
vn -0.446782 0.718584 0.532938
vn -0.446783 0.382509 0.808747
vn -0.446783 0.382510 0.808747
vn -0.450983 0.661323 0.599388
vn -0.446782 0.662887 0.600805
vn -0.448071 0.652957 0.610639
vn -0.446519 0.624733 0.640570
vn -0.446782 0.662886 0.600805
vn -0.446783 0.301396 0.842345
vn -0.446783 0.301396 0.842345
vn -0.446782 0.600805 0.662886
vn -0.446782 0.600805 0.662887
vn -0.450751 0.599467 0.661410
vn -0.448797 0.593863 0.667764
vn -0.446330 0.563309 0.695322
vn -0.446783 0.217380 0.867831
vn -0.446783 0.217380 0.867831
vn -0.446782 0.459938 0.767361
vn -0.446782 0.532938 0.718584
vn -0.446782 0.532938 0.718584
vn -0.449645 0.529758 0.719149
vn -0.446265 0.497072 0.744155
vn -0.449688 0.461445 0.764754
vn -0.450384 0.531861 0.717132
vn -0.446783 0.043897 0.893565
vn -0.446783 0.131271 0.884959
vn -0.446783 0.131271 0.884959
vn -0.450363 0.459014 0.765819
vn -0.446782 0.459938 0.767361
vn -0.446324 0.426595 0.786646
vn -0.448835 0.389424 0.804298
vn -0.450737 0.381660 0.806952
vn -0.446782 0.382509 0.808747
vn -0.446507 0.352488 0.822426
vn -0.448105 0.314014 0.837017
vn -0.446782 0.382509 0.808747
vn -0.446782 0.301396 0.842346
vn -0.450975 0.300686 0.840363
vn -0.446782 0.301396 0.842346
vn -0.446813 0.275392 0.851186
vn -0.447497 0.235867 0.862620
vn -0.446782 0.217380 0.867831
vn -0.446782 0.217381 0.867831
vn -0.451077 0.216857 0.865738
vn -0.447239 0.195977 0.872680
vn -0.447009 0.155661 0.880882
vn -0.446782 0.131272 0.884960
vn -0.446782 0.043900 0.893565
vn -0.451042 0.130957 0.882843
vn -0.446782 0.131271 0.884960
vn -0.447789 0.114941 0.886721
vn -0.446643 0.074095 0.891639
vn -0.451360 0.040086 0.891441
vn -0.457853 0.013316 0.888928
vn 0.000000 -0.000000 -1.000000
vn -0.000000 0.000000 -1.000000
vn -1.000000 0.000000 0.000000
vn -1.000000 0.000000 0.000000
vn -1.000000 0.000000 0.000000
vn -1.000000 0.000000 0.000000
vn -1.000000 0.000000 0.000000
vn -1.000000 0.000000 0.000000
vn -1.000000 0.000000 0.000000
vn -1.000000 0.000000 0.000000
vn -1.000000 0.000000 0.000000
vn -1.000000 0.000000 0.000000
vn -1.000000 0.000000 0.000000
vn -1.000000 0.000000 0.000000
vn -1.000000 0.000000 0.000000
vn -1.000000 0.000000 0.000000
vn -1.000000 0.000000 0.000000
vn -1.000000 0.000000 0.000000
vn -1.000000 0.000000 0.000000
vn -1.000000 0.000000 0.000000
vn -1.000000 0.000000 0.000000
vn -1.000000 0.000000 0.000000
vn -1.000000 0.000000 0.000000
vn -1.000000 0.000000 0.000000
vn -1.000000 0.000000 0.000000
vn -1.000000 0.000000 0.000000
vn -1.000000 0.000000 0.000000
vn -1.000000 0.000000 0.000000
vn -1.000000 0.000000 0.000000
vn -1.000000 0.000000 0.000000
vn -1.000000 0.000000 0.000000
vn -1.000000 0.000000 0.000000
vn -1.000000 0.000000 0.000000
vn -1.000000 0.000000 0.000000
vn -1.000000 0.000000 0.000000
vn -1.000000 0.000000 0.000000
vn -1.000000 0.000000 0.000000
vn -1.000000 0.000000 0.000000
vn -1.000000 0.000000 0.000000
vn -1.000000 0.000000 0.000000
vn -1.000000 0.000000 0.000000
vn -1.000000 0.000000 0.000000
vn -1.000000 0.000000 0.000000
vn -1.000000 0.000000 0.000000
vn -1.000000 0.000000 0.000000
vn -1.000000 0.000000 0.000000
vn -1.000000 0.000000 0.000000
vn -1.000000 0.000000 0.000000
vn -1.000000 0.000000 0.000000
vn -1.000000 0.000000 0.000000
vn -1.000000 0.000000 0.000000
vn -1.000000 0.000000 0.000000
vn -1.000000 0.000000 0.000000
vn -1.000000 0.000000 0.000000
vn -1.000000 0.000000 0.000000
vn -1.000000 0.000000 0.000000
vn -1.000000 0.000000 0.000000
vn -1.000000 0.000000 0.000000
vn -1.000000 0.000000 0.000000
vn -1.000000 0.000000 0.000000
vn -1.000000 0.000000 0.000000
vn -1.000000 0.000000 0.000000
vn -1.000000 0.000000 0.000000
vn -1.000000 0.000000 0.000000
vn -1.000000 0.000000 0.000000
vn -1.000000 0.000000 0.000000
vn -1.000000 0.000000 0.000000
vn -1.000000 0.000000 0.000000
vn -1.000000 0.000000 0.000000
vn -1.000000 0.000000 0.000000
vn -1.000000 0.000000 0.000000
vn -1.000000 0.000000 0.000000
vn -0.000000 0.000000 -1.000000
vn 0.000000 0.000000 -1.000000
vn 0.447214 0.000000 -0.894427
vn 0.447214 0.000000 -0.894427
vn 1.000000 -0.000000 0.000000
vn 1.000000 0.000000 0.000000
vn 0.447214 0.000000 0.894427
vn 0.447214 -0.000000 0.894427
vn 0.000000 -0.000000 1.000000
vn 0.000000 0.000000 1.000000
vn 0.000000 0.000000 1.000000
vn 0.000000 0.000000 1.000000
vn 0.000000 -0.024540 0.999699
vn 0.000000 -0.024540 0.999699
vn 0.000000 -0.073562 0.997291
vn 0.000000 -0.073562 0.997291
vn 0.000000 -0.122419 0.992478
vn 0.000000 -0.122419 0.992478
vn 0.000000 -0.170955 0.985279
vn 0.000000 -0.170955 0.985279
vn 0.000000 -0.219103 0.975702
vn 0.000000 -0.266716 0.963775
vn 0.000000 -0.219103 0.975702
vn 0.000000 -0.266716 0.963775
vn 0.000000 -0.313679 0.949529
vn 0.000000 -0.313679 0.949529
vn 0.000000 -0.359894 0.932993
vn 0.000000 -0.359894 0.932993
vn 0.000000 -0.405242 0.914209
vn 0.000000 -0.405242 0.914209
vn 0.000000 -0.449612 0.893224
vn 0.000000 -0.449612 0.893224
vn 0.000000 -0.492901 0.870086
vn 0.000000 -0.492901 0.870086
vn 0.000000 -0.534996 0.844854
vn 0.000000 -0.534996 0.844854
vn 0.000000 -0.575809 0.817584
vn 0.000000 -0.575809 0.817584
vn 0.000000 -0.615232 0.788346
vn 0.000000 -0.615232 0.788346
vn 0.000000 -0.653172 0.757210
vn 0.000000 -0.653172 0.757210
vn 0.000000 -0.689542 0.724246
vn 0.000000 -0.689542 0.724246
vn 0.000000 -0.724246 0.689542
vn 0.000000 -0.724246 0.689542
vn 0.000000 -0.757209 0.653173
vn 0.000000 -0.757209 0.653173
vn 0.000000 -0.788346 0.615232
vn 0.000000 -0.788346 0.615232
vn 0.000000 -0.817585 0.575808
vn 0.000000 -0.817585 0.575808
vn 0.000000 -0.844852 0.535000
vn 0.000000 -0.844852 0.535000
vn 0.000000 -0.870087 0.492899
vn 0.000000 -0.870087 0.492899
vn 0.000000 -0.893225 0.449610
vn 0.000000 -0.893225 0.449610
vn 0.000000 -0.914211 0.405239
vn 0.000000 -0.914211 0.405239
vn 0.000000 -0.932993 0.359896
vn 0.000000 -0.932993 0.359896
vn 0.000000 -0.949528 0.313682
vn 0.000000 -0.949528 0.313682
vn 0.000000 -0.963776 0.266713
vn 0.000000 -0.963776 0.266713
vn 0.000000 -0.975702 0.219101
vn 0.000000 -0.975702 0.219101
vn 0.000000 -0.985277 0.170962
vn 0.000000 -0.985277 0.170962
vn 0.000000 -0.992479 0.122412
vn 0.000000 -0.992479 0.122412
vn 0.000000 -0.997290 0.073564
vn 0.000000 -0.997290 0.073564
vn 0.000000 -0.999699 0.024540
vn 0.000000 -0.999699 0.024540
vn 0.000000 -1.000000 0.000000
vn 0.000000 -1.000000 0.000000
vn 0.000000 -0.999699 -0.024540
vn 0.000000 -0.999699 -0.024540
vn 0.000000 -0.997290 -0.073564
vn -0.000000 -0.997290 -0.073564
vn 0.000000 -0.992479 -0.122412
vn -0.000000 -0.992479 -0.122412
vn 0.000000 -0.985277 -0.170962
vn -0.000000 -0.985277 -0.170962
vn 0.000000 -0.975702 -0.219101
vn -0.000000 -0.975702 -0.219101
vn 0.000000 -0.963776 -0.266713
vn -0.000000 -0.963776 -0.266713
vn 0.000000 -0.949528 -0.313682
vn -0.000000 -0.949528 -0.313682
vn 0.000000 -0.932993 -0.359896
vn -0.000000 -0.932993 -0.359896
vn -0.000000 -0.914211 -0.405239
vn 0.000000 -0.914211 -0.405239
vn -0.000000 -0.893225 -0.449610
vn 0.000000 -0.893225 -0.449610
vn 0.000000 -0.870087 -0.492899
vn 0.000000 -0.870087 -0.492899
vn -0.000000 -0.844852 -0.535000
vn 0.000000 -0.844852 -0.535000
vn -0.000000 -0.817585 -0.575808
vn 0.000000 -0.817585 -0.575808
vn -0.000000 -0.788346 -0.615232
vn 0.000000 -0.788346 -0.615232
vn -0.000000 -0.757209 -0.653173
vn 0.000000 -0.757209 -0.653173
vn -0.000000 -0.724246 -0.689542
vn 0.000000 -0.724246 -0.689542
vn -0.000000 -0.689542 -0.724246
vn 0.000000 -0.689542 -0.724246
vn -0.000000 -0.653172 -0.757210
vn 0.000000 -0.653172 -0.757210
vn -0.000000 -0.615232 -0.788346
vn 0.000000 -0.615232 -0.788346
vn -0.000000 -0.575809 -0.817584
vn 0.000000 -0.575809 -0.817584
vn 0.000000 -0.534996 -0.844854
vn 0.000000 -0.534996 -0.844854
vn -0.000000 -0.492901 -0.870086
vn 0.000000 -0.492901 -0.870086
vn 0.000000 -0.449612 -0.893224
vn -0.000000 -0.449612 -0.893224
vn 0.000000 -0.405242 -0.914209
vn -0.000000 -0.405242 -0.914209
vn 0.000000 -0.359894 -0.932993
vn 0.000000 -0.313679 -0.949529
vn -0.000000 -0.359894 -0.932993
vn 0.000000 -0.313679 -0.949529
vn 0.000000 -0.266716 -0.963775
vn -0.000000 -0.266716 -0.963775
vn 0.000000 -0.219103 -0.975702
vn 0.000000 -0.170955 -0.985279
vn -0.000000 -0.219103 -0.975702
vn 0.000000 -0.170955 -0.985279
vn 0.000000 -0.122419 -0.992478
vn -0.000000 -0.122419 -0.992478
vn 0.000000 -0.073562 -0.997291
vn -0.000000 -0.073562 -0.997291
vn 0.000000 -0.024540 -0.999699
vn -0.000000 -0.024540 -0.999699
vn 0.000000 -1.000000 0.000000
vn 0.000000 -1.000000 0.000000
vn 0.000000 -1.000000 0.000000
vn 0.000000 -1.000000 0.000000
vn 0.000000 -1.000000 0.000000
vn 0.000000 -1.000000 0.000000
vn 0.000000 -1.000000 0.000000
vn 0.000000 -1.000000 0.000000
vn -0.000000 -1.000000 0.000000
vn 0.000000 -1.000000 0.000000
vn -0.000000 0.000000 1.000000
vn 0.000000 0.000000 1.000000
vn 1.000000 -0.000000 0.000000
vn 1.000000 0.000000 0.000000
vn 0.000000 0.000000 -1.000000
vn 0.000000 0.000000 -1.000000
vn -1.000000 0.000000 0.000000
vn -1.000000 0.000000 0.000000
vn 0.000000 -1.000000 0.000000
vn 0.000000 -1.000000 0.000000
f 1//1 2//1 3//1
f 4//2 5//2 1//2
f 4//3 6//3 5//3
f 4//4 7//4 6//4
f 4//5 8//5 7//5
f 4//6 9//6 8//6
f 4//7 10//7 9//7
f 4//8 11//8 10//8
f 4//9 12//9 11//9
f 4//10 13//10 12//10
f 4//11 14//11 13//11
f 4//12 15//12 14//12
f 4//13 16//13 15//13
f 4//14 1//14 3//14
f 17//15 3//15 2//15
f 18//16 17//16 2//16
f 19//17 18//17 20//17
f 19//18 17//18 18//18
f 21//19 19//19 20//19
f 22//20 19//20 21//20
f 23//21 19//21 22//21
f 24//22 19//22 23//22
f 25//23 19//23 24//23
f 26//24 19//24 25//24
f 27//25 19//25 26//25
f 28//26 19//26 27//26
f 29//27 19//27 28//27
f 30//28 19//28 29//28
f 31//29 19//29 30//29
f 32//30 33//30 34//30
f 32//31 35//31 33//31
f 32//32 36//32 35//32
f 32//33 37//33 36//33
f 32//34 38//34 37//34
f 32//35 39//35 38//35
f 32//36 40//36 39//36
f 32//37 41//37 40//37
f 32//38 42//38 41//38
f 32//39 43//39 42//39
f 32//40 44//40 43//40
f 32//41 45//41 44//41
f 32//42 46//42 45//42
f 32//43 47//43 46//43
f 32//44 48//44 47//44
f 49//45 48//45 32//45
f 50//46 49//46 32//46
f 51//47 50//47 32//47
f 52//48 51//48 32//48
f 53//49 52//49 32//49
f 54//50 53//50 32//50
f 55//51 54//51 32//51
f 56//52 55//52 32//52
f 57//53 56//53 32//53
f 58//54 57//54 32//54
f 59//55 58//55 32//55
f 60//56 59//56 32//56
f 61//57 60//57 32//57
f 62//58 61//58 32//58
f 63//59 62//59 32//59
f 64//60 63//60 32//60
f 65//61 64//61 32//61
f 66//62 65//62 32//62
f 67//63 65//63 66//63
f 68//64 69//64 70//64
f 68//65 70//65 71//65
f 72//66 71//66 73//66
f 74//67 68//67 71//67
f 75//68 74//68 71//68
f 76//69 71//69 72//69
f 77//70 71//70 76//70
f 78//71 75//71 71//71
f 79//72 71//72 77//72
f 80//73 78//73 71//73
f 81//74 71//74 79//74
f 82//75 80//75 71//75
f 83//76 71//76 81//76
f 84//77 82//77 71//77
f 85//78 71//78 83//78
f 86//79 84//79 71//79
f 87//80 86//80 71//80
f 88//81 71//81 85//81
f 89//82 71//82 88//82
f 90//83 87//83 71//83
f 91//84 71//84 89//84
f 92//85 90//85 71//85
f 93//86 71//86 91//86
f 94//87 92//87 71//87
f 95//88 71//88 93//88
f 96//89 94//89 71//89
f 97//90 71//90 95//90
f 98//91 96//91 71//91
f 99//92 71//92 97//92
f 100//93 98//93 71//93
f 101//94 71//94 99//94
f 102//95 100//95 71//95
f 103//96 71//96 101//96
f 103//97 102//97 71//97
f 71//98 19//98 31//98
f 71//99 31//99 73//99
f 4//100 32//100 16//100
f 16//101 32//101 34//101
f 104//102 73//102 31//102
f 104//103 31//103 105//103
f 104//104 105//104 106//104
f 107//105 106//105 108//105
f 107//106 104//106 106//106
f 109//107 108//107 110//107
f 109//108 107//108 108//108
f 111//109 110//109 112//109
f 111//110 109//110 110//110
f 113//111 112//111 114//111
f 113//112 111//112 112//112
f 115//113 114//113 116//113
f 115//114 116//114 117//114
f 115//115 113//115 114//115
f 118//116 117//116 119//116
f 118//117 115//117 117//117
f 120//118 119//118 121//118
f 120//119 118//119 119//119
f 122//120 121//120 123//120
f 122//121 120//121 121//121
f 124//122 123//122 125//122
f 124//123 125//123 126//123
f 124//124 122//124 123//124
f 127//125 126//125 128//125
f 127//126 124//126 126//126
f 129//127 128//127 130//127
f 129//128 127//128 128//128
f 131//129 129//129 130//129
f 131//130 130//130 132//130
f 133//131 131//131 132//131
f 133//132 132//132 134//132
f 133//133 134//133 135//133
f 136//134 133//134 135//134
f 136//135 135//135 137//135
f 138//136 136//136 137//136
f 138//137 137//137 139//137
f 140//138 139//138 141//138
f 140//139 138//139 139//139
f 142//140 140//140 141//140
f 142//141 141//141 143//141
f 144//142 143//142 145//142
f 144//143 145//143 146//143
f 144//144 142//144 143//144
f 147//145 146//145 148//145
f 147//146 144//146 146//146
f 149//147 148//147 150//147
f 149//148 147//148 148//148
f 151//149 150//149 152//149
f 151//150 149//150 150//150
f 153//151 152//151 154//151
f 153//152 154//152 155//152
f 153//153 151//153 152//153
f 156//154 155//154 157//154
f 156//155 153//155 155//155
f 158//156 157//156 159//156
f 158//157 156//157 157//157
f 160//158 159//158 161//158
f 160//159 158//159 159//159
f 162//160 161//160 163//160
f 162//161 163//161 164//161
f 162//162 160//162 161//162
f 165//163 164//163 166//163
f 165//164 162//164 164//164
f 167//165 166//165 168//165
f 167//166 165//166 166//166
f 169//167 168//167 170//167
f 169//168 167//168 168//168
f 171//169 170//169 172//169
f 171//170 169//170 170//170
f 173//171 172//171 174//171
f 173//172 174//172 175//172
f 173//173 171//173 172//173
f 176//174 175//174 177//174
f 176//175 173//175 175//175
f 178//176 177//176 179//176
f 178//177 176//177 177//177
f 180//178 179//178 181//178
f 180//179 178//179 179//179
f 182//180 180//180 181//180
f 182//181 181//181 183//181
f 182//182 183//182 184//182
f 185//183 182//183 184//183
f 185//184 184//184 186//184
f 187//185 185//185 186//185
f 187//186 186//186 188//186
f 189//187 187//187 188//187
f 189//188 188//188 190//188
f 191//189 189//189 190//189
f 191//190 190//190 192//190
f 191//191 192//191 193//191
f 194//192 191//192 193//192
f 194//193 193//193 195//193
f 196//194 194//194 195//194
f 196//195 195//195 197//195
f 198//196 196//196 197//196
f 198//197 197//197 199//197
f 200//198 198//198 199//198
f 200//199 199//199 201//199
f 202//200 200//200 201//200
f 202//201 201//201 203//201
f 202//202 203//202 204//202
f 205//203 202//203 204//203
f 205//204 204//204 206//204
f 207//205 205//205 206//205
f 207//206 206//206 208//206
f 209//207 208//207 210//207
f 209//208 207//208 208//208
f 211//209 210//209 212//209
f 211//210 212//210 213//210
f 211//211 209//211 210//211
f 214//212 213//212 215//212
f 214//213 211//213 213//213
f 216//214 215//214 217//214
f 216//215 214//215 215//215
f 218//216 217//216 219//216
f 218//217 216//217 217//217
f 220//218 219//218 221//218
f 220//219 221//219 222//219
f 220//220 218//220 219//220
f 223//221 222//221 224//221
f 223//222 220//222 222//222
f 225//223 224//223 226//223
f 225//224 223//224 224//224
f 227//225 226//225 228//225
f 227//226 225//226 226//226
f 229//227 228//227 230//227
f 229//228 227//228 228//228
f 231//229 229//229 230//229
f 231//230 230//230 232//230
f 231//231 232//231 233//231
f 234//232 231//232 233//232
f 234//233 233//233 235//233
f 236//234 234//234 235//234
f 236//235 235//235 237//235
f 238//236 236//236 237//236
f 238//237 237//237 239//237
f 240//238 239//238 241//238
f 240//239 241//239 242//239
f 240//240 238//240 239//240
f 34//241 240//241 242//241
f 34//242 242//242 16//242
f 33//243 240//243 34//243
f 65//244 243//244 64//244
f 244//245 72//245 73//245
f 244//246 73//246 104//246
f 245//247 76//247 72//247
f 245//248 72//248 244//248
f 246//249 77//249 76//249
f 246//250 76//250 245//250
f 247//251 79//251 77//251
f 247//252 77//252 246//252
f 248//253 81//253 79//253
f 248//254 79//254 247//254
f 249//255 244//255 104//255
f 249//256 104//256 107//256
f 250//257 83//257 81//257
f 250//258 81//258 248//258
f 251//259 244//259 249//259
f 251//260 245//260 244//260
f 252//261 85//261 83//261
f 252//262 83//262 250//262
f 253//263 245//263 251//263
f 253//264 246//264 245//264
f 254//265 88//265 85//265
f 254//266 85//266 252//266
f 255//267 246//267 253//267
f 255//268 247//268 246//268
f 256//269 89//269 88//269
f 256//270 88//270 254//270
f 257//271 247//271 255//271
f 257//272 248//272 247//272
f 258//273 91//273 89//273
f 258//274 89//274 256//274
f 259//275 107//275 109//275
f 259//276 249//276 107//276
f 260//277 248//277 257//277
f 260//278 250//278 248//278
f 261//279 93//279 91//279
f 261//280 91//280 258//280
f 262//281 249//281 259//281
f 262//282 251//282 249//282
f 263//283 250//283 260//283
f 263//284 252//284 250//284
f 264//285 95//285 93//285
f 264//286 93//286 261//286
f 265//287 251//287 262//287
f 265//288 253//288 251//288
f 266//289 252//289 263//289
f 266//290 254//290 252//290
f 267//291 97//291 95//291
f 267//292 95//292 264//292
f 268//293 253//293 265//293
f 268//294 255//294 253//294
f 269//295 256//295 254//295
f 269//296 254//296 266//296
f 270//297 99//297 97//297
f 270//298 97//298 267//298
f 271//299 255//299 268//299
f 271//300 257//300 255//300
f 272//301 258//301 256//301
f 272//302 256//302 269//302
f 273//303 262//303 259//303
f 273//304 109//304 111//304
f 273//305 259//305 109//305
f 274//306 101//306 99//306
f 274//307 99//307 270//307
f 275//308 260//308 257//308
f 275//309 257//309 271//309
f 276//310 261//310 258//310
f 276//311 258//311 272//311
f 277//312 262//312 273//312
f 278//313 101//313 274//313
f 278//314 103//314 101//314
f 279//315 260//315 275//315
f 279//316 263//316 260//316
f 280//317 264//317 261//317
f 280//318 261//318 276//318
f 281//319 265//319 262//319
f 281//320 262//320 277//320
f 282//321 102//321 103//321
f 282//322 103//322 278//322
f 283//323 266//323 263//323
f 283//324 263//324 279//324
f 284//325 264//325 280//325
f 284//326 267//326 264//326
f 285//327 265//327 281//327
f 285//328 268//328 265//328
f 286//329 100//329 102//329
f 286//330 102//330 282//330
f 287//331 266//331 283//331
f 287//332 269//332 266//332
f 288//333 270//333 267//333
f 288//334 267//334 284//334
f 289//335 268//335 285//335
f 289//336 275//336 271//336
f 289//337 271//337 268//337
f 290//338 98//338 100//338
f 290//339 100//339 286//339
f 291//340 269//340 287//340
f 291//341 272//341 269//341
f 292//342 111//342 113//342
f 292//343 273//343 111//343
f 293//344 274//344 270//344
f 293//345 270//345 288//345
f 294//346 275//346 289//346
f 295//347 96//347 98//347
f 295//348 98//348 290//348
f 296//349 276//349 272//349
f 296//350 272//350 291//350
f 297//351 273//351 292//351
f 297//352 277//352 273//352
f 298//353 278//353 274//353
f 298//354 274//354 293//354
f 299//355 275//355 294//355
f 299//356 279//356 275//356
f 300//357 94//357 96//357
f 300//358 96//358 295//358
f 301//359 284//359 280//359
f 301//360 276//360 296//360
f 301//361 280//361 276//361
f 302//362 277//362 297//362
f 302//363 281//363 277//363
f 303//364 282//364 278//364
f 303//365 278//365 298//365
f 304//366 283//366 279//366
f 304//367 279//367 299//367
f 305//368 92//368 94//368
f 305//369 94//369 300//369
f 306//370 284//370 301//370
f 307//371 285//371 281//371
f 307//372 281//372 302//372
f 308//373 286//373 282//373
f 308//374 282//374 303//374
f 308//375 290//375 286//375
f 309//376 287//376 283//376
f 309//377 283//377 304//377
f 310//378 90//378 92//378
f 310//379 92//379 305//379
f 311//380 293//380 288//380
f 311//381 284//381 306//381
f 311//382 288//382 284//382
f 312//383 285//383 307//383
f 312//384 289//384 285//384
f 313//385 295//385 290//385
f 313//386 290//386 308//386
f 314//387 287//387 309//387
f 314//388 291//388 287//388
f 315//389 87//389 90//389
f 315//390 90//390 310//390
f 316//391 113//391 115//391
f 316//392 292//392 113//392
f 317//393 293//393 311//393
f 318//394 294//394 289//394
f 318//395 289//395 312//395
f 319//396 295//396 313//396
f 320//397 296//397 291//397
f 320//398 291//398 314//398
f 321//399 86//399 87//399
f 321//400 87//400 315//400
f 322//401 297//401 292//401
f 322//402 292//402 316//402
f 323//403 298//403 293//403
f 323//404 293//404 317//404
f 324//405 299//405 294//405
f 324//406 294//406 318//406
f 325//407 300//407 295//407
f 325//408 295//408 319//408
f 326//409 301//409 296//409
f 326//410 296//410 320//410
f 327//411 84//411 86//411
f 327//412 86//412 321//412
f 328//413 307//413 302//413
f 328//414 302//414 297//414
f 328//415 297//415 322//415
f 329//416 303//416 298//416
f 329//417 298//417 323//417
f 330//418 299//418 324//418
f 330//419 304//419 299//419
f 331//420 305//420 300//420
f 331//421 300//421 325//421
f 332//422 301//422 326//422
f 332//423 306//423 301//423
f 333//424 84//424 327//424
f 333//425 82//425 84//425
f 334//426 307//426 328//426
f 335//427 308//427 303//427
f 335//428 303//428 329//428
f 336//429 304//429 330//429
f 336//430 309//430 304//430
f 337//431 305//431 331//431
f 337//432 310//432 305//432
f 337//433 315//433 310//433
f 338//434 306//434 332//434
f 338//435 311//435 306//435
f 339//436 80//436 82//436
f 339//437 82//437 333//437
f 340//438 307//438 334//438
f 340//439 312//439 307//439
f 341//440 308//440 335//440
f 341//441 313//441 308//441
f 342//442 314//442 309//442
f 342//443 309//443 336//443
f 343//444 315//444 337//444
f 344//445 322//445 316//445
f 344//446 115//446 118//446
f 344//447 316//447 115//447
f 345//448 311//448 338//448
f 345//449 317//449 311//449
f 346//450 78//450 80//450
f 346//451 80//451 339//451
f 347//452 324//452 318//452
f 347//453 312//453 340//453
f 347//454 318//454 312//454
f 348//455 313//455 341//455
f 348//456 319//456 313//456
f 349//457 320//457 314//457
f 349//458 314//458 342//458
f 350//459 315//459 343//459
f 350//460 321//460 315//460
f 351//461 322//461 344//461
f 352//462 323//462 317//462
f 352//463 317//463 345//463
f 353//464 75//464 78//464
f 353//465 78//465 346//465
f 354//466 324//466 347//466
f 355//467 325//467 319//467
f 355//468 319//468 348//468
f 356//469 326//469 320//469
f 356//470 320//470 349//470
f 357//471 327//471 321//471
f 357//472 321//472 350//472
f 358//473 322//473 351//473
f 358//474 328//474 322//474
f 359//475 329//475 323//475
f 359//476 323//476 352//476
f 360//477 361//477 68//477
f 360//478 74//478 75//478
f 360//479 68//479 74//479
f 360//480 75//480 353//480
f 362//481 330//481 324//481
f 362//482 324//482 354//482
f 363//483 331//483 325//483
f 363//484 325//484 355//484
f 364//485 332//485 326//485
f 364//486 326//486 356//486
f 365//487 339//487 333//487
f 365//488 333//488 327//488
f 365//489 327//489 357//489
f 366//490 334//490 328//490
f 366//491 328//491 358//491
f 367//492 329//492 359//492
f 367//493 335//493 329//493
f 368//494 330//494 362//494
f 368//495 336//495 330//495
f 368//496 342//496 336//496
f 369//497 337//497 331//497
f 369//498 331//498 363//498
f 370//499 338//499 332//499
f 370//500 332//500 364//500
f 371//501 339//501 365//501
f 372//502 340//502 334//502
f 372//503 334//503 366//503
f 373//504 335//504 367//504
f 373//505 341//505 335//505
f 374//506 342//506 368//506
f 374//507 349//507 342//507
f 375//508 337//508 369//508
f 375//509 343//509 337//509
f 376//510 118//510 120//510
f 376//511 344//511 118//511
f 377//512 338//512 370//512
f 377//513 345//513 338//513
f 378//514 353//514 346//514
f 378//515 339//515 371//515
f 378//516 346//516 339//516
f 379//517 340//517 372//517
f 379//518 347//518 340//518
f 380//519 341//519 373//519
f 380//520 348//520 341//520
f 381//521 349//521 374//521
f 382//522 350//522 343//522
f 382//523 343//523 375//523
f 383//524 344//524 376//524
f 383//525 351//525 344//525
f 384//526 345//526 377//526
f 384//527 352//527 345//527
f 385//528 353//528 378//528
f 386//529 354//529 347//529
f 386//530 347//530 379//530
f 387//531 355//531 348//531
f 387//532 348//532 380//532
f 388//533 349//533 381//533
f 388//534 356//534 349//534
f 388//535 364//535 356//535
f 389//536 357//536 350//536
f 389//537 350//537 382//537
f 390//538 366//538 358//538
f 390//539 351//539 383//539
f 390//540 358//540 351//540
f 391//541 359//541 352//541
f 391//542 352//542 384//542
f 392//543 360//543 353//543
f 392//544 393//544 361//544
f 392//545 353//545 385//545
f 392//546 361//546 360//546
f 394//547 362//547 354//547
f 394//548 354//548 386//548
f 395//549 355//549 387//549
f 395//550 363//550 355//550
f 396//551 364//551 388//551
f 396//552 370//552 364//552
f 397//553 365//553 357//553
f 397//554 357//554 389//554
f 398//555 366//555 390//555
f 399//556 367//556 359//556
f 399//557 359//557 391//557
f 400//558 368//558 362//558
f 400//559 362//559 394//559
f 401//560 363//560 395//560
f 401//561 369//561 363//561
f 402//562 370//562 396//562
f 403//563 365//563 397//563
f 403//564 371//564 365//564
f 404//565 379//565 372//565
f 404//566 366//566 398//566
f 404//567 372//567 366//567
f 405//568 367//568 399//568
f 405//569 373//569 367//569
f 405//570 380//570 373//570
f 406//571 374//571 368//571
f 406//572 368//572 400//572
f 407//573 375//573 369//573
f 407//574 369//574 401//574
f 408//575 120//575 122//575
f 408//576 376//576 120//576
f 409//577 370//577 402//577
f 409//578 377//578 370//578
f 409//579 384//579 377//579
f 410//580 371//580 403//580
f 410//581 378//581 371//581
f 411//582 379//582 404//582
f 412//583 380//583 405//583
f 413//584 374//584 406//584
f 413//585 381//585 374//585
f 414//586 375//586 407//586
f 414//587 382//587 375//587
f 415//588 376//588 408//588
f 415//589 383//589 376//589
f 416//590 384//590 409//590
f 417//591 378//591 410//591
f 417//592 385//592 378//592
f 418//593 386//593 379//593
f 418//594 379//594 411//594
f 419//595 387//595 380//595
f 419//596 380//596 412//596
f 420//597 381//597 413//597
f 420//598 388//598 381//598
f 421//599 389//599 382//599
f 421//600 382//600 414//600
f 422//601 390//601 383//601
f 422//602 383//602 415//602
f 423//603 399//603 391//603
f 423//604 391//604 384//604
f 423//605 384//605 416//605
f 424//606 392//606 385//606
f 424//607 425//607 393//607
f 424//608 393//608 392//608
f 424//609 385//609 417//609
f 426//610 394//610 386//610
f 426//611 386//611 418//611
f 427//612 387//612 419//612
f 427//613 395//613 387//613
f 428//614 396//614 388//614
f 428//615 388//615 420//615
f 429//616 397//616 389//616
f 429//617 389//617 421//617
f 430//618 404//618 398//618
f 430//619 398//619 390//619
f 430//620 390//620 422//620
f 431//621 405//621 399//621
f 431//622 399//622 423//622
f 432//623 400//623 394//623
f 432//624 394//624 426//624
f 432//625 406//625 400//625
f 433//626 401//626 395//626
f 433//627 395//627 427//627
f 434//628 402//628 396//628
f 434//629 396//629 428//629
f 435//630 403//630 397//630
f 435//631 397//631 429//631
f 436//632 404//632 430//632
f 437//633 412//633 405//633
f 437//634 405//634 431//634
f 438//635 406//635 432//635
f 439//636 401//636 433//636
f 439//637 407//637 401//637
f 440//638 122//638 124//638
f 440//639 408//639 122//639
f 441//640 409//640 402//640
f 441//641 402//641 434//641
f 442//642 403//642 435//642
f 442//643 410//643 403//643
f 443//644 404//644 436//644
f 443//645 411//645 404//645
f 444//646 412//646 437//646
f 445//647 413//647 406//647
f 445//648 406//648 438//648
f 446//649 407//649 439//649
f 446//650 414//650 407//650
f 447//651 408//651 440//651
f 447//652 415//652 408//652
f 448//653 409//653 441//653
f 448//654 416//654 409//654
f 449//655 410//655 442//655
f 449//656 417//656 410//656
f 450//657 411//657 443//657
f 450//658 418//658 411//658
f 451//659 412//659 444//659
f 451//660 427//660 419//660
f 451//661 419//661 412//661
f 452//662 420//662 413//662
f 452//663 413//663 445//663
f 453//664 414//664 446//664
f 453//665 421//665 414//665
f 454//666 415//666 447//666
f 454//667 422//667 415//667
f 455//668 423//668 416//668
f 455//669 416//669 448//669
f 456//670 424//670 417//670
f 456//671 425//671 424//671
f 456//672 457//672 425//672
f 456//673 417//673 449//673
f 458//674 426//674 418//674
f 458//675 418//675 450//675
f 459//676 427//676 451//676
f 460//677 434//677 428//677
f 460//678 420//678 452//678
f 460//679 428//679 420//679
f 461//680 421//680 453//680
f 461//681 429//681 421//681
f 462//682 430//682 422//682
f 462//683 422//683 454//683
f 463//684 431//684 423//684
f 463//685 423//685 455//685
f 464//686 426//686 458//686
f 464//687 432//687 426//687
f 464//688 438//688 432//688
f 465//689 433//689 427//689
f 465//690 427//690 459//690
f 466//691 441//691 434//691
f 466//692 434//692 460//692
f 467//693 429//693 461//693
f 467//694 442//694 435//694
f 467//695 435//695 429//695
f 468//696 436//696 430//696
f 468//697 430//697 462//697
f 469//698 437//698 431//698
f 469//699 431//699 463//699
f 470//700 438//700 464//700
f 471//701 439//701 433//701
f 471//702 446//702 439//702
f 471//703 433//703 465//703
f 472//704 124//704 127//704
f 472//705 127//705 129//705
f 472//706 440//706 124//706
f 473//707 441//707 466//707
f 474//708 442//708 467//708
f 475//709 436//709 468//709
f 475//710 443//710 436//710
f 476//711 437//711 469//711
f 476//712 444//712 437//712
f 477//713 438//713 470//713
f 477//714 445//714 438//714
f 478//715 446//715 471//715
f 478//716 453//716 446//716
f 479//717 440//717 472//717
f 479//718 447//718 440//718
f 480//719 441//719 473//719
f 480//720 448//720 441//720
f 481//721 442//721 474//721
f 481//722 449//722 442//722
f 482//723 458//723 450//723
f 482//724 443//724 475//724
f 482//725 450//725 443//725
f 483//726 444//726 476//726
f 483//727 451//727 444//727
f 484//728 445//728 477//728
f 484//729 452//729 445//729
f 485//730 453//730 478//730
f 486//731 454//731 447//731
f 486//732 447//732 479//732
f 487//733 463//733 455//733
f 487//734 455//734 448//734
f 487//735 448//735 480//735
f 488//736 489//736 457//736
f 488//737 449//737 481//737
f 488//738 457//738 456//738
f 488//739 456//739 449//739
f 490//740 458//740 482//740
f 491//741 459//741 451//741
f 491//742 451//742 483//742
f 492//743 460//743 452//743
f 492//744 452//744 484//744
f 493//745 467//745 461//745
f 493//746 453//746 485//746
f 493//747 461//747 453//747
f 494//748 462//748 454//748
f 494//749 468//749 462//749
f 494//750 454//750 486//750
f 495//751 463//751 487//751
f 496//752 464//752 458//752
f 496//753 458//753 490//753
f 497//754 459//754 491//754
f 497//755 465//755 459//755
f 498//756 460//756 492//756
f 498//757 466//757 460//757
f 499//758 467//758 493//758
f 500//759 468//759 494//759
f 501//760 469//760 463//760
f 501//761 463//761 495//761
f 502//762 470//762 464//762
f 502//763 477//763 470//763
f 502//764 464//764 496//764
f 503//765 471//765 465//765
f 503//766 465//766 497//766
f 504//767 472//767 129//767
f 505//768 473//768 466//768
f 505//769 466//769 498//769
f 506//770 474//770 467//770
f 506//771 481//771 474//771
f 506//772 467//772 499//772
f 507//773 468//773 500//773
f 507//774 475//774 468//774
f 508//775 469//775 501//775
f 508//776 476//776 469//776
f 509//777 477//777 502//777
f 510//778 478//778 471//778
f 510//779 471//779 503//779
f 511//780 479//780 472//780
f 511//781 472//781 504//781
f 512//782 473//782 505//782
f 512//783 480//783 473//783
f 513//784 481//784 506//784
f 514//785 475//785 507//785
f 514//786 482//786 475//786
f 515//787 491//787 483//787
f 515//788 476//788 508//788
f 515//789 483//789 476//789
f 516//790 484//790 477//790
f 516//791 477//791 509//791
f 517//792 485//792 478//792
f 517//793 478//793 510//793
f 518//794 494//794 486//794
f 518//795 486//795 479//795
f 518//796 479//796 511//796
f 519//797 480//797 512//797
f 519//798 487//798 480//798
f 520//799 521//799 489//799
f 520//800 481//800 513//800
f 520//801 489//801 488//801
f 520//802 488//802 481//802
f 522//803 482//803 514//803
f 522//804 490//804 482//804
f 523//805 491//805 515//805
f 524//806 498//806 492//806
f 524//807 492//807 484//807
f 524//808 484//808 516//808
f 525//809 493//809 485//809
f 525//810 485//810 517//810
f 526//811 494//811 518//811
f 527//812 495//812 487//812
f 527//813 487//813 519//813
f 528//814 496//814 490//814
f 528//815 490//815 522//815
f 529//816 497//816 491//816
f 529//817 491//817 523//817
f 530//818 505//818 498//818
f 530//819 498//819 524//819
f 531//820 499//820 493//820
f 531//821 493//821 525//821
f 532//822 500//822 494//822
f 532//823 494//823 526//823
f 533//824 501//824 495//824
f 533//825 495//825 527//825
f 534//826 502//826 496//826
f 534//827 496//827 528//827
f 535//828 503//828 497//828
f 535//829 497//829 529//829
f 535//830 510//830 503//830
f 536//831 504//831 129//831
f 536//832 129//832 131//832
f 536//833 131//833 133//833
f 537//834 505//834 530//834
f 538//835 506//835 499//835
f 538//836 499//836 531//836
f 539//837 514//837 507//837
f 539//838 507//838 500//838
f 539//839 500//839 532//839
f 540//840 508//840 501//840
f 540//841 501//841 533//841
f 541//842 502//842 534//842
f 541//843 509//843 502//843
f 542//844 510//844 535//844
f 542//845 517//845 510//845
f 543//846 511//846 504//846
f 543//847 504//847 536//847
f 543//848 518//848 511//848
f 544//849 505//849 537//849
f 544//850 512//850 505//850
f 545//851 506//851 538//851
f 545//852 513//852 506//852
f 546//853 514//853 539//853
f 546//854 522//854 514//854
f 547//855 508//855 540//855
f 547//856 515//856 508//856
f 548//857 509//857 541//857
f 548//858 516//858 509//858
f 549//859 517//859 542//859
f 550//860 518//860 543//860
f 550//861 526//861 518//861
f 551//862 512//862 544//862
f 551//863 519//863 512//863
f 552//864 553//864 521//864
f 552//865 554//865 553//865
f 552//866 513//866 545//866
f 552//867 521//867 520//867
f 552//868 520//868 513//868
f 555//869 522//869 546//869
f 556//870 515//870 547//870
f 556//871 523//871 515//871
f 557//872 516//872 548//872
f 557//873 524//873 516//873
f 558//874 517//874 549//874
f 558//875 525//875 517//875
f 558//876 531//876 525//876
f 559//877 526//877 550//877
f 560//878 519//878 551//878
f 560//879 533//879 527//879
f 560//880 527//880 519//880
f 561//881 528//881 522//881
f 561//882 522//882 555//882
f 562//883 529//883 523//883
f 562//884 523//884 556//884
f 563//885 530//885 524//885
f 563//886 524//886 557//886
f 564//887 538//887 531//887
f 564//888 531//888 558//888
f 565//889 532//889 526//889
f 565//890 526//890 559//890
f 566//891 533//891 560//891
f 567//892 534//892 528//892
f 567//893 528//893 561//893
f 568//894 535//894 529//894
f 568//895 529//895 562//895
f 569//896 536//896 133//896
f 569//897 133//897 136//897
f 570//898 530//898 563//898
f 570//899 537//899 530//899
f 571//900 538//900 564//900
f 572//901 546//901 539//901
f 572//902 539//902 532//902
f 572//903 532//903 565//903
f 573//904 540//904 533//904
f 573//905 533//905 566//905
f 573//906 547//906 540//906
f 574//907 541//907 534//907
f 574//908 534//908 567//908
f 575//909 542//909 535//909
f 575//910 535//910 568//910
f 576//911 536//911 569//911
f 576//912 543//912 536//912
f 577//913 537//913 570//913
f 577//914 544//914 537//914
f 578//915 538//915 571//915
f 578//916 545//916 538//916
f 579//917 546//917 572//917
f 579//918 555//918 546//918
f 580//919 547//919 573//919
f 581//920 541//920 574//920
f 581//921 557//921 548//921
f 581//922 548//922 541//922
f 582//923 542//923 575//923
f 582//924 549//924 542//924
f 583//925 543//925 576//925
f 583//926 550//926 543//926
f 583//927 559//927 550//927
f 584//928 544//928 577//928
f 584//929 551//929 544//929
f 585//930 554//930 552//930
f 585//931 545//931 578//931
f 585//932 552//932 545//932
f 586//933 555//933 579//933
f 587//934 547//934 580//934
f 587//935 556//935 547//935
f 588//936 557//936 581//936
f 589//937 558//937 549//937
f 589//938 549//938 582//938
f 590//939 559//939 583//939
f 591//940 551//940 584//940
f 591//941 560//941 551//941
f 592//942 555//942 586//942
f 592//943 561//943 555//943
f 593//944 556//944 587//944
f 593//945 568//945 562//945
f 593//946 562//946 556//946
f 594//947 563//947 557//947
f 594//948 557//948 588//948
f 594//949 570//949 563//949
f 595//950 564//950 558//950
f 595//951 558//951 589//951
f 596//952 565//952 559//952
f 596//953 559//953 590//953
f 597//954 566//954 560//954
f 597//955 560//955 591//955
f 598//956 567//956 561//956
f 598//957 561//957 592//957
f 599//958 575//958 568//958
f 599//959 568//959 593//959
f 600//960 569//960 136//960
f 601//961 570//961 594//961
f 602//962 564//962 595//962
f 602//963 571//963 564//963
f 603//964 572//964 565//964
f 603//965 565//965 596//965
f 604//966 573//966 566//966
f 604//967 566//967 597//967
f 605//968 581//968 574//968
f 605//969 574//969 567//969
f 605//970 567//970 598//970
f 606//971 575//971 599//971
f 607//972 583//972 576//972
f 607//973 569//973 600//973
f 607//974 576//974 569//974
f 608//975 577//975 570//975
f 608//976 570//976 601//976
f 608//977 584//977 577//977
f 609//978 571//978 602//978
f 609//979 578//979 571//979
f 610//980 579//980 572//980
f 610//981 572//981 603//981
f 610//982 586//982 579//982
f 611//983 573//983 604//983
f 611//984 580//984 573//984
f 611//985 587//985 580//985
f 612//986 588//986 581//986
f 612//987 581//987 605//987
f 613//988 575//988 606//988
f 613//989 582//989 575//989
f 614//990 583//990 607//990
f 615//991 584//991 608//991
f 616//992 554//992 585//992
f 616//993 617//993 554//993
f 616//994 578//994 609//994
f 616//995 585//995 578//995
f 618//996 586//996 610//996
f 619//997 587//997 611//997
f 620//998 588//998 612//998
f 621//999 589//999 582//999
f 621//1000 582//1000 613//1000
f 621//1001 595//1001 589//1001
f 622//1002 590//1002 583//1002
f 622//1003 583//1003 614//1003
f 623//1004 584//1004 615//1004
f 623//1005 591//1005 584//1005
f 623//1006 597//1006 591//1006
f 624//1007 586//1007 618//1007
f 624//1008 592//1008 586//1008
f 625//1009 587//1009 619//1009
f 625//1010 593//1010 587//1010
f 626//1011 588//1011 620//1011
f 626//1012 594//1012 588//1012
f 627//1013 595//1013 621//1013
f 628//1014 590//1014 622//1014
f 628//1015 596//1015 590//1015
f 628//1016 603//1016 596//1016
f 629//1017 597//1017 623//1017
f 630//1018 598//1018 592//1018
f 630//1019 592//1019 624//1019
f 631//1020 599//1020 593//1020
f 631//1021 593//1021 625//1021
f 632//1022 136//1022 138//1022
f 632//1023 600//1023 136//1023
f 633//1024 608//1024 601//1024
f 633//1025 601//1025 594//1025
f 633//1026 594//1026 626//1026
f 634//1027 602//1027 595//1027
f 634//1028 595//1028 627//1028
f 635//1029 603//1029 628//1029
f 636//1030 604//1030 597//1030
f 636//1031 597//1031 629//1031
f 637//1032 612//1032 605//1032
f 637//1033 605//1033 598//1033
f 637//1034 598//1034 630//1034
f 638//1035 606//1035 599//1035
f 638//1036 599//1036 631//1036
f 639//1037 607//1037 600//1037
f 639//1038 614//1038 607//1038
f 639//1039 600//1039 632//1039
f 640//1040 608//1040 633//1040
f 641//1041 602//1041 634//1041
f 641//1042 609//1042 602//1042
f 642//1043 603//1043 635//1043
f 642//1044 610//1044 603//1044
f 643//1045 611//1045 604//1045
f 643//1046 604//1046 636//1046
f 644//1047 612//1047 637//1047
f 645//1048 613//1048 606//1048
f 645//1049 606//1049 638//1049
f 646//1050 614//1050 639//1050
f 647//1051 615//1051 608//1051
f 647//1052 608//1052 640//1052
f 647//1053 623//1053 615//1053
f 648//1054 609//1054 641//1054
f 648//1055 649//1055 617//1055
f 648//1056 650//1056 649//1056
f 648//1057 616//1057 609//1057
f 648//1058 617//1058 616//1058
f 651//1059 610//1059 642//1059
f 651//1060 618//1060 610//1060
f 652//1061 611//1061 643//1061
f 652//1062 619//1062 611//1062
f 653//1063 612//1063 644//1063
f 653//1064 620//1064 612//1064
f 653//1065 626//1065 620//1065
f 654//1066 613//1066 645//1066
f 654//1067 621//1067 613//1067
f 655//1068 614//1068 646//1068
f 655//1069 628//1069 622//1069
f 655//1070 622//1070 614//1070
f 656//1071 623//1071 647//1071
f 657//1072 624//1072 618//1072
f 657//1073 618//1073 651//1073
f 658//1074 619//1074 652//1074
f 658//1075 625//1075 619//1075
f 659//1076 626//1076 653//1076
f 660//1077 621//1077 654//1077
f 660//1078 627//1078 621//1078
f 661//1079 628//1079 655//1079
f 661//1080 635//1080 628//1080
f 662//1081 636//1081 629//1081
f 662//1082 623//1082 656//1082
f 662//1083 629//1083 623//1083
f 663//1084 637//1084 630//1084
f 663//1085 630//1085 624//1085
f 663//1086 624//1086 657//1086
f 664//1087 625//1087 658//1087
f 664//1088 638//1088 631//1088
f 664//1089 631//1089 625//1089
f 665//1090 632//1090 138//1090
f 665//1091 138//1091 140//1091
f 666//1092 633//1092 626//1092
f 666//1093 626//1093 659//1093
f 667//1094 634//1094 627//1094
f 667//1095 627//1095 660//1095
f 668//1096 635//1096 661//1096
f 669//1097 636//1097 662//1097
f 670//1098 637//1098 663//1098
f 671//1099 638//1099 664//1099
f 672//1100 639//1100 632//1100
f 672//1101 632//1101 665//1101
f 673//1102 633//1102 666//1102
f 673//1103 640//1103 633//1103
f 673//1104 647//1104 640//1104
f 674//1105 641//1105 634//1105
f 674//1106 634//1106 667//1106
f 675//1107 635//1107 668//1107
f 675//1108 651//1108 642//1108
f 675//1109 642//1109 635//1109
f 676//1110 652//1110 643//1110
f 676//1111 643//1111 636//1111
f 676//1112 636//1112 669//1112
f 677//1113 637//1113 670//1113
f 677//1114 644//1114 637//1114
f 678//1115 638//1115 671//1115
f 678//1116 645//1116 638//1116
f 678//1117 654//1117 645//1117
f 679//1118 646//1118 639//1118
f 679//1119 639//1119 672//1119
f 680//1120 647//1120 673//1120
f 681//1121 650//1121 648//1121
f 681//1122 641//1122 674//1122
f 681//1123 648//1123 641//1123
f 682//1124 651//1124 675//1124
f 683//1125 652//1125 676//1125
f 684//1126 653//1126 644//1126
f 684//1127 644//1127 677//1127
f 685//1128 654//1128 678//1128
f 686//1129 655//1129 646//1129
f 686//1130 646//1130 679//1130
f 687//1131 647//1131 680//1131
f 687//1132 662//1132 656//1132
f 687//1133 656//1133 647//1133
f 688//1134 651//1134 682//1134
f 688//1135 657//1135 651//1135
f 688//1136 663//1136 657//1136
f 689//1137 652//1137 683//1137
f 689//1138 658//1138 652//1138
f 689//1139 664//1139 658//1139
f 690//1140 653//1140 684//1140
f 690//1141 659//1141 653//1141
f 691//1142 660//1142 654//1142
f 691//1143 654//1143 685//1143
f 691//1144 667//1144 660//1144
f 692//1145 661//1145 655//1145
f 692//1146 655//1146 686//1146
f 693//1147 662//1147 687//1147
f 693//1148 669//1148 662//1148
f 694//1149 663//1149 688//1149
f 695//1150 671//1150 664//1150
f 695//1151 664//1151 689//1151
f 696//1152 140//1152 142//1152
f 696//1153 665//1153 140//1153
f 697//1154 659//1154 690//1154
f 697//1155 666//1155 659//1155
f 698//1156 667//1156 691//1156
f 699//1157 668//1157 661//1157
f 699//1158 661//1158 692//1158
f 700//1159 669//1159 693//1159
f 701//1160 670//1160 663//1160
f 701//1161 663//1161 694//1161
f 702//1162 678//1162 671//1162
f 702//1163 671//1163 695//1163
f 703//1164 672//1164 665//1164
f 703//1165 665//1165 696//1165
f 704//1166 666//1166 697//1166
f 704//1167 673//1167 666//1167
f 705//1168 681//1168 674//1168
f 705//1169 674//1169 667//1169
f 705//1170 667//1170 698//1170
f 706//1171 675//1171 668//1171
f 706//1172 668//1172 699//1172
f 707//1173 683//1173 676//1173
f 707//1174 676//1174 669//1174
f 707//1175 669//1175 700//1175
f 708//1176 677//1176 670//1176
f 708//1177 670//1177 701//1177
f 709//1178 678//1178 702//1178
f 710//1179 679//1179 672//1179
f 710//1180 672//1180 703//1180
f 711//1181 673//1181 704//1181
f 711//1182 680//1182 673//1182
f 712//1183 713//1183 650//1183
f 712//1184 681//1184 705//1184
f 712//1185 650//1185 681//1185
f 714//1186 682//1186 675//1186
f 714//1187 675//1187 706//1187
f 715//1188 683//1188 707//1188
f 716//1189 684//1189 677//1189
f 716//1190 677//1190 708//1190
f 716//1191 690//1191 684//1191
f 717//1192 691//1192 685//1192
f 717//1193 678//1193 709//1193
f 717//1194 685//1194 678//1194
f 718//1195 686//1195 679//1195
f 718//1196 679//1196 710//1196
f 719//1197 680//1197 711//1197
f 719//1198 687//1198 680//1198
f 720//1199 688//1199 682//1199
f 720//1200 682//1200 714//1200
f 721//1201 683//1201 715//1201
f 721//1202 689//1202 683//1202
f 722//1203 690//1203 716//1203
f 722//1204 697//1204 690//1204
f 723//1205 691//1205 717//1205
f 723//1206 698//1206 691//1206
f 724//1207 686//1207 718//1207
f 724//1208 692//1208 686//1208
f 725//1209 687//1209 719//1209
f 725//1210 693//1210 687//1210
f 726//1211 694//1211 688//1211
f 726//1212 688//1212 720//1212
f 727//1213 702//1213 695//1213
f 727//1214 689//1214 721//1214
f 727//1215 695//1215 689//1215
f 728//1216 142//1216 144//1216
f 728//1217 703//1217 696//1217
f 728//1218 696//1218 142//1218
f 729//1219 697//1219 722//1219
f 730//1220 698//1220 723//1220
f 731//1221 699//1221 692//1221
f 731//1222 692//1222 724//1222
f 732//1223 700//1223 693//1223
f 732//1224 693//1224 725//1224
f 733//1225 701//1225 694//1225
f 733//1226 694//1226 726//1226
f 733//1227 708//1227 701//1227
f 734//1228 702//1228 727//1228
f 735//1229 703//1229 728//1229
f 735//1230 710//1230 703//1230
f 736//1231 697//1231 729//1231
f 736//1232 704//1232 697//1232
f 736//1233 711//1233 704//1233
f 737//1234 705//1234 698//1234
f 737//1235 698//1235 730//1235
f 738//1236 699//1236 731//1236
f 738//1237 714//1237 706//1237
f 738//1238 706//1238 699//1238
f 739//1239 700//1239 732//1239
f 739//1240 707//1240 700//1240
f 740//1241 708//1241 733//1241
f 741//1242 709//1242 702//1242
f 741//1243 702//1243 734//1243
f 742//1244 710//1244 735//1244
f 743//1245 711//1245 736//1245
f 744//1246 712//1246 705//1246
f 744//1247 745//1247 713//1247
f 744//1248 705//1248 737//1248
f 744//1249 713//1249 712//1249
f 746//1250 714//1250 738//1250
f 747//1251 715//1251 707//1251
f 747//1252 707//1252 739//1252
f 748//1253 716//1253 708//1253
f 748//1254 708//1254 740//1254
f 749//1255 709//1255 741//1255
f 749//1256 717//1256 709//1256
f 750//1257 718//1257 710//1257
f 750//1258 724//1258 718//1258
f 750//1259 710//1259 742//1259
f 751//1260 711//1260 743//1260
f 751//1261 719//1261 711//1261
f 752//1262 714//1262 746//1262
f 752//1263 720//1263 714//1263
f 752//1264 726//1264 720//1264
f 753//1265 721//1265 715//1265
f 753//1266 715//1266 747//1266
f 754//1267 716//1267 748//1267
f 754//1268 722//1268 716//1268
f 755//1269 723//1269 717//1269
f 755//1270 717//1270 749//1270
f 756//1271 724//1271 750//1271
f 757//1272 725//1272 719//1272
f 757//1273 719//1273 751//1273
f 757//1274 732//1274 725//1274
f 758//1275 726//1275 752//1275
f 758//1276 733//1276 726//1276
f 759//1277 721//1277 753//1277
f 759//1278 727//1278 721//1278
f 760//1279 144//1279 147//1279
f 760//1280 728//1280 144//1280
f 761//1281 722//1281 754//1281
f 761//1282 729//1282 722//1282
f 762//1283 723//1283 755//1283
f 762//1284 730//1284 723//1284
f 763//1285 724//1285 756//1285
f 763//1286 731//1286 724//1286
f 763//1287 738//1287 731//1287
f 764//1288 732//1288 757//1288
f 765//1289 733//1289 758//1289
f 766//1290 727//1290 759//1290
f 766//1291 734//1291 727//1291
f 767//1292 742//1292 735//1292
f 767//1293 735//1293 728//1293
f 767//1294 728//1294 760//1294
f 768//1295 736//1295 729//1295
f 768//1296 729//1296 761//1296
f 769//1297 730//1297 762//1297
f 769//1298 737//1298 730//1298
f 769//1299 744//1299 737//1299
f 770//1300 738//1300 763//1300
f 771//1301 732//1301 764//1301
f 771//1302 739//1302 732//1302
f 772//1303 733//1303 765//1303
f 772//1304 740//1304 733//1304
f 773//1305 741//1305 734//1305
f 773//1306 734//1306 766//1306
f 774//1307 742//1307 767//1307
f 775//1308 743//1308 736//1308
f 775//1309 736//1309 768//1309
f 776//1310 745//1310 744//1310
f 776//1311 777//1311 745//1311
f 776//1312 744//1312 769//1312
f 778//1313 752//1313 746//1313
f 778//1314 746//1314 738//1314
f 778//1315 738//1315 770//1315
f 779//1316 739//1316 771//1316
f 779//1317 753//1317 747//1317
f 779//1318 747//1318 739//1318
f 780//1319 740//1319 772//1319
f 780//1320 748//1320 740//1320
f 781//1321 749//1321 741//1321
f 781//1322 741//1322 773//1322
f 782//1323 750//1323 742//1323
f 782//1324 756//1324 750//1324
f 782//1325 742//1325 774//1325
f 783//1326 757//1326 751//1326
f 783//1327 751//1327 743//1327
f 783//1328 743//1328 775//1328
f 784//1329 752//1329 778//1329
f 785//1330 753//1330 779//1330
f 786//1331 748//1331 780//1331
f 786//1332 754//1332 748//1332
f 787//1333 755//1333 749//1333
f 787//1334 749//1334 781//1334
f 788//1335 756//1335 782//1335
f 789//1336 757//1336 783//1336
f 790//1337 758//1337 752//1337
f 790//1338 765//1338 758//1338
f 790//1339 752//1339 784//1339
f 791//1340 766//1340 759//1340
f 791//1341 753//1341 785//1341
f 791//1342 759//1342 753//1342
f 792//1343 147//1343 149//1343
f 792//1344 149//1344 151//1344
f 792//1345 760//1345 147//1345
f 793//1346 754//1346 786//1346
f 793//1347 761//1347 754//1347
f 794//1348 755//1348 787//1348
f 794//1349 762//1349 755//1349
f 795//1350 756//1350 788//1350
f 795//1351 763//1351 756//1351
f 796//1352 764//1352 757//1352
f 796//1353 757//1353 789//1353
f 797//1354 765//1354 790//1354
f 798//1355 766//1355 791//1355
f 799//1356 760//1356 792//1356
f 799//1357 767//1357 760//1357
f 800//1358 775//1358 768//1358
f 800//1359 768//1359 761//1359
f 800//1360 761//1360 793//1360
f 801//1361 762//1361 794//1361
f 801//1362 769//1362 762//1362
f 802//1363 770//1363 763//1363
f 802//1364 763//1364 795//1364
f 803//1365 771//1365 764//1365
f 803//1366 764//1366 796//1366
f 804//1367 772//1367 765//1367
f 804//1368 765//1368 797//1368
f 805//1369 781//1369 773//1369
f 805//1370 766//1370 798//1370
f 805//1371 773//1371 766//1371
f 806//1372 774//1372 767//1372
f 806//1373 767//1373 799//1373
f 807//1374 775//1374 800//1374
f 808//1375 777//1375 776//1375
f 808//1376 776//1376 769//1376
f 808//1377 809//1377 777//1377
f 808//1378 769//1378 801//1378
f 810//1379 770//1379 802//1379
f 810//1380 778//1380 770//1380
f 811//1381 771//1381 803//1381
f 811//1382 779//1382 771//1382
f 812//1383 780//1383 772//1383
f 812//1384 772//1384 804//1384
f 812//1385 786//1385 780//1385
f 813//1386 781//1386 805//1386
f 814//1387 774//1387 806//1387
f 814//1388 782//1388 774//1388
f 815//1389 783//1389 775//1389
f 815//1390 775//1390 807//1390
f 816//1391 784//1391 778//1391
f 816//1392 778//1392 810//1392
f 817//1393 785//1393 779//1393
f 817//1394 779//1394 811//1394
f 818//1395 786//1395 812//1395
f 818//1396 793//1396 786//1396
f 819//1397 781//1397 813//1397
f 819//1398 794//1398 787//1398
f 819//1399 787//1399 781//1399
f 820//1400 788//1400 782//1400
f 820//1401 782//1401 814//1401
f 821//1402 783//1402 815//1402
f 821//1403 789//1403 783//1403
f 822//1404 784//1404 816//1404
f 822//1405 790//1405 784//1405
f 823//1406 791//1406 785//1406
f 823//1407 785//1407 817//1407
f 824//1408 799//1408 792//1408
f 824//1409 792//1409 151//1409
f 825//1410 793//1410 818//1410
f 826//1411 794//1411 819//1411
f 827//1412 788//1412 820//1412
f 827//1413 802//1413 795//1413
f 827//1414 795//1414 788//1414
f 828//1415 789//1415 821//1415
f 828//1416 796//1416 789//1416
f 829//1417 797//1417 790//1417
f 829//1418 790//1418 822//1418
f 830//1419 791//1419 823//1419
f 830//1420 798//1420 791//1420
f 831//1421 799//1421 824//1421
f 832//1422 800//1422 793//1422
f 832//1423 793//1423 825//1423
f 833//1424 808//1424 801//1424
f 833//1425 794//1425 826//1425
f 833//1426 801//1426 794//1426
f 834//1427 810//1427 802//1427
f 834//1428 802//1428 827//1428
f 835//1429 796//1429 828//1429
f 835//1430 803//1430 796//1430
f 836//1431 797//1431 829//1431
f 836//1432 804//1432 797//1432
f 837//1433 805//1433 798//1433
f 837//1434 798//1434 830//1434
f 838//1435 799//1435 831//1435
f 838//1436 806//1436 799//1436
f 839//1437 807//1437 800//1437
f 839//1438 800//1438 832//1438
f 840//1439 808//1439 833//1439
f 840//1440 809//1440 808//1440
f 840//1441 841//1441 809//1441
f 842//1442 810//1442 834//1442
f 843//1443 803//1443 835//1443
f 843//1444 811//1444 803//1444
f 844//1445 804//1445 836//1445
f 844//1446 812//1446 804//1446
f 845//1447 813//1447 805//1447
f 845//1448 805//1448 837//1448
f 846//1449 814//1449 806//1449
f 846//1450 806//1450 838//1450
f 847//1451 815//1451 807//1451
f 847//1452 807//1452 839//1452
f 848//1453 822//1453 816//1453
f 848//1454 816//1454 810//1454
f 848//1455 810//1455 842//1455
f 849//1456 817//1456 811//1456
f 849//1457 811//1457 843//1457
f 850//1458 818//1458 812//1458
f 850//1459 812//1459 844//1459
f 851//1460 819//1460 813//1460
f 851//1461 813//1461 845//1461
f 852//1462 814//1462 846//1462
f 852//1463 820//1463 814//1463
f 853//1464 828//1464 821//1464
f 853//1465 821//1465 815//1465
f 853//1466 815//1466 847//1466
f 854//1467 829//1467 822//1467
f 854//1468 822//1468 848//1468
f 855//1469 823//1469 817//1469
f 855//1470 817//1470 849//1470
f 856//1471 824//1471 151//1471
f 856//1472 151//1472 153//1472
f 857//1473 825//1473 818//1473
f 857//1474 818//1474 850//1474
f 858//1475 826//1475 819//1475
f 858//1476 819//1476 851//1476
f 859//1477 827//1477 820//1477
f 859//1478 820//1478 852//1478
f 860//1479 828//1479 853//1479
f 861//1480 829//1480 854//1480
f 862//1481 823//1481 855//1481
f 862//1482 830//1482 823//1482
f 863//1483 831//1483 824//1483
f 863//1484 824//1484 856//1484
f 864//1485 825//1485 857//1485
f 864//1486 832//1486 825//1486
f 865//1487 840//1487 833//1487
f 865//1488 826//1488 858//1488
f 865//1489 833//1489 826//1489
f 866//1490 827//1490 859//1490
f 866//1491 834//1491 827//1491
f 867//1492 828//1492 860//1492
f 867//1493 835//1493 828//1493
f 868//1494 829//1494 861//1494
f 868//1495 836//1495 829//1495
f 868//1496 844//1496 836//1496
f 869//1497 837//1497 830//1497
f 869//1498 830//1498 862//1498
f 870//1499 831//1499 863//1499
f 870//1500 838//1500 831//1500
f 871//1501 832//1501 864//1501
f 871//1502 839//1502 832//1502
f 872//1503 841//1503 840//1503
f 872//1504 873//1504 841//1504
f 872//1505 840//1505 865//1505
f 874//1506 842//1506 834//1506
f 874//1507 834//1507 866//1507
f 875//1508 849//1508 843//1508
f 875//1509 835//1509 867//1509
f 875//1510 843//1510 835//1510
f 876//1511 850//1511 844//1511
f 876//1512 844//1512 868//1512
f 877//1513 845//1513 837//1513
f 877//1514 837//1514 869//1514
f 878//1515 846//1515 838//1515
f 878//1516 838//1516 870//1516
f 879//1517 839//1517 871//1517
f 879//1518 847//1518 839//1518
f 880//1519 848//1519 842//1519
f 880//1520 842//1520 874//1520
f 881//1521 849//1521 875//1521
f 882//1522 850//1522 876//1522
f 883//1523 851//1523 845//1523
f 883//1524 845//1524 877//1524
f 884//1525 852//1525 846//1525
f 884//1526 846//1526 878//1526
f 885//1527 853//1527 847//1527
f 885//1528 847//1528 879//1528
f 886//1529 854//1529 848//1529
f 886//1530 848//1530 880//1530
f 887//1531 849//1531 881//1531
f 887//1532 862//1532 855//1532
f 887//1533 855//1533 849//1533
f 888//1534 856//1534 153//1534
f 888//1535 153//1535 156//1535
f 888//1536 863//1536 856//1536
f 889//1537 850//1537 882//1537
f 889//1538 864//1538 857//1538
f 889//1539 857//1539 850//1539
f 890//1540 858//1540 851//1540
f 890//1541 851//1541 883//1541
f 891//1542 859//1542 852//1542
f 891//1543 852//1543 884//1543
f 891//1544 866//1544 859//1544
f 892//1545 860//1545 853//1545
f 892//1546 853//1546 885//1546
f 893//1547 861//1547 854//1547
f 893//1548 854//1548 886//1548
f 894//1549 862//1549 887//1549
f 894//1550 869//1550 862//1550
f 895//1551 863//1551 888//1551
f 896//1552 864//1552 889//1552
f 897//1553 858//1553 890//1553
f 897//1554 865//1554 858//1554
f 898//1555 866//1555 891//1555
f 898//1556 874//1556 866//1556
f 899//1557 867//1557 860//1557
f 899//1558 860//1558 892//1558
f 900//1559 861//1559 893//1559
f 900//1560 868//1560 861//1560
f 901//1561 869//1561 894//1561
f 902//1562 863//1562 895//1562
f 902//1563 870//1563 863//1563
f 903//1564 879//1564 871//1564
f 903//1565 871//1565 864//1565
f 903//1566 864//1566 896//1566
f 904//1567 905//1567 873//1567
f 904//1568 906//1568 905//1568
f 904//1569 865//1569 897//1569
f 904//1570 873//1570 872//1570
f 904//1571 872//1571 865//1571
f 907//1572 874//1572 898//1572
f 908//1573 867//1573 899//1573
f 908//1574 875//1574 867//1574
f 909//1575 876//1575 868//1575
f 909//1576 868//1576 900//1576
f 910//1577 877//1577 869//1577
f 910//1578 869//1578 901//1578
f 911//1579 878//1579 870//1579
f 911//1580 884//1580 878//1580
f 911//1581 870//1581 902//1581
f 912//1582 879//1582 903//1582
f 913//1583 880//1583 874//1583
f 913//1584 874//1584 907//1584
f 914//1585 881//1585 875//1585
f 914//1586 875//1586 908//1586
f 915//1587 882//1587 876//1587
f 915//1588 876//1588 909//1588
f 916//1589 883//1589 877//1589
f 916//1590 890//1590 883//1590
f 916//1591 877//1591 910//1591
f 917//1592 884//1592 911//1592
f 918//1593 879//1593 912//1593
f 918//1594 885//1594 879//1594
f 918//1595 892//1595 885//1595
f 919//1596 893//1596 886//1596
f 919//1597 880//1597 913//1597
f 919//1598 886//1598 880//1598
f 920//1599 887//1599 881//1599
f 920//1600 881//1600 914//1600
f 921//1601 888//1601 156//1601
f 921//1602 156//1602 158//1602
f 922//1603 889//1603 882//1603
f 922//1604 882//1604 915//1604
f 923//1605 890//1605 916//1605
f 924//1606 884//1606 917//1606
f 924//1607 891//1607 884//1607
f 925//1608 892//1608 918//1608
f 926//1609 893//1609 919//1609
f 927//1610 894//1610 887//1610
f 927//1611 887//1611 920//1611
f 928//1612 895//1612 888//1612
f 928//1613 888//1613 921//1613
f 928//1614 902//1614 895//1614
f 929//1615 896//1615 889//1615
f 929//1616 889//1616 922//1616
f 930//1617 890//1617 923//1617
f 930//1618 897//1618 890//1618
f 930//1619 904//1619 897//1619
f 931//1620 898//1620 891//1620
f 931//1621 891//1621 924//1621
f 932//1622 908//1622 899//1622
f 932//1623 899//1623 892//1623
f 932//1624 892//1624 925//1624
f 933//1625 893//1625 926//1625
f 933//1626 900//1626 893//1626
f 933//1627 909//1627 900//1627
f 934//1628 894//1628 927//1628
f 934//1629 901//1629 894//1629
f 935//1630 902//1630 928//1630
f 936//1631 896//1631 929//1631
f 936//1632 903//1632 896//1632
f 937//1633 904//1633 930//1633
f 937//1634 906//1634 904//1634
f 938//1635 898//1635 931//1635
f 938//1636 907//1636 898//1636
f 939//1637 914//1637 908//1637
f 939//1638 908//1638 932//1638
f 940//1639 909//1639 933//1639
f 940//1640 915//1640 909//1640
f 941//1641 910//1641 901//1641
f 941//1642 901//1642 934//1642
f 942//1643 911//1643 902//1643
f 942//1644 902//1644 935//1644
f 942//1645 917//1645 911//1645
f 943//1646 912//1646 903//1646
f 943//1647 903//1647 936//1647
f 944//1648 913//1648 907//1648
f 944//1649 907//1649 938//1649
f 945//1650 914//1650 939//1650
f 946//1651 922//1651 915//1651
f 946//1652 915//1652 940//1652
f 947//1653 916//1653 910//1653
f 947//1654 910//1654 941//1654
f 948//1655 917//1655 942//1655
f 949//1656 912//1656 943//1656
f 949//1657 918//1657 912//1657
f 950//1658 926//1658 919//1658
f 950//1659 913//1659 944//1659
f 950//1660 919//1660 913//1660
f 951//1661 920//1661 914//1661
f 951//1662 927//1662 920//1662
f 951//1663 914//1663 945//1663
f 952//1664 921//1664 158//1664
f 952//1665 158//1665 160//1665
f 953//1666 922//1666 946//1666
f 954//1667 923//1667 916//1667
f 954//1668 916//1668 947//1668
f 955//1669 931//1669 924//1669
f 955//1670 924//1670 917//1670
f 955//1671 917//1671 948//1671
f 956//1672 925//1672 918//1672
f 956//1673 918//1673 949//1673
f 957//1674 926//1674 950//1674
f 958//1675 927//1675 951//1675
f 959//1676 928//1676 921//1676
f 959//1677 921//1677 952//1677
f 960//1678 922//1678 953//1678
f 960//1679 929//1679 922//1679
f 960//1680 936//1680 929//1680
f 961//1681 930//1681 923//1681
f 961//1682 923//1682 954//1682
f 962//1683 931//1683 955//1683
f 962//1684 938//1684 931//1684
f 963//1685 925//1685 956//1685
f 963//1686 932//1686 925//1686
f 964//1687 933//1687 926//1687
f 964//1688 926//1688 957//1688
f 965//1689 934//1689 927//1689
f 965//1690 927//1690 958//1690
f 965//1691 941//1691 934//1691
f 966//1692 928//1692 959//1692
f 966//1693 935//1693 928//1693
f 967//1694 936//1694 960//1694
f 968//1695 930//1695 961//1695
f 968//1696 969//1696 906//1696
f 968//1697 970//1697 969//1697
f 968//1698 906//1698 937//1698
f 968//1699 937//1699 930//1699
f 971//1700 938//1700 962//1700
f 972//1701 939//1701 932//1701
f 972//1702 932//1702 963//1702
f 973//1703 933//1703 964//1703
f 973//1704 940//1704 933//1704
f 974//1705 941//1705 965//1705
f 975//1706 935//1706 966//1706
f 975//1707 942//1707 935//1707
f 976//1708 936//1708 967//1708
f 976//1709 943//1709 936//1709
f 977//1710 938//1710 971//1710
f 977//1711 944//1711 938//1711
f 978//1712 945//1712 939//1712
f 978//1713 939//1713 972//1713
f 979//1714 946//1714 940//1714
f 979//1715 940//1715 973//1715
f 980//1716 954//1716 947//1716
f 980//1717 941//1717 974//1717
f 980//1718 947//1718 941//1718
f 981//1719 948//1719 942//1719
f 981//1720 942//1720 975//1720
f 982//1721 956//1721 949//1721
f 982//1722 949//1722 943//1722
f 982//1723 943//1723 976//1723
f 983//1724 950//1724 944//1724
f 983//1725 944//1725 977//1725
f 984//1726 945//1726 978//1726
f 984//1727 951//1727 945//1727
f 985//1728 952//1728 160//1728
f 985//1729 959//1729 952//1729
f 985//1730 160//1730 162//1730
f 986//1731 953//1731 946//1731
f 986//1732 946//1732 979//1732
f 987//1733 961//1733 954//1733
f 987//1734 954//1734 980//1734
f 988//1735 948//1735 981//1735
f 988//1736 962//1736 955//1736
f 988//1737 955//1737 948//1737
f 989//1738 956//1738 982//1738
f 990//1739 957//1739 950//1739
f 990//1740 950//1740 983//1740
f 991//1741 958//1741 951//1741
f 991//1742 951//1742 984//1742
f 992//1743 959//1743 985//1743
f 993//1744 960//1744 953//1744
f 993//1745 953//1745 986//1745
f 994//1746 961//1746 987//1746
f 995//1747 962//1747 988//1747
f 996//1748 963//1748 956//1748
f 996//1749 956//1749 989//1749
f 997//1750 964//1750 957//1750
f 997//1751 973//1751 964//1751
f 997//1752 957//1752 990//1752
f 998//1753 965//1753 958//1753
f 998//1754 958//1754 991//1754
f 999//1755 959//1755 992//1755
f 999//1756 966//1756 959//1756
f 1000//1757 967//1757 960//1757
f 1000//1758 960//1758 993//1758
f 1001//1759 961//1759 994//1759
f 1001//1760 970//1760 968//1760
f 1001//1761 968//1761 961//1761
f 1002//1762 962//1762 995//1762
f 1002//1763 971//1763 962//1763
f 1003//1764 963//1764 996//1764
f 1003//1765 972//1765 963//1765
f 1003//1766 978//1766 972//1766
f 1004//1767 973//1767 997//1767
f 1004//1768 979//1768 973//1768
f 1005//1769 965//1769 998//1769
f 1005//1770 974//1770 965//1770
f 1006//1771 966//1771 999//1771
f 1006//1772 975//1772 966//1772
f 1007//1773 967//1773 1000//1773
f 1007//1774 976//1774 967//1774
f 1008//1775 971//1775 1002//1775
f 1008//1776 983//1776 977//1776
f 1008//1777 977//1777 971//1777
f 1009//1778 978//1778 1003//1778
f 1010//1779 979//1779 1004//1779
f 1011//1780 980//1780 974//1780
f 1011//1781 974//1781 1005//1781
f 1012//1782 975//1782 1006//1782
f 1012//1783 981//1783 975//1783
f 1013//1784 982//1784 976//1784
f 1013//1785 976//1785 1007//1785
f 1014//1786 990//1786 983//1786
f 1014//1787 983//1787 1008//1787
f 1015//1788 984//1788 978//1788
f 1015//1789 978//1789 1009//1789
f 1016//1790 985//1790 162//1790
f 1016//1791 162//1791 165//1791
f 1017//1792 993//1792 986//1792
f 1017//1793 986//1793 979//1793
f 1017//1794 979//1794 1010//1794
f 1018//1795 987//1795 980//1795
f 1018//1796 980//1796 1011//1796
f 1019//1797 988//1797 981//1797
f 1019//1798 981//1798 1012//1798
f 1020//1799 989//1799 982//1799
f 1020//1800 982//1800 1013//1800
f 1021//1801 990//1801 1014//1801
f 1022//1802 991//1802 984//1802
f 1022//1803 984//1803 1015//1803
f 1022//1804 998//1804 991//1804
f 1023//1805 992//1805 985//1805
f 1023//1806 985//1806 1016//1806
f 1024//1807 1000//1807 993//1807
f 1024//1808 993//1808 1017//1808
f 1025//1809 994//1809 987//1809
f 1025//1810 987//1810 1018//1810
f 1026//1811 995//1811 988//1811
f 1026//1812 988//1812 1019//1812
f 1027//1813 996//1813 989//1813
f 1027//1814 989//1814 1020//1814
f 1028//1815 997//1815 990//1815
f 1028//1816 990//1816 1021//1816
f 1029//1817 998//1817 1022//1817
f 1030//1818 1006//1818 999//1818
f 1030//1819 999//1819 992//1819
f 1030//1820 992//1820 1023//1820
f 1031//1821 1000//1821 1024//1821
f 1032//1822 994//1822 1025//1822
f 1032//1823 1001//1823 994//1823
f 1032//1824 1033//1824 970//1824
f 1032//1825 970//1825 1001//1825
f 1034//1826 995//1826 1026//1826
f 1034//1827 1002//1827 995//1827
f 1035//1828 996//1828 1027//1828
f 1035//1829 1003//1829 996//1829
f 1036//1830 1004//1830 997//1830
f 1036//1831 997//1831 1028//1831
f 1037//1832 998//1832 1029//1832
f 1037//1833 1011//1833 1005//1833
f 1037//1834 1005//1834 998//1834
f 1038//1835 1006//1835 1030//1835
f 1038//1836 1012//1836 1006//1836
f 1039//1837 1000//1837 1031//1837
f 1039//1838 1007//1838 1000//1838
f 1040//1839 1002//1839 1034//1839
f 1040//1840 1008//1840 1002//1840
f 1041//1841 1003//1841 1035//1841
f 1041//1842 1009//1842 1003//1842
f 1042//1843 1004//1843 1036//1843
f 1042//1844 1010//1844 1004//1844
f 1043//1845 1018//1845 1011//1845
f 1043//1846 1011//1846 1037//1846
f 1044//1847 1012//1847 1038//1847
f 1045//1848 1020//1848 1013//1848
f 1045//1849 1013//1849 1007//1849
f 1045//1850 1007//1850 1039//1850
f 1046//1851 1008//1851 1040//1851
f 1046//1852 1014//1852 1008//1852
f 1047//1853 1015//1853 1009//1853
f 1047//1854 1009//1854 1041//1854
f 1048//1855 1016//1855 165//1855
f 1048//1856 165//1856 167//1856
f 1048//1857 167//1857 169//1857
f 1049//1858 1024//1858 1017//1858
f 1049//1859 1017//1859 1010//1859
f 1049//1860 1010//1860 1042//1860
f 1050//1861 1018//1861 1043//1861
f 1051//1862 1026//1862 1019//1862
f 1051//1863 1012//1863 1044//1863
f 1051//1864 1019//1864 1012//1864
f 1052//1865 1020//1865 1045//1865
f 1053//1866 1021//1866 1014//1866
f 1053//1867 1014//1867 1046//1867
f 1054//1868 1022//1868 1015//1868
f 1054//1869 1015//1869 1047//1869
f 1055//1870 1023//1870 1016//1870
f 1055//1871 1016//1871 1048//1871
f 1056//1872 1024//1872 1049//1872
f 1057//1873 1032//1873 1025//1873
f 1057//1874 1025//1874 1018//1874
f 1057//1875 1018//1875 1050//1875
f 1058//1876 1026//1876 1051//1876
f 1059//1877 1027//1877 1020//1877
f 1059//1878 1020//1878 1052//1878
f 1060//1879 1028//1879 1021//1879
f 1060//1880 1021//1880 1053//1880
f 1061//1881 1029//1881 1022//1881
f 1061//1882 1022//1882 1054//1882
f 1062//1883 1023//1883 1055//1883
f 1062//1884 1030//1884 1023//1884
f 1063//1885 1031//1885 1024//1885
f 1063//1886 1024//1886 1056//1886
f 1064//1887 1065//1887 1033//1887
f 1064//1888 1033//1888 1032//1888
f 1064//1889 1032//1889 1057//1889
f 1066//1890 1026//1890 1058//1890
f 1066//1891 1034//1891 1026//1891
f 1067//1892 1035//1892 1027//1892
f 1067//1893 1041//1893 1035//1893
f 1067//1894 1027//1894 1059//1894
f 1068//1895 1028//1895 1060//1895
f 1068//1896 1036//1896 1028//1896
f 1069//1897 1029//1897 1061//1897
f 1069//1898 1037//1898 1029//1898
f 1070//1899 1044//1899 1038//1899
f 1070//1900 1030//1900 1062//1900
f 1070//1901 1038//1901 1030//1901
f 1071//1902 1031//1902 1063//1902
f 1071//1903 1039//1903 1031//1903
f 1072//1904 1046//1904 1040//1904
f 1072//1905 1034//1905 1066//1905
f 1072//1906 1040//1906 1034//1906
f 1073//1907 1041//1907 1067//1907
f 1074//1908 1042//1908 1036//1908
f 1074//1909 1036//1909 1068//1909
f 1075//1910 1037//1910 1069//1910
f 1075//1911 1043//1911 1037//1911
f 1076//1912 1044//1912 1070//1912
f 1077//1913 1045//1913 1039//1913
f 1077//1914 1039//1914 1071//1914
f 1078//1915 1046//1915 1072//1915
f 1079//1916 1054//1916 1047//1916
f 1079//1917 1041//1917 1073//1917
f 1079//1918 1047//1918 1041//1918
f 1080//1919 1055//1919 1048//1919
f 1080//1920 1048//1920 169//1920
f 1081//1921 1049//1921 1042//1921
f 1081//1922 1042//1922 1074//1922
f 1082//1923 1050//1923 1043//1923
f 1082//1924 1043//1924 1075//1924
f 1083//1925 1051//1925 1044//1925
f 1083//1926 1044//1926 1076//1926
f 1084//1927 1052//1927 1045//1927
f 1084//1928 1059//1928 1052//1928
f 1084//1929 1045//1929 1077//1929
f 1085//1930 1053//1930 1046//1930
f 1085//1931 1046//1931 1078//1931
f 1086//1932 1054//1932 1079//1932
f 1086//1933 1061//1933 1054//1933
f 1087//1934 1055//1934 1080//1934
f 1088//1935 1056//1935 1049//1935
f 1088//1936 1049//1936 1081//1936
f 1089//1937 1057//1937 1050//1937
f 1089//1938 1050//1938 1082//1938
f 1090//1939 1058//1939 1051//1939
f 1090//1940 1051//1940 1083//1940
f 1091//1941 1059//1941 1084//1941
f 1092//1942 1053//1942 1085//1942
f 1092//1943 1068//1943 1060//1943
f 1092//1944 1060//1944 1053//1944
f 1093//1945 1069//1945 1061//1945
f 1093//1946 1061//1946 1086//1946
f 1094//1947 1055//1947 1087//1947
f 1094//1948 1062//1948 1055//1948
f 1095//1949 1056//1949 1088//1949
f 1095//1950 1063//1950 1056//1950
f 1096//1951 1065//1951 1064//1951
f 1096//1952 1064//1952 1057//1952
f 1096//1953 1097//1953 1065//1953
f 1096//1954 1057//1954 1089//1954
f 1098//1955 1058//1955 1090//1955
f 1098//1956 1066//1956 1058//1956
f 1099//1957 1067//1957 1059//1957
f 1099//1958 1059//1958 1091//1958
f 1100//1959 1068//1959 1092//1959
f 1101//1960 1069//1960 1093//1960
f 1102//1961 1070//1961 1062//1961
f 1102//1962 1076//1962 1070//1962
f 1102//1963 1062//1963 1094//1963
f 1103//1964 1063//1964 1095//1964
f 1103//1965 1071//1965 1063//1965
f 1104//1966 1072//1966 1066//1966
f 1104//1967 1066//1967 1098//1967
f 1105//1968 1073//1968 1067//1968
f 1105//1969 1067//1969 1099//1969
f 1106//1970 1068//1970 1100//1970
f 1106//1971 1074//1971 1068//1971
f 1107//1972 1069//1972 1101//1972
f 1107//1973 1075//1973 1069//1973
f 1107//1974 1082//1974 1075//1974
f 1108//1975 1076//1975 1102//1975
f 1109//1976 1071//1976 1103//1976
f 1109//1977 1077//1977 1071//1977
f 1110//1978 1072//1978 1104//1978
f 1110//1979 1078//1979 1072//1979
f 1111//1980 1073//1980 1105//1980
f 1111//1981 1079//1981 1073//1981
f 1112//1982 169//1982 171//1982
f 1112//1983 1080//1983 169//1983
f 1113//1984 1081//1984 1074//1984
f 1113//1985 1074//1985 1106//1985
f 1113//1986 1088//1986 1081//1986
f 1114//1987 1082//1987 1107//1987
f 1115//1988 1076//1988 1108//1988
f 1115//1989 1083//1989 1076//1989
f 1116//1990 1084//1990 1077//1990
f 1116//1991 1077//1991 1109//1991
f 1117//1992 1078//1992 1110//1992
f 1117//1993 1085//1993 1078//1993
f 1118//1994 1086//1994 1079//1994
f 1118//1995 1079//1995 1111//1995
f 1119//1996 1087//1996 1080//1996
f 1119//1997 1080//1997 1112//1997
f 1120//1998 1088//1998 1113//1998
f 1121//1999 1089//1999 1082//1999
f 1121//2000 1096//2000 1089//2000
f 1121//2001 1082//2001 1114//2001
f 1122//2002 1083//2002 1115//2002
f 1122//2003 1090//2003 1083//2003
f 1123//2004 1091//2004 1084//2004
f 1123//2005 1084//2005 1116//2005
f 1124//2006 1092//2006 1085//2006
f 1124//2007 1085//2007 1117//2007
f 1125//2008 1093//2008 1086//2008
f 1125//2009 1086//2009 1118//2009
f 1126//2010 1087//2010 1119//2010
f 1126//2011 1094//2011 1087//2011
f 1127//2012 1088//2012 1120//2012
f 1127//2013 1095//2013 1088//2013
f 1128//2014 1097//2014 1096//2014
f 1128//2015 1096//2015 1121//2015
f 1128//2016 1129//2016 1097//2016
f 1130//2017 1098//2017 1090//2017
f 1130//2018 1090//2018 1122//2018
f 1131//2019 1099//2019 1091//2019
f 1131//2020 1091//2020 1123//2020
f 1132//2021 1100//2021 1092//2021
f 1132//2022 1092//2022 1124//2022
f 1133//2023 1093//2023 1125//2023
f 1133//2024 1101//2024 1093//2024
f 1134//2025 1102//2025 1094//2025
f 1134//2026 1094//2026 1126//2026
f 1135//2027 1109//2027 1103//2027
f 1135//2028 1103//2028 1095//2028
f 1135//2029 1095//2029 1127//2029
f 1136//2030 1098//2030 1130//2030
f 1136//2031 1104//2031 1098//2031
f 1137//2032 1105//2032 1099//2032
f 1137//2033 1099//2033 1131//2033
f 1138//2034 1100//2034 1132//2034
f 1138//2035 1106//2035 1100//2035
f 1139//2036 1101//2036 1133//2036
f 1139//2037 1107//2037 1101//2037
f 1140//2038 1108//2038 1102//2038
f 1140//2039 1102//2039 1134//2039
f 1141//2040 1109//2040 1135//2040
f 1141//2041 1116//2041 1109//2041
f 1142//2042 1104//2042 1136//2042
f 1142//2043 1110//2043 1104//2043
f 1143//2044 1105//2044 1137//2044
f 1143//2045 1111//2045 1105//2045
f 1144//2046 171//2046 173//2046
f 1144//2047 1112//2047 171//2047
f 1145//2048 1113//2048 1106//2048
f 1145//2049 1106//2049 1138//2049
f 1146//2050 1107//2050 1139//2050
f 1146//2051 1114//2051 1107//2051
f 1147//2052 1108//2052 1140//2052
f 1147//2053 1115//2053 1108//2053
f 1147//2054 1122//2054 1115//2054
f 1148//2055 1116//2055 1141//2055
f 1149//2056 1110//2056 1142//2056
f 1149//2057 1117//2057 1110//2057
f 1150//2058 1111//2058 1143//2058
f 1150//2059 1118//2059 1111//2059
f 1151//2060 1119//2060 1112//2060
f 1151//2061 1112//2061 1144//2061
f 1152//2062 1113//2062 1145//2062
f 1152//2063 1120//2063 1113//2063
f 1153//2064 1121//2064 1114//2064
f 1153//2065 1114//2065 1146//2065
f 1154//2066 1130//2066 1122//2066
f 1154//2067 1122//2067 1147//2067
f 1155//2068 1131//2068 1123//2068
f 1155//2069 1116//2069 1148//2069
f 1155//2070 1123//2070 1116//2070
f 1156//2071 1124//2071 1117//2071
f 1156//2072 1132//2072 1124//2072
f 1156//2073 1117//2073 1149//2073
f 1157//2074 1125//2074 1118//2074
f 1157//2075 1118//2075 1150//2075
f 1158//2076 1119//2076 1151//2076
f 1158//2077 1126//2077 1119//2077
f 1159//2078 1127//2078 1120//2078
f 1159//2079 1120//2079 1152//2079
f 1160//2080 1129//2080 1128//2080
f 1160//2081 1121//2081 1153//2081
f 1160//2082 1128//2082 1121//2082
f 1160//2083 1161//2083 1129//2083
f 1162//2084 1130//2084 1154//2084
f 1163//2085 1131//2085 1155//2085
f 1164//2086 1132//2086 1156//2086
f 1165//2087 1133//2087 1125//2087
f 1165//2088 1125//2088 1157//2088
f 1166//2089 1134//2089 1126//2089
f 1166//2090 1126//2090 1158//2090
f 1167//2091 1135//2091 1127//2091
f 1167//2092 1127//2092 1159//2092
f 1168//2093 1130//2093 1162//2093
f 1168//2094 1142//2094 1136//2094
f 1168//2095 1136//2095 1130//2095
f 1169//2096 1131//2096 1163//2096
f 1169//2097 1137//2097 1131//2097
f 1170//2098 1132//2098 1164//2098
f 1170//2099 1138//2099 1132//2099
f 1171//2100 1139//2100 1133//2100
f 1171//2101 1133//2101 1165//2101
f 1172//2102 1134//2102 1166//2102
f 1172//2103 1140//2103 1134//2103
f 1172//2104 1147//2104 1140//2104
f 1173//2105 1141//2105 1135//2105
f 1173//2106 1135//2106 1167//2106
f 1174//2107 1142//2107 1168//2107
f 1175//2108 1143//2108 1137//2108
f 1175//2109 1137//2109 1169//2109
f 1176//2110 173//2110 176//2110
f 1176//2111 1144//2111 173//2111
f 1176//2112 1151//2112 1144//2112
f 1177//2113 1138//2113 1170//2113
f 1177//2114 1145//2114 1138//2114
f 1178//2115 1139//2115 1171//2115
f 1178//2116 1146//2116 1139//2116
f 1179//2117 1147//2117 1172//2117
f 1180//2118 1148//2118 1141//2118
f 1180//2119 1141//2119 1173//2119
f 1181//2120 1142//2120 1174//2120
f 1181//2121 1149//2121 1142//2121
f 1182//2122 1157//2122 1150//2122
f 1182//2123 1150//2123 1143//2123
f 1182//2124 1143//2124 1175//2124
f 1183//2125 1151//2125 1176//2125
f 1184//2126 1145//2126 1177//2126
f 1184//2127 1152//2127 1145//2127
f 1185//2128 1153//2128 1146//2128
f 1185//2129 1146//2129 1178//2129
f 1186//2130 1154//2130 1147//2130
f 1186//2131 1147//2131 1179//2131
f 1187//2132 1155//2132 1148//2132
f 1187//2133 1148//2133 1180//2133
f 1188//2134 1156//2134 1149//2134
f 1188//2135 1164//2135 1156//2135
f 1188//2136 1149//2136 1181//2136
f 1189//2137 1165//2137 1157//2137
f 1189//2138 1157//2138 1182//2138
f 1190//2139 1166//2139 1158//2139
f 1190//2140 1158//2140 1151//2140
f 1190//2141 1151//2141 1183//2141
f 1191//2142 1159//2142 1152//2142
f 1191//2143 1152//2143 1184//2143
f 1192//2144 1153//2144 1185//2144
f 1192//2145 1160//2145 1153//2145
f 1192//2146 1161//2146 1160//2146
f 1192//2147 1193//2147 1161//2147
f 1194//2148 1154//2148 1186//2148
f 1194//2149 1162//2149 1154//2149
f 1195//2150 1163//2150 1155//2150
f 1195//2151 1155//2151 1187//2151
f 1196//2152 1164//2152 1188//2152
f 1197//2153 1171//2153 1165//2153
f 1197//2154 1165//2154 1189//2154
f 1198//2155 1166//2155 1190//2155
f 1199//2156 1167//2156 1159//2156
f 1199//2157 1159//2157 1191//2157
f 1200//2158 1168//2158 1162//2158
f 1200//2159 1162//2159 1194//2159
f 1201//2160 1169//2160 1163//2160
f 1201//2161 1163//2161 1195//2161
f 1202//2162 1170//2162 1164//2162
f 1202//2163 1164//2163 1196//2163
f 1203//2164 1171//2164 1197//2164
f 1204//2165 1166//2165 1198//2165
f 1204//2166 1172//2166 1166//2166
f 1204//2167 1179//2167 1172//2167
f 1205//2168 1167//2168 1199//2168
f 1205//2169 1173//2169 1167//2169
f 1205//2170 1180//2170 1173//2170
f 1206//2171 1174//2171 1168//2171
f 1206//2172 1168//2172 1200//2172
f 1207//2173 1169//2173 1201//2173
f 1207//2174 1175//2174 1169//2174
f 1208//2175 176//2175 178//2175
f 1208//2176 1176//2176 176//2176
f 1209//2177 1170//2177 1202//2177
f 1209//2178 1177//2178 1170//2178
f 1209//2179 1184//2179 1177//2179
f 1210//2180 1171//2180 1203//2180
f 1210//2181 1178//2181 1171//2181
f 1210//2182 1185//2182 1178//2182
f 1211//2183 1179//2183 1204//2183
f 1211//2184 1186//2184 1179//2184
f 1212//2185 1180//2185 1205//2185
f 1213//2186 1174//2186 1206//2186
f 1213//2187 1181//2187 1174//2187
f 1214//2188 1175//2188 1207//2188
f 1214//2189 1182//2189 1175//2189
f 1215//2190 1176//2190 1208//2190
f 1215//2191 1183//2191 1176//2191
f 1216//2192 1184//2192 1209//2192
f 1217//2193 1185//2193 1210//2193
f 1218//2194 1186//2194 1211//2194
f 1219//2195 1195//2195 1187//2195
f 1219//2196 1187//2196 1180//2196
f 1219//2197 1180//2197 1212//2197
f 1220//2198 1188//2198 1181//2198
f 1220//2199 1181//2199 1213//2199
f 1221//2200 1189//2200 1182//2200
f 1221//2201 1182//2201 1214//2201
f 1222//2202 1190//2202 1183//2202
f 1222//2203 1183//2203 1215//2203
f 1223//2204 1191//2204 1184//2204
f 1223//2205 1184//2205 1216//2205
f 1224//2206 1193//2206 1192//2206
f 1224//2207 1192//2207 1185//2207
f 1224//2208 1225//2208 1193//2208
f 1224//2209 1185//2209 1217//2209
f 1226//2210 1186//2210 1218//2210
f 1226//2211 1194//2211 1186//2211
f 1227//2212 1195//2212 1219//2212
f 1228//2213 1196//2213 1188//2213
f 1228//2214 1188//2214 1220//2214
f 1229//2215 1197//2215 1189//2215
f 1229//2216 1189//2216 1221//2216
f 1230//2217 1198//2217 1190//2217
f 1230//2218 1190//2218 1222//2218
f 1231//2219 1199//2219 1191//2219
f 1231//2220 1205//2220 1199//2220
f 1231//2221 1191//2221 1223//2221
f 1232//2222 1200//2222 1194//2222
f 1232//2223 1206//2223 1200//2223
f 1232//2224 1194//2224 1226//2224
f 1233//2225 1195//2225 1227//2225
f 1233//2226 1201//2226 1195//2226
f 1234//2227 1196//2227 1228//2227
f 1234//2228 1202//2228 1196//2228
f 1235//2229 1203//2229 1197//2229
f 1235//2230 1197//2230 1229//2230
f 1236//2231 1204//2231 1198//2231
f 1236//2232 1198//2232 1230//2232
f 1237//2233 1205//2233 1231//2233
f 1237//2234 1212//2234 1205//2234
f 1238//2235 1206//2235 1232//2235
f 1239//2236 1201//2236 1233//2236
f 1239//2237 1207//2237 1201//2237
f 1240//2238 1208//2238 178//2238
f 1240//2239 178//2239 180//2239
f 1240//2240 180//2240 182//2240
f 1241//2241 1202//2241 1234//2241
f 1241//2242 1209//2242 1202//2242
f 1242//2243 1203//2243 1235//2243
f 1242//2244 1210//2244 1203//2244
f 1243//2245 1211//2245 1204//2245
f 1243//2246 1204//2246 1236//2246
f 1244//2247 1212//2247 1237//2247
f 1245//2248 1206//2248 1238//2248
f 1245//2249 1213//2249 1206//2249
f 1246//2250 1207//2250 1239//2250
f 1246//2251 1214//2251 1207//2251
f 1247//2252 1215//2252 1208//2252
f 1247//2253 1208//2253 1240//2253
f 1248//2254 1209//2254 1241//2254
f 1248//2255 1216//2255 1209//2255
f 1249//2256 1210//2256 1242//2256
f 1249//2257 1217//2257 1210//2257
f 1250//2258 1211//2258 1243//2258
f 1250//2259 1218//2259 1211//2259
f 1251//2260 1219//2260 1212//2260
f 1251//2261 1212//2261 1244//2261
f 1251//2262 1227//2262 1219//2262
f 1252//2263 1220//2263 1213//2263
f 1252//2264 1213//2264 1245//2264
f 1252//2265 1228//2265 1220//2265
f 1253//2266 1214//2266 1246//2266
f 1253//2267 1221//2267 1214//2267
f 1254//2268 1215//2268 1247//2268
f 1254//2269 1222//2269 1215//2269
f 1255//2270 1223//2270 1216//2270
f 1255//2271 1216//2271 1248//2271
f 1256//2272 1225//2272 1224//2272
f 1256//2273 1224//2273 1217//2273
f 1256//2274 1217//2274 1249//2274
f 1256//2275 1257//2275 1225//2275
f 1256//2276 1258//2276 1257//2276
f 1259//2277 1218//2277 1250//2277
f 1259//2278 1226//2278 1218//2278
f 1260//2279 1227//2279 1251//2279
f 1261//2280 1228//2280 1252//2280
f 1262//2281 1221//2281 1253//2281
f 1262//2282 1235//2282 1229//2282
f 1262//2283 1229//2283 1221//2283
f 1263//2284 1222//2284 1254//2284
f 1263//2285 1230//2285 1222//2285
f 1264//2286 1231//2286 1223//2286
f 1264//2287 1223//2287 1255//2287
f 1265//2288 1232//2288 1226//2288
f 1265//2289 1226//2289 1259//2289
f 1266//2290 1233//2290 1227//2290
f 1266//2291 1227//2291 1260//2291
f 1267//2292 1234//2292 1228//2292
f 1267//2293 1228//2293 1261//2293
f 1268//2294 1235//2294 1262//2294
f 1269//2295 1236//2295 1230//2295
f 1269//2296 1230//2296 1263//2296
f 1270//2297 1237//2297 1231//2297
f 1270//2298 1231//2298 1264//2298
f 1271//2299 1238//2299 1232//2299
f 1271//2300 1232//2300 1265//2300
f 1272//2301 1233//2301 1266//2301
f 1272//2302 1239//2302 1233//2302
f 1273//2303 1240//2303 182//2303
f 1273//2304 1247//2304 1240//2304
f 1274//2305 1241//2305 1234//2305
f 1274//2306 1248//2306 1241//2306
f 1274//2307 1234//2307 1267//2307
f 1275//2308 1235//2308 1268//2308
f 1275//2309 1242//2309 1235//2309
f 1276//2310 1243//2310 1236//2310
f 1276//2311 1236//2311 1269//2311
f 1277//2312 1244//2312 1237//2312
f 1277//2313 1237//2313 1270//2313
f 1278//2314 1245//2314 1238//2314
f 1278//2315 1238//2315 1271//2315
f 1279//2316 1246//2316 1239//2316
f 1279//2317 1253//2317 1246//2317
f 1279//2318 1239//2318 1272//2318
f 1280//2319 1247//2319 1273//2319
f 1281//2320 1248//2320 1274//2320
f 1282//2321 1242//2321 1275//2321
f 1282//2322 1249//2322 1242//2322
f 1283//2323 1243//2323 1276//2323
f 1283//2324 1250//2324 1243//2324
f 1284//2325 1251//2325 1244//2325
f 1284//2326 1244//2326 1277//2326
f 1285//2327 1245//2327 1278//2327
f 1285//2328 1252//2328 1245//2328
f 1286//2329 1253//2329 1279//2329
f 1286//2330 1262//2330 1253//2330
f 1287//2331 1263//2331 1254//2331
f 1287//2332 1254//2332 1247//2332
f 1287//2333 1247//2333 1280//2333
f 1288//2334 1248//2334 1281//2334
f 1288//2335 1255//2335 1248//2335
f 1289//2336 1290//2336 1258//2336
f 1289//2337 1249//2337 1282//2337
f 1289//2338 1256//2338 1249//2338
f 1289//2339 1258//2339 1256//2339
f 1291//2340 1259//2340 1250//2340
f 1291//2341 1250//2341 1283//2341
f 1292//2342 1260//2342 1251//2342
f 1292//2343 1251//2343 1284//2343
f 1293//2344 1252//2344 1285//2344
f 1293//2345 1261//2345 1252//2345
f 1294//2346 1268//2346 1262//2346
f 1294//2347 1262//2347 1286//2347
f 1295//2348 1263//2348 1287//2348
f 1296//2349 1255//2349 1288//2349
f 1296//2350 1264//2350 1255//2350
f 1297//2351 1265//2351 1259//2351
f 1297//2352 1259//2352 1291//2352
f 1298//2353 1266//2353 1260//2353
f 1298//2354 1260//2354 1292//2354
f 1299//2355 1267//2355 1261//2355
f 1299//2356 1261//2356 1293//2356
f 1300//2357 1268//2357 1294//2357
f 1300//2358 1275//2358 1268//2358
f 1301//2359 1269//2359 1263//2359
f 1301//2360 1276//2360 1269//2360
f 1301//2361 1263//2361 1295//2361
f 1302//2362 1277//2362 1270//2362
f 1302//2363 1270//2363 1264//2363
f 1302//2364 1264//2364 1296//2364
f 1303//2365 1271//2365 1265//2365
f 1303//2366 1265//2366 1297//2366
f 1304//2367 1272//2367 1266//2367
f 1304//2368 1266//2368 1298//2368
f 1305//2369 1273//2369 182//2369
f 1305//2370 182//2370 185//2370
f 1305//2371 185//2371 187//2371
f 1306//2372 1274//2372 1267//2372
f 1306//2373 1267//2373 1299//2373
f 1307//2374 1275//2374 1300//2374
f 1308//2375 1276//2375 1301//2375
f 1308//2376 1283//2376 1276//2376
f 1309//2377 1284//2377 1277//2377
f 1309//2378 1277//2378 1302//2378
f 1310//2379 1278//2379 1271//2379
f 1310//2380 1271//2380 1303//2380
f 1311//2381 1272//2381 1304//2381
f 1311//2382 1279//2382 1272//2382
f 1312//2383 1280//2383 1273//2383
f 1312//2384 1273//2384 1305//2384
f 1313//2385 1281//2385 1274//2385
f 1313//2386 1274//2386 1306//2386
f 1314//2387 1275//2387 1307//2387
f 1314//2388 1282//2388 1275//2388
f 1314//2389 1289//2389 1282//2389
f 1315//2390 1283//2390 1308//2390
f 1316//2391 1284//2391 1309//2391
f 1317//2392 1278//2392 1310//2392
f 1317//2393 1285//2393 1278//2393
f 1318//2394 1279//2394 1311//2394
f 1318//2395 1286//2395 1279//2395
f 1319//2396 1280//2396 1312//2396
f 1319//2397 1287//2397 1280//2397
f 1320//2398 1281//2398 1313//2398
f 1320//2399 1288//2399 1281//2399
f 1321//2400 1289//2400 1314//2400
f 1321//2401 1290//2401 1289//2401
f 1322//2402 1283//2402 1315//2402
f 1322//2403 1291//2403 1283//2403
f 1323//2404 1284//2404 1316//2404
f 1323//2405 1292//2405 1284//2405
f 1324//2406 1285//2406 1317//2406
f 1324//2407 1293//2407 1285//2407
f 1325//2408 1294//2408 1286//2408
f 1325//2409 1286//2409 1318//2409
f 1326//2410 1301//2410 1295//2410
f 1326//2411 1295//2411 1287//2411
f 1326//2412 1287//2412 1319//2412
f 1327//2413 1296//2413 1288//2413
f 1327//2414 1288//2414 1320//2414
f 1328//2415 1297//2415 1291//2415
f 1328//2416 1303//2416 1297//2416
f 1328//2417 1291//2417 1322//2417
f 1329//2418 1304//2418 1298//2418
f 1329//2419 1298//2419 1292//2419
f 1329//2420 1292//2420 1323//2420
f 1330//2421 1293//2421 1324//2421
f 1330//2422 1299//2422 1293//2422
f 1331//2423 1300//2423 1294//2423
f 1331//2424 1294//2424 1325//2424
f 1332//2425 1301//2425 1326//2425
f 1333//2426 1302//2426 1296//2426
f 1333//2427 1296//2427 1327//2427
f 1334//2428 1310//2428 1303//2428
f 1334//2429 1303//2429 1328//2429
f 1335//2430 1304//2430 1329//2430
f 1336//2431 1312//2431 1305//2431
f 1336//2432 1305//2432 187//2432
f 1337//2433 1299//2433 1330//2433
f 1337//2434 1313//2434 1306//2434
f 1337//2435 1306//2435 1299//2435
f 1338//2436 1300//2436 1331//2436
f 1338//2437 1307//2437 1300//2437
f 1339//2438 1308//2438 1301//2438
f 1339//2439 1301//2439 1332//2439
f 1340//2440 1309//2440 1302//2440
f 1340//2441 1302//2441 1333//2441
f 1341//2442 1310//2442 1334//2442
f 1342//2443 1311//2443 1304//2443
f 1342//2444 1304//2444 1335//2444
f 1343//2445 1319//2445 1312//2445
f 1343//2446 1312//2446 1336//2446
f 1344//2447 1313//2447 1337//2447
f 1345//2448 1314//2448 1307//2448
f 1345//2449 1307//2449 1338//2449
f 1346//2450 1308//2450 1339//2450
f 1346//2451 1315//2451 1308//2451
f 1347//2452 1309//2452 1340//2452
f 1347//2453 1316//2453 1309//2453
f 1348//2454 1310//2454 1341//2454
f 1348//2455 1317//2455 1310//2455
f 1348//2456 1324//2456 1317//2456
f 1349//2457 1311//2457 1342//2457
f 1349//2458 1325//2458 1318//2458
f 1349//2459 1318//2459 1311//2459
f 1350//2460 1319//2460 1343//2460
f 1351//2461 1313//2461 1344//2461
f 1351//2462 1320//2462 1313//2462
f 1352//2463 1314//2463 1345//2463
f 1352//2464 1353//2464 1290//2464
f 1352//2465 1321//2465 1314//2465
f 1352//2466 1290//2466 1321//2466
f 1354//2467 1315//2467 1346//2467
f 1354//2468 1328//2468 1322//2468
f 1354//2469 1322//2469 1315//2469
f 1355//2470 1316//2470 1347//2470
f 1355//2471 1323//2471 1316//2471
f 1356//2472 1324//2472 1348//2472
f 1357//2473 1331//2473 1325//2473
f 1357//2474 1325//2474 1349//2474
f 1358//2475 1319//2475 1350//2475
f 1358//2476 1326//2476 1319//2476
f 1359//2477 1320//2477 1351//2477
f 1359//2478 1327//2478 1320//2478
f 1360//2479 1328//2479 1354//2479
f 1361//2480 1323//2480 1355//2480
f 1361//2481 1329//2481 1323//2481
f 1362//2482 1337//2482 1330//2482
f 1362//2483 1330//2483 1324//2483
f 1362//2484 1324//2484 1356//2484
f 1363//2485 1331//2485 1357//2485
f 1364//2486 1332//2486 1326//2486
f 1364//2487 1326//2487 1358//2487
f 1365//2488 1333//2488 1327//2488
f 1365//2489 1327//2489 1359//2489
f 1366//2490 1334//2490 1328//2490
f 1366//2491 1328//2491 1360//2491
f 1367//2492 1335//2492 1329//2492
f 1367//2493 1329//2493 1361//2493
f 1368//2494 1336//2494 187//2494
f 1368//2495 187//2495 189//2495
f 1369//2496 1337//2496 1362//2496
f 1370//2497 1338//2497 1331//2497
f 1370//2498 1345//2498 1338//2498
f 1370//2499 1331//2499 1363//2499
f 1371//2500 1339//2500 1332//2500
f 1371//2501 1332//2501 1364//2501
f 1372//2502 1340//2502 1333//2502
f 1372//2503 1333//2503 1365//2503
f 1373//2504 1341//2504 1334//2504
f 1373//2505 1334//2505 1366//2505
f 1374//2506 1342//2506 1335//2506
f 1374//2507 1335//2507 1367//2507
f 1375//2508 1336//2508 1368//2508
f 1375//2509 1343//2509 1336//2509
f 1375//2510 1350//2510 1343//2510
f 1376//2511 1344//2511 1337//2511
f 1376//2512 1337//2512 1369//2512
f 1377//2513 1345//2513 1370//2513
f 1378//2514 1346//2514 1339//2514
f 1378//2515 1339//2515 1371//2515
f 1378//2516 1354//2516 1346//2516
f 1379//2517 1340//2517 1372//2517
f 1379//2518 1347//2518 1340//2518
f 1380//2519 1341//2519 1373//2519
f 1380//2520 1348//2520 1341//2520
f 1381//2521 1342//2521 1374//2521
f 1381//2522 1349//2522 1342//2522
f 1382//2523 1350//2523 1375//2523
f 1383//2524 1351//2524 1344//2524
f 1383//2525 1344//2525 1376//2525
f 1383//2526 1359//2526 1351//2526
f 1384//2527 1345//2527 1377//2527
f 1384//2528 1352//2528 1345//2528
f 1384//2529 1385//2529 1353//2529
f 1384//2530 1353//2530 1352//2530
f 1386//2531 1354//2531 1378//2531
f 1387//2532 1347//2532 1379//2532
f 1387//2533 1355//2533 1347//2533
f 1388//2534 1356//2534 1348//2534
f 1388//2535 1348//2535 1380//2535
f 1389//2536 1349//2536 1381//2536
f 1389//2537 1357//2537 1349//2537
f 1390//2538 1350//2538 1382//2538
f 1390//2539 1364//2539 1358//2539
f 1390//2540 1358//2540 1350//2540
f 1391//2541 1359//2541 1383//2541
f 1392//2542 1354//2542 1386//2542
f 1392//2543 1360//2543 1354//2543
f 1393//2544 1361//2544 1355//2544
f 1393//2545 1355//2545 1387//2545
f 1394//2546 1362//2546 1356//2546
f 1394//2547 1356//2547 1388//2547
f 1395//2548 1363//2548 1357//2548
f 1395//2549 1357//2549 1389//2549
f 1396//2550 1364//2550 1390//2550
f 1397//2551 1365//2551 1359//2551
f 1397//2552 1372//2552 1365//2552
f 1397//2553 1359//2553 1391//2553
f 1398//2554 1366//2554 1360//2554
f 1398//2555 1360//2555 1392//2555
f 1399//2556 1367//2556 1361//2556
f 1399//2557 1361//2557 1393//2557
f 1400//2558 1368//2558 189//2558
f 1400//2559 189//2559 191//2559
f 1401//2560 1369//2560 1362//2560
f 1401//2561 1362//2561 1394//2561
f 1402//2562 1370//2562 1363//2562
f 1402//2563 1363//2563 1395//2563
f 1403//2564 1364//2564 1396//2564
f 1403//2565 1371//2565 1364//2565
f 1404//2566 1372//2566 1397//2566
f 1405//2567 1373//2567 1366//2567
f 1405//2568 1366//2568 1398//2568
f 1406//2569 1367//2569 1399//2569
f 1406//2570 1374//2570 1367//2570
f 1407//2571 1375//2571 1368//2571
f 1407//2572 1368//2572 1400//2572
f 1408//2573 1369//2573 1401//2573
f 1408//2574 1376//2574 1369//2574
f 1409//2575 1377//2575 1370//2575
f 1409//2576 1370//2576 1402//2576
f 1410//2577 1378//2577 1371//2577
f 1410//2578 1371//2578 1403//2578
f 1411//2579 1372//2579 1404//2579
f 1411//2580 1387//2580 1379//2580
f 1411//2581 1379//2581 1372//2581
f 1412//2582 1373//2582 1405//2582
f 1412//2583 1388//2583 1380//2583
f 1412//2584 1380//2584 1373//2584
f 1413//2585 1374//2585 1406//2585
f 1413//2586 1381//2586 1374//2586
f 1414//2587 1382//2587 1375//2587
f 1414//2588 1375//2588 1407//2588
f 1415//2589 1383//2589 1376//2589
f 1415//2590 1376//2590 1408//2590
f 1416//2591 1384//2591 1377//2591
f 1416//2592 1377//2592 1409//2592
f 1416//2593 1417//2593 1385//2593
f 1416//2594 1385//2594 1384//2594
f 1418//2595 1392//2595 1386//2595
f 1418//2596 1386//2596 1378//2596
f 1418//2597 1378//2597 1410//2597
f 1419//2598 1387//2598 1411//2598
f 1420//2599 1388//2599 1412//2599
f 1420//2600 1394//2600 1388//2600
f 1421//2601 1389//2601 1381//2601
f 1421//2602 1381//2602 1413//2602
f 1422//2603 1382//2603 1414//2603
f 1422//2604 1390//2604 1382//2604
f 1423//2605 1383//2605 1415//2605
f 1423//2606 1391//2606 1383//2606
f 1424//2607 1392//2607 1418//2607
f 1425//2608 1393//2608 1387//2608
f 1425//2609 1387//2609 1419//2609
f 1426//2610 1394//2610 1420//2610
f 1426//2611 1401//2611 1394//2611
f 1427//2612 1389//2612 1421//2612
f 1427//2613 1395//2613 1389//2613
f 1428//2614 1390//2614 1422//2614
f 1428//2615 1396//2615 1390//2615
f 1429//2616 1397//2616 1391//2616
f 1429//2617 1391//2617 1423//2617
f 1430//2618 1392//2618 1424//2618
f 1430//2619 1398//2619 1392//2619
f 1431//2620 1406//2620 1399//2620
f 1431//2621 1393//2621 1425//2621
f 1431//2622 1399//2622 1393//2622
f 1432//2623 1400//2623 191//2623
f 1432//2624 191//2624 194//2624
f 1433//2625 1401//2625 1426//2625
f 1434//2626 1402//2626 1395//2626
f 1434//2627 1395//2627 1427//2627
f 1435//2628 1403//2628 1396//2628
f 1435//2629 1396//2629 1428//2629
f 1436//2630 1397//2630 1429//2630
f 1436//2631 1404//2631 1397//2631
f 1437//2632 1398//2632 1430//2632
f 1437//2633 1405//2633 1398//2633
f 1438//2634 1406//2634 1431//2634
f 1439//2635 1407//2635 1400//2635
f 1439//2636 1400//2636 1432//2636
f 1440//2637 1408//2637 1401//2637
f 1440//2638 1401//2638 1433//2638
f 1441//2639 1409//2639 1402//2639
f 1441//2640 1402//2640 1434//2640
f 1442//2641 1403//2641 1435//2641
f 1442//2642 1410//2642 1403//2642
f 1443//2643 1404//2643 1436//2643
f 1443//2644 1411//2644 1404//2644
f 1444//2645 1405//2645 1437//2645
f 1444//2646 1412//2646 1405//2646
f 1445//2647 1413//2647 1406//2647
f 1445//2648 1421//2648 1413//2648
f 1445//2649 1406//2649 1438//2649
f 1446//2650 1407//2650 1439//2650
f 1446//2651 1414//2651 1407//2651
f 1447//2652 1415//2652 1408//2652
f 1447//2653 1408//2653 1440//2653
f 1448//2654 1409//2654 1441//2654
f 1448//2655 1416//2655 1409//2655
f 1448//2656 1417//2656 1416//2656
f 1448//2657 1449//2657 1417//2657
f 1448//2658 1450//2658 1449//2658
f 1451//2659 1410//2659 1442//2659
f 1451//2660 1418//2660 1410//2660
f 1452//2661 1419//2661 1411//2661
f 1452//2662 1411//2662 1443//2662
f 1453//2663 1412//2663 1444//2663
f 1453//2664 1420//2664 1412//2664
f 1454//2665 1421//2665 1445//2665
f 1454//2666 1427//2666 1421//2666
f 1455//2667 1414//2667 1446//2667
f 1455//2668 1422//2668 1414//2668
f 1455//2669 1428//2669 1422//2669
f 1456//2670 1415//2670 1447//2670
f 1456//2671 1423//2671 1415//2671
f 1456//2672 1429//2672 1423//2672
f 1457//2673 1418//2673 1451//2673
f 1457//2674 1424//2674 1418//2674
f 1458//2675 1419//2675 1452//2675
f 1458//2676 1425//2676 1419//2676
f 1459//2677 1426//2677 1420//2677
f 1459//2678 1420//2678 1453//2678
f 1460//2679 1427//2679 1454//2679
f 1461//2680 1428//2680 1455//2680
f 1462//2681 1429//2681 1456//2681
f 1462//2682 1436//2682 1429//2682
f 1463//2683 1430//2683 1424//2683
f 1463//2684 1424//2684 1457//2684
f 1464//2685 1431//2685 1425//2685
f 1464//2686 1425//2686 1458//2686
f 1465//2687 1432//2687 194//2687
f 1465//2688 194//2688 196//2688
f 1465//2689 196//2689 198//2689
f 1466//2690 1426//2690 1459//2690
f 1466//2691 1433//2691 1426//2691
f 1467//2692 1434//2692 1427//2692
f 1467//2693 1427//2693 1460//2693
f 1468//2694 1428//2694 1461//2694
f 1468//2695 1435//2695 1428//2695
f 1469//2696 1436//2696 1462//2696
f 1470//2697 1437//2697 1430//2697
f 1470//2698 1430//2698 1463//2698
f 1471//2699 1438//2699 1431//2699
f 1471//2700 1431//2700 1464//2700
f 1472//2701 1439//2701 1432//2701
f 1472//2702 1432//2702 1465//2702
f 1473//2703 1440//2703 1433//2703
f 1473//2704 1433//2704 1466//2704
f 1474//2705 1441//2705 1434//2705
f 1474//2706 1434//2706 1467//2706
f 1475//2707 1435//2707 1468//2707
f 1475//2708 1451//2708 1442//2708
f 1475//2709 1442//2709 1435//2709
f 1476//2710 1443//2710 1436//2710
f 1476//2711 1452//2711 1443//2711
f 1476//2712 1436//2712 1469//2712
f 1477//2713 1437//2713 1470//2713
f 1477//2714 1444//2714 1437//2714
f 1478//2715 1445//2715 1438//2715
f 1478//2716 1438//2716 1471//2716
f 1479//2717 1446//2717 1439//2717
f 1479//2718 1439//2718 1472//2718
f 1480//2719 1447//2719 1440//2719
f 1480//2720 1440//2720 1473//2720
f 1481//2721 1441//2721 1474//2721
f 1481//2722 1450//2722 1448//2722
f 1481//2723 1448//2723 1441//2723
f 1481//2724 1482//2724 1450//2724
f 1483//2725 1457//2725 1451//2725
f 1483//2726 1451//2726 1475//2726
f 1484//2727 1452//2727 1476//2727
f 1485//2728 1453//2728 1444//2728
f 1485//2729 1444//2729 1477//2729
f 1486//2730 1445//2730 1478//2730
f 1486//2731 1454//2731 1445//2731
f 1487//2732 1446//2732 1479//2732
f 1487//2733 1455//2733 1446//2733
f 1488//2734 1456//2734 1447//2734
f 1488//2735 1447//2735 1480//2735
f 1489//2736 1457//2736 1483//2736
f 1490//2737 1458//2737 1452//2737
f 1490//2738 1452//2738 1484//2738
f 1491//2739 1453//2739 1485//2739
f 1491//2740 1459//2740 1453//2740
f 1492//2741 1454//2741 1486//2741
f 1492//2742 1460//2742 1454//2742
f 1493//2743 1455//2743 1487//2743
f 1493//2744 1461//2744 1455//2744
f 1494//2745 1456//2745 1488//2745
f 1494//2746 1462//2746 1456//2746
f 1495//2747 1457//2747 1489//2747
f 1495//2748 1463//2748 1457//2748
f 1496//2749 1458//2749 1490//2749
f 1496//2750 1471//2750 1464//2750
f 1496//2751 1464//2751 1458//2751
f 1497//2752 1472//2752 1465//2752
f 1497//2753 198//2753 200//2753
f 1497//2754 1465//2754 198//2754
f 1498//2755 1459//2755 1491//2755
f 1498//2756 1466//2756 1459//2756
f 1499//2757 1460//2757 1492//2757
f 1499//2758 1467//2758 1460//2758
f 1500//2759 1461//2759 1493//2759
f 1500//2760 1468//2760 1461//2760
f 1501//2761 1469//2761 1462//2761
f 1501//2762 1462//2762 1494//2762
f 1502//2763 1470//2763 1463//2763
f 1502//2764 1463//2764 1495//2764
f 1503//2765 1471//2765 1496//2765
f 1504//2766 1472//2766 1497//2766
f 1505//2767 1473//2767 1466//2767
f 1505//2768 1466//2768 1498//2768
f 1506//2769 1474//2769 1467//2769
f 1506//2770 1467//2770 1499//2770
f 1507//2771 1468//2771 1500//2771
f 1507//2772 1475//2772 1468//2772
f 1508//2773 1476//2773 1469//2773
f 1508//2774 1469//2774 1501//2774
f 1509//2775 1485//2775 1477//2775
f 1509//2776 1477//2776 1470//2776
f 1509//2777 1470//2777 1502//2777
f 1510//2778 1471//2778 1503//2778
f 1510//2779 1478//2779 1471//2779
f 1510//2780 1486//2780 1478//2780
f 1511//2781 1479//2781 1472//2781
f 1511//2782 1472//2782 1504//2782
f 1512//2783 1480//2783 1473//2783
f 1512//2784 1473//2784 1505//2784
f 1513//2785 1481//2785 1474//2785
f 1513//2786 1482//2786 1481//2786
f 1513//2787 1514//2787 1482//2787
f 1513//2788 1474//2788 1506//2788
f 1515//2789 1483//2789 1475//2789
f 1515//2790 1475//2790 1507//2790
f 1516//2791 1484//2791 1476//2791
f 1516//2792 1476//2792 1508//2792
f 1517//2793 1491//2793 1485//2793
f 1517//2794 1485//2794 1509//2794
f 1518//2795 1486//2795 1510//2795
f 1519//2796 1479//2796 1511//2796
f 1519//2797 1487//2797 1479//2797
f 1520//2798 1480//2798 1512//2798
f 1520//2799 1488//2799 1480//2799
f 1521//2800 1489//2800 1483//2800
f 1521//2801 1483//2801 1515//2801
f 1522//2802 1484//2802 1516//2802
f 1522//2803 1490//2803 1484//2803
f 1523//2804 1498//2804 1491//2804
f 1523//2805 1491//2805 1517//2805
f 1524//2806 1486//2806 1518//2806
f 1524//2807 1492//2807 1486//2807
f 1525//2808 1487//2808 1519//2808
f 1525//2809 1493//2809 1487//2809
f 1526//2810 1488//2810 1520//2810
f 1526//2811 1494//2811 1488//2811
f 1527//2812 1489//2812 1521//2812
f 1527//2813 1495//2813 1489//2813
f 1528//2814 1490//2814 1522//2814
f 1528//2815 1496//2815 1490//2815
f 1529//2816 1497//2816 200//2816
f 1529//2817 1504//2817 1497//2817
f 1530//2818 1498//2818 1523//2818
f 1531//2819 1506//2819 1499//2819
f 1531//2820 1492//2820 1524//2820
f 1531//2821 1499//2821 1492//2821
f 1532//2822 1493//2822 1525//2822
f 1532//2823 1500//2823 1493//2823
f 1533//2824 1494//2824 1526//2824
f 1533//2825 1501//2825 1494//2825
f 1534//2826 1502//2826 1495//2826
f 1534//2827 1495//2827 1527//2827
f 1535//2828 1503//2828 1496//2828
f 1535//2829 1496//2829 1528//2829
f 1536//2830 1504//2830 1529//2830
f 1536//2831 1511//2831 1504//2831
f 1537//2832 1498//2832 1530//2832
f 1537//2833 1505//2833 1498//2833
f 1538//2834 1513//2834 1506//2834
f 1538//2835 1506//2835 1531//2835
f 1539//2836 1507//2836 1500//2836
f 1539//2837 1500//2837 1532//2837
f 1540//2838 1508//2838 1501//2838
f 1540//2839 1501//2839 1533//2839
f 1541//2840 1502//2840 1534//2840
f 1541//2841 1509//2841 1502//2841
f 1542//2842 1503//2842 1535//2842
f 1542//2843 1510//2843 1503//2843
f 1543//2844 1511//2844 1536//2844
f 1544//2845 1512//2845 1505//2845
f 1544//2846 1505//2846 1537//2846
f 1545//2847 1514//2847 1513//2847
f 1545//2848 1513//2848 1538//2848
f 1546//2849 1515//2849 1507//2849
f 1546//2850 1507//2850 1539//2850
f 1547//2851 1516//2851 1508//2851
f 1547//2852 1508//2852 1540//2852
f 1548//2853 1517//2853 1509//2853
f 1548//2854 1509//2854 1541//2854
f 1549//2855 1510//2855 1542//2855
f 1549//2856 1518//2856 1510//2856
f 1550//2857 1519//2857 1511//2857
f 1550//2858 1511//2858 1543//2858
f 1551//2859 1520//2859 1512//2859
f 1551//2860 1512//2860 1544//2860
f 1551//2861 1526//2861 1520//2861
f 1552//2862 1515//2862 1546//2862
f 1552//2863 1521//2863 1515//2863
f 1553//2864 1522//2864 1516//2864
f 1553//2865 1516//2865 1547//2865
f 1554//2866 1523//2866 1517//2866
f 1554//2867 1517//2867 1548//2867
f 1555//2868 1518//2868 1549//2868
f 1555//2869 1524//2869 1518//2869
f 1556//2870 1525//2870 1519//2870
f 1556//2871 1532//2871 1525//2871
f 1556//2872 1519//2872 1550//2872
f 1557//2873 1526//2873 1551//2873
f 1557//2874 1533//2874 1526//2874
f 1558//2875 1527//2875 1521//2875
f 1558//2876 1521//2876 1552//2876
f 1559//2877 1528//2877 1522//2877
f 1559//2878 1522//2878 1553//2878
f 1560//2879 200//2879 202//2879
f 1560//2880 202//2880 205//2880
f 1560//2881 1529//2881 200//2881
f 1561//2882 1523//2882 1554//2882
f 1561//2883 1530//2883 1523//2883
f 1562//2884 1524//2884 1555//2884
f 1562//2885 1531//2885 1524//2885
f 1563//2886 1532//2886 1556//2886
f 1564//2887 1533//2887 1557//2887
f 1565//2888 1534//2888 1527//2888
f 1565//2889 1527//2889 1558//2889
f 1566//2890 1528//2890 1559//2890
f 1566//2891 1535//2891 1528//2891
f 1567//2892 1536//2892 1529//2892
f 1567//2893 1529//2893 1560//2893
f 1568//2894 1537//2894 1530//2894
f 1568//2895 1530//2895 1561//2895
f 1569//2896 1538//2896 1531//2896
f 1569//2897 1531//2897 1562//2897
f 1570//2898 1539//2898 1532//2898
f 1570//2899 1532//2899 1563//2899
f 1571//2900 1540//2900 1533//2900
f 1571//2901 1547//2901 1540//2901
f 1571//2902 1533//2902 1564//2902
f 1572//2903 1541//2903 1534//2903
f 1572//2904 1534//2904 1565//2904
f 1573//2905 1542//2905 1535//2905
f 1573//2906 1535//2906 1566//2906
f 1574//2907 1543//2907 1536//2907
f 1574//2908 1536//2908 1567//2908
f 1575//2909 1537//2909 1568//2909
f 1575//2910 1544//2910 1537//2910
f 1576//2911 1538//2911 1569//2911
f 1576//2912 1545//2912 1538//2912
f 1576//2913 1514//2913 1545//2913
f 1576//2914 1577//2914 1514//2914
f 1578//2915 1552//2915 1546//2915
f 1578//2916 1546//2916 1539//2916
f 1578//2917 1539//2917 1570//2917
f 1579//2918 1547//2918 1571//2918
f 1580//2919 1548//2919 1541//2919
f 1580//2920 1541//2920 1572//2920
f 1581//2921 1542//2921 1573//2921
f 1581//2922 1549//2922 1542//2922
f 1582//2923 1543//2923 1574//2923
f 1582//2924 1550//2924 1543//2924
f 1583//2925 1551//2925 1544//2925
f 1583//2926 1544//2926 1575//2926
f 1584//2927 1552//2927 1578//2927
f 1585//2928 1553//2928 1547//2928
f 1585//2929 1547//2929 1579//2929
f 1586//2930 1548//2930 1580//2930
f 1586//2931 1554//2931 1548//2931
f 1587//2932 1549//2932 1581//2932
f 1587//2933 1555//2933 1549//2933
f 1588//2934 1556//2934 1550//2934
f 1588//2935 1550//2935 1582//2935
f 1589//2936 1551//2936 1583//2936
f 1589//2937 1557//2937 1551//2937
f 1590//2938 1558//2938 1552//2938
f 1590//2939 1552//2939 1584//2939
f 1591//2940 1553//2940 1585//2940
f 1591//2941 1559//2941 1553//2941
f 1591//2942 1566//2942 1559//2942
f 1592//2943 1560//2943 205//2943
f 1592//2944 1567//2944 1560//2944
f 1592//2945 205//2945 207//2945
f 1593//2946 1561//2946 1554//2946
f 1593//2947 1554//2947 1586//2947
f 1594//2948 1562//2948 1555//2948
f 1594//2949 1555//2949 1587//2949
f 1595//2950 1556//2950 1588//2950
f 1595//2951 1563//2951 1556//2951
f 1596//2952 1557//2952 1589//2952
f 1596//2953 1564//2953 1557//2953
f 1597//2954 1565//2954 1558//2954
f 1597//2955 1558//2955 1590//2955
f 1598//2956 1566//2956 1591//2956
f 1599//2957 1574//2957 1567//2957
f 1599//2958 1567//2958 1592//2958
f 1600//2959 1561//2959 1593//2959
f 1600//2960 1568//2960 1561//2960
f 1601//2961 1562//2961 1594//2961
f 1601//2962 1569//2962 1562//2962
f 1602//2963 1570//2963 1563//2963
f 1602//2964 1563//2964 1595//2964
f 1603//2965 1571//2965 1564//2965
f 1603//2966 1564//2966 1596//2966
f 1604//2967 1572//2967 1565//2967
f 1604//2968 1580//2968 1572//2968
f 1604//2969 1565//2969 1597//2969
f 1605//2970 1581//2970 1573//2970
f 1605//2971 1566//2971 1598//2971
f 1605//2972 1573//2972 1566//2972
f 1606//2973 1574//2973 1599//2973
f 1607//2974 1575//2974 1568//2974
f 1607//2975 1568//2975 1600//2975
f 1608//2976 1576//2976 1569//2976
f 1608//2977 1577//2977 1576//2977
f 1608//2978 1569//2978 1601//2978
f 1608//2979 1609//2979 1577//2979
f 1608//2980 1610//2980 1609//2980
f 1611//2981 1578//2981 1570//2981
f 1611//2982 1584//2982 1578//2982
f 1611//2983 1570//2983 1602//2983
f 1612//2984 1579//2984 1571//2984
f 1612//2985 1571//2985 1603//2985
f 1613//2986 1580//2986 1604//2986
f 1614//2987 1581//2987 1605//2987
f 1615//2988 1582//2988 1574//2988
f 1615//2989 1588//2989 1582//2989
f 1615//2990 1574//2990 1606//2990
f 1616//2991 1575//2991 1607//2991
f 1616//2992 1583//2992 1575//2992
f 1617//2993 1584//2993 1611//2993
f 1618//2994 1585//2994 1579//2994
f 1618//2995 1579//2995 1612//2995
f 1619//2996 1580//2996 1613//2996
f 1619//2997 1586//2997 1580//2997
f 1620//2998 1587//2998 1581//2998
f 1620//2999 1581//2999 1614//2999
f 1621//3000 1588//3000 1615//3000
f 1622//3001 1589//3001 1583//3001
f 1622//3002 1583//3002 1616//3002
f 1623//3003 1590//3003 1584//3003
f 1623//3004 1584//3004 1617//3004
f 1624//3005 1585//3005 1618//3005
f 1624//3006 1591//3006 1585//3006
f 1625//3007 1592//3007 207//3007
f 1626//3008 1586//3008 1619//3008
f 1626//3009 1593//3009 1586//3009
f 1627//3010 1587//3010 1620//3010
f 1627//3011 1594//3011 1587//3011
f 1627//3012 1601//3012 1594//3012
f 1628//3013 1588//3013 1621//3013
f 1628//3014 1595//3014 1588//3014
f 1629//3015 1589//3015 1622//3015
f 1629//3016 1596//3016 1589//3016
f 1630//3017 1604//3017 1597//3017
f 1630//3018 1590//3018 1623//3018
f 1630//3019 1597//3019 1590//3019
f 1631//3020 1591//3020 1624//3020
f 1631//3021 1598//3021 1591//3021
f 1632//3022 1592//3022 1625//3022
f 1632//3023 1599//3023 1592//3023
f 1633//3024 1593//3024 1626//3024
f 1633//3025 1600//3025 1593//3025
f 1634//3026 1608//3026 1601//3026
f 1634//3027 1601//3027 1627//3027
f 1635//3028 1611//3028 1602//3028
f 1635//3029 1595//3029 1628//3029
f 1635//3030 1602//3030 1595//3030
f 1636//3031 1596//3031 1629//3031
f 1636//3032 1603//3032 1596//3032
f 1637//3033 1604//3033 1630//3033
f 1637//3034 1613//3034 1604//3034
f 1638//3035 1605//3035 1598//3035
f 1638//3036 1598//3036 1631//3036
f 1639//3037 1606//3037 1599//3037
f 1639//3038 1599//3038 1632//3038
f 1640//3039 1600//3039 1633//3039
f 1640//3040 1607//3040 1600//3040
f 1641//3041 1610//3041 1608//3041
f 1641//3042 1608//3042 1634//3042
f 1642//3043 1611//3043 1635//3043
f 1643//3044 1612//3044 1603//3044
f 1643//3045 1603//3045 1636//3045
f 1644//3046 1619//3046 1613//3046
f 1644//3047 1613//3047 1637//3047
f 1645//3048 1614//3048 1605//3048
f 1645//3049 1605//3049 1638//3049
f 1646//3050 1615//3050 1606//3050
f 1646//3051 1606//3051 1639//3051
f 1647//3052 1616//3052 1607//3052
f 1647//3053 1607//3053 1640//3053
f 1648//3054 1617//3054 1611//3054
f 1648//3055 1611//3055 1642//3055
f 1649//3056 1618//3056 1612//3056
f 1649//3057 1612//3057 1643//3057
f 1650//3058 1619//3058 1644//3058
f 1651//3059 1620//3059 1614//3059
f 1651//3060 1614//3060 1645//3060
f 1652//3061 1621//3061 1615//3061
f 1652//3062 1615//3062 1646//3062
f 1653//3063 1629//3063 1622//3063
f 1653//3064 1622//3064 1616//3064
f 1653//3065 1616//3065 1647//3065
f 1654//3066 1617//3066 1648//3066
f 1654//3067 1623//3067 1617//3067
f 1655//3068 1624//3068 1618//3068
f 1655//3069 1618//3069 1649//3069
f 1656//3070 1625//3070 207//3070
f 1656//3071 207//3071 209//3071
f 1656//3072 209//3072 211//3072
f 1657//3073 1619//3073 1650//3073
f 1657//3074 1633//3074 1626//3074
f 1657//3075 1626//3075 1619//3075
f 1658//3076 1620//3076 1651//3076
f 1658//3077 1627//3077 1620//3077
f 1659//3078 1628//3078 1621//3078
f 1659//3079 1621//3079 1652//3079
f 1660//3080 1629//3080 1653//3080
f 1661//3081 1623//3081 1654//3081
f 1661//3082 1630//3082 1623//3082
f 1662//3083 1631//3083 1624//3083
f 1662//3084 1624//3084 1655//3084
f 1663//3085 1632//3085 1625//3085
f 1663//3086 1625//3086 1656//3086
f 1663//3087 1639//3087 1632//3087
f 1664//3088 1633//3088 1657//3088
f 1665//3089 1627//3089 1658//3089
f 1665//3090 1634//3090 1627//3090
f 1666//3091 1628//3091 1659//3091
f 1666//3092 1635//3092 1628//3092
f 1666//3093 1642//3093 1635//3093
f 1667//3094 1629//3094 1660//3094
f 1667//3095 1636//3095 1629//3095
f 1668//3096 1637//3096 1630//3096
f 1668//3097 1630//3097 1661//3097
f 1669//3098 1631//3098 1662//3098
f 1669//3099 1638//3099 1631//3099
f 1670//3100 1639//3100 1663//3100
f 1671//3101 1633//3101 1664//3101
f 1671//3102 1640//3102 1633//3102
f 1672//3103 1641//3103 1634//3103
f 1672//3104 1634//3104 1665//3104
f 1672//3105 1673//3105 1610//3105
f 1672//3106 1674//3106 1673//3106
f 1672//3107 1610//3107 1641//3107
f 1675//3108 1642//3108 1666//3108
f 1676//3109 1643//3109 1636//3109
f 1676//3110 1636//3110 1667//3110
f 1677//3111 1637//3111 1668//3111
f 1677//3112 1644//3112 1637//3112
f 1678//3113 1638//3113 1669//3113
f 1678//3114 1645//3114 1638//3114
f 1679//3115 1646//3115 1639//3115
f 1679//3116 1639//3116 1670//3116
f 1680//3117 1647//3117 1640//3117
f 1680//3118 1640//3118 1671//3118
f 1681//3119 1648//3119 1642//3119
f 1681//3120 1642//3120 1675//3120
f 1682//3121 1649//3121 1643//3121
f 1682//3122 1655//3122 1649//3122
f 1682//3123 1643//3123 1676//3123
f 1683//3124 1644//3124 1677//3124
f 1683//3125 1650//3125 1644//3125
f 1684//3126 1651//3126 1645//3126
f 1684//3127 1645//3127 1678//3127
f 1685//3128 1652//3128 1646//3128
f 1685//3129 1646//3129 1679//3129
f 1686//3130 1653//3130 1647//3130
f 1686//3131 1660//3131 1653//3131
f 1686//3132 1647//3132 1680//3132
f 1687//3133 1654//3133 1648//3133
f 1687//3134 1648//3134 1681//3134
f 1688//3135 1655//3135 1682//3135
f 1689//3136 1663//3136 1656//3136
f 1689//3137 1656//3137 211//3137
f 1690//3138 1650//3138 1683//3138
f 1690//3139 1657//3139 1650//3139
f 1691//3140 1651//3140 1684//3140
f 1691//3141 1658//3141 1651//3141
f 1692//3142 1659//3142 1652//3142
f 1692//3143 1652//3143 1685//3143
f 1693//3144 1660//3144 1686//3144
f 1694//3145 1654//3145 1687//3145
f 1694//3146 1661//3146 1654//3146
f 1695//3147 1662//3147 1655//3147
f 1695//3148 1655//3148 1688//3148
f 1696//3149 1663//3149 1689//3149
f 1697//3150 1664//3150 1657//3150
f 1697//3151 1657//3151 1690//3151
f 1698//3152 1658//3152 1691//3152
f 1698//3153 1665//3153 1658//3153
f 1699//3154 1666//3154 1659//3154
f 1699//3155 1659//3155 1692//3155
f 1700//3156 1667//3156 1660//3156
f 1700//3157 1660//3157 1693//3157
f 1701//3158 1677//3158 1668//3158
f 1701//3159 1661//3159 1694//3159
f 1701//3160 1668//3160 1661//3160
f 1702//3161 1678//3161 1669//3161
f 1702//3162 1669//3162 1662//3162
f 1702//3163 1662//3163 1695//3163
f 1703//3164 1663//3164 1696//3164
f 1703//3165 1670//3165 1663//3165
f 1704//3166 1680//3166 1671//3166
f 1704//3167 1664//3167 1697//3167
f 1704//3168 1671//3168 1664//3168
f 1705//3169 1672//3169 1665//3169
f 1705//3170 1665//3170 1698//3170
f 1705//3171 1674//3171 1672//3171
f 1706//3172 1666//3172 1699//3172
f 1706//3173 1675//3173 1666//3173
f 1706//3174 1681//3174 1675//3174
f 1707//3175 1676//3175 1667//3175
f 1707//3176 1667//3176 1700//3176
f 1708//3177 1677//3177 1701//3177
f 1709//3178 1678//3178 1702//3178
f 1710//3179 1679//3179 1670//3179
f 1710//3180 1670//3180 1703//3180
f 1711//3181 1680//3181 1704//3181
f 1712//3182 1681//3182 1706//3182
f 1713//3183 1682//3183 1676//3183
f 1713//3184 1676//3184 1707//3184
f 1714//3185 1683//3185 1677//3185
f 1714//3186 1690//3186 1683//3186
f 1714//3187 1677//3187 1708//3187
f 1715//3188 1678//3188 1709//3188
f 1715//3189 1684//3189 1678//3189
f 1716//3190 1685//3190 1679//3190
f 1716//3191 1679//3191 1710//3191
f 1717//3192 1686//3192 1680//3192
f 1717//3193 1680//3193 1711//3193
f 1718//3194 1687//3194 1681//3194
f 1718//3195 1681//3195 1712//3195
f 1719//3196 1688//3196 1682//3196
f 1719//3197 1682//3197 1713//3197
f 1719//3198 1695//3198 1688//3198
f 1720//3199 1689//3199 211//3199
f 1720//3200 211//3200 214//3200
f 1720//3201 214//3201 216//3201
f 1721//3202 1690//3202 1714//3202
f 1722//3203 1691//3203 1684//3203
f 1722//3204 1684//3204 1715//3204
f 1723//3205 1692//3205 1685//3205
f 1723//3206 1685//3206 1716//3206
f 1724//3207 1686//3207 1717//3207
f 1724//3208 1693//3208 1686//3208
f 1724//3209 1700//3209 1693//3209
f 1725//3210 1687//3210 1718//3210
f 1725//3211 1694//3211 1687//3211
f 1726//3212 1695//3212 1719//3212
f 1727//3213 1703//3213 1696//3213
f 1727//3214 1689//3214 1720//3214
f 1727//3215 1696//3215 1689//3215
f 1728//3216 1690//3216 1721//3216
f 1728//3217 1697//3217 1690//3217
f 1729//3218 1691//3218 1722//3218
f 1729//3219 1698//3219 1691//3219
f 1729//3220 1705//3220 1698//3220
f 1730//3221 1692//3221 1723//3221
f 1730//3222 1699//3222 1692//3222
f 1731//3223 1700//3223 1724//3223
f 1732//3224 1701//3224 1694//3224
f 1732//3225 1694//3225 1725//3225
f 1733//3226 1695//3226 1726//3226
f 1733//3227 1709//3227 1702//3227
f 1733//3228 1702//3228 1695//3228
f 1734//3229 1703//3229 1727//3229
f 1735//3230 1697//3230 1728//3230
f 1735//3231 1704//3231 1697//3231
f 1736//3232 1705//3232 1729//3232
f 1736//3233 1737//3233 1674//3233
f 1736//3234 1738//3234 1737//3234
f 1736//3235 1674//3235 1705//3235
f 1739//3236 1699//3236 1730//3236
f 1739//3237 1706//3237 1699//3237
f 1740//3238 1707//3238 1700//3238
f 1740//3239 1700//3239 1731//3239
f 1741//3240 1701//3240 1732//3240
f 1741//3241 1708//3241 1701//3241
f 1742//3242 1709//3242 1733//3242
f 1743//3243 1703//3243 1734//3243
f 1743//3244 1710//3244 1703//3244
f 1743//3245 1716//3245 1710//3245
f 1744//3246 1711//3246 1704//3246
f 1744//3247 1704//3247 1735//3247
f 1745//3248 1712//3248 1706//3248
f 1745//3249 1706//3249 1739//3249
f 1746//3250 1713//3250 1707//3250
f 1746//3251 1707//3251 1740//3251
f 1747//3252 1714//3252 1708//3252
f 1747//3253 1708//3253 1741//3253
f 1748//3254 1715//3254 1709//3254
f 1748//3255 1709//3255 1742//3255
f 1749//3256 1716//3256 1743//3256
f 1750//3257 1724//3257 1717//3257
f 1750//3258 1717//3258 1711//3258
f 1750//3259 1711//3259 1744//3259
f 1751//3260 1712//3260 1745//3260
f 1751//3261 1718//3261 1712//3261
f 1752//3262 1719//3262 1713//3262
f 1752//3263 1713//3263 1746//3263
f 1752//3264 1726//3264 1719//3264
f 1753//3265 1720//3265 216//3265
f 1754//3266 1714//3266 1747//3266
f 1754//3267 1721//3267 1714//3267
f 1755//3268 1722//3268 1715//3268
f 1755//3269 1715//3269 1748//3269
f 1755//3270 1729//3270 1722//3270
f 1756//3271 1723//3271 1716//3271
f 1756//3272 1716//3272 1749//3272
f 1757//3273 1724//3273 1750//3273
f 1758//3274 1725//3274 1718//3274
f 1758//3275 1732//3275 1725//3275
f 1758//3276 1718//3276 1751//3276
f 1759//3277 1726//3277 1752//3277
f 1760//3278 1720//3278 1753//3278
f 1760//3279 1727//3279 1720//3279
f 1761//3280 1721//3280 1754//3280
f 1761//3281 1728//3281 1721//3281
f 1762//3282 1729//3282 1755//3282
f 1762//3283 1736//3283 1729//3283
f 1763//3284 1723//3284 1756//3284
f 1763//3285 1730//3285 1723//3285
f 1764//3286 1724//3286 1757//3286
f 1764//3287 1731//3287 1724//3287
f 1765//3288 1741//3288 1732//3288
f 1765//3289 1732//3289 1758//3289
f 1766//3290 1726//3290 1759//3290
f 1766//3291 1733//3291 1726//3291
f 1767//3292 1727//3292 1760//3292
f 1767//3293 1734//3293 1727//3293
f 1767//3294 1743//3294 1734//3294
f 1768//3295 1735//3295 1728//3295
f 1768//3296 1728//3296 1761//3296
f 1769//3297 1736//3297 1762//3297
f 1769//3298 1770//3298 1738//3298
f 1769//3299 1738//3299 1736//3299
f 1771//3300 1739//3300 1730//3300
f 1771//3301 1745//3301 1739//3301
f 1771//3302 1730//3302 1763//3302
f 1772//3303 1731//3303 1764//3303
f 1772//3304 1740//3304 1731//3304
f 1773//3305 1747//3305 1741//3305
f 1773//3306 1741//3306 1765//3306
f 1774//3307 1733//3307 1766//3307
f 1774//3308 1742//3308 1733//3308
f 1775//3309 1743//3309 1767//3309
f 1776//3310 1744//3310 1735//3310
f 1776//3311 1735//3311 1768//3311
f 1777//3312 1745//3312 1771//3312
f 1778//3313 1740//3313 1772//3313
f 1778//3314 1746//3314 1740//3314
f 1779//3315 1747//3315 1773//3315
f 1780//3316 1748//3316 1742//3316
f 1780//3317 1742//3317 1774//3317
f 1781//3318 1743//3318 1775//3318
f 1781//3319 1749//3319 1743//3319
f 1782//3320 1744//3320 1776//3320
f 1782//3321 1750//3321 1744//3321
f 1783//3322 1745//3322 1777//3322
f 1783//3323 1751//3323 1745//3323
f 1784//3324 1759//3324 1752//3324
f 1784//3325 1752//3325 1746//3325
f 1784//3326 1746//3326 1778//3326
f 1785//3327 1753//3327 216//3327
f 1785//3328 216//3328 218//3328
f 1785//3329 218//3329 220//3329
f 1786//3330 1761//3330 1754//3330
f 1786//3331 1754//3331 1747//3331
f 1786//3332 1747//3332 1779//3332
f 1787//3333 1755//3333 1748//3333
f 1787//3334 1748//3334 1780//3334
f 1788//3335 1763//3335 1756//3335
f 1788//3336 1749//3336 1781//3336
f 1788//3337 1756//3337 1749//3337
f 1789//3338 1750//3338 1782//3338
f 1789//3339 1757//3339 1750//3339
f 1790//3340 1758//3340 1751//3340
f 1790//3341 1751//3341 1783//3341
f 1791//3342 1759//3342 1784//3342
f 1792//3343 1760//3343 1753//3343
f 1792//3344 1767//3344 1760//3344
f 1792//3345 1753//3345 1785//3345
f 1793//3346 1761//3346 1786//3346
f 1794//3347 1762//3347 1755//3347
f 1794//3348 1755//3348 1787//3348
f 1795//3349 1771//3349 1763//3349
f 1795//3350 1763//3350 1788//3350
f 1796//3351 1764//3351 1757//3351
f 1796//3352 1757//3352 1789//3352
f 1797//3353 1758//3353 1790//3353
f 1797//3354 1765//3354 1758//3354
f 1798//3355 1759//3355 1791//3355
f 1798//3356 1766//3356 1759//3356
f 1798//3357 1774//3357 1766//3357
f 1799//3358 1767//3358 1792//3358
f 1799//3359 1775//3359 1767//3359
f 1800//3360 1761//3360 1793//3360
f 1800//3361 1768//3361 1761//3361
f 1801//3362 1762//3362 1794//3362
f 1801//3363 1769//3363 1762//3363
f 1801//3364 1770//3364 1769//3364
f 1802//3365 1771//3365 1795//3365
f 1803//3366 1772//3366 1764//3366
f 1803//3367 1764//3367 1796//3367
f 1804//3368 1765//3368 1797//3368
f 1804//3369 1773//3369 1765//3369
f 1805//3370 1780//3370 1774//3370
f 1805//3371 1774//3371 1798//3371
f 1806//3372 1775//3372 1799//3372
f 1807//3373 1776//3373 1768//3373
f 1807//3374 1768//3374 1800//3374
f 1808//3375 1771//3375 1802//3375
f 1808//3376 1777//3376 1771//3376
f 1809//3377 1772//3377 1803//3377
f 1809//3378 1778//3378 1772//3378
f 1810//3379 1779//3379 1773//3379
f 1810//3380 1773//3380 1804//3380
f 1811//3381 1780//3381 1805//3381
f 1812//3382 1781//3382 1775//3382
f 1812//3383 1775//3383 1806//3383
f 1813//3384 1789//3384 1782//3384
f 1813//3385 1782//3385 1776//3385
f 1813//3386 1776//3386 1807//3386
f 1814//3387 1777//3387 1808//3387
f 1814//3388 1783//3388 1777//3388
f 1815//3389 1784//3389 1778//3389
f 1815//3390 1778//3390 1809//3390
f 1816//3391 1785//3391 220//3391
f 1817//3392 1786//3392 1779//3392
f 1817//3393 1779//3393 1810//3393
f 1818//3394 1787//3394 1780//3394
f 1818//3395 1794//3395 1787//3395
f 1818//3396 1780//3396 1811//3396
f 1819//3397 1795//3397 1788//3397
f 1819//3398 1788//3398 1781//3398
f 1819//3399 1781//3399 1812//3399
f 1820//3400 1796//3400 1789//3400
f 1820//3401 1789//3401 1813//3401
f 1821//3402 1783//3402 1814//3402
f 1821//3403 1790//3403 1783//3403
f 1822//3404 1784//3404 1815//3404
f 1822//3405 1791//3405 1784//3405
f 1823//3406 1792//3406 1785//3406
f 1823//3407 1785//3407 1816//3407
f 1824//3408 1786//3408 1817//3408
f 1824//3409 1793//3409 1786//3409
f 1825//3410 1794//3410 1818//3410
f 1826//3411 1795//3411 1819//3411
f 1827//3412 1796//3412 1820//3412
f 1828//3413 1797//3413 1790//3413
f 1828//3414 1790//3414 1821//3414
f 1829//3415 1798//3415 1791//3415
f 1829//3416 1791//3416 1822//3416
f 1830//3417 1799//3417 1792//3417
f 1830//3418 1792//3418 1823//3418
f 1831//3419 1800//3419 1793//3419
f 1831//3420 1793//3420 1824//3420
f 1832//3421 1794//3421 1825//3421
f 1832//3422 1801//3422 1794//3422
f 1832//3423 1770//3423 1801//3423
f 1832//3424 1833//3424 1770//3424
f 1832//3425 1834//3425 1833//3425
f 1835//3426 1795//3426 1826//3426
f 1835//3427 1808//3427 1802//3427
f 1835//3428 1802//3428 1795//3428
f 1836//3429 1796//3429 1827//3429
f 1836//3430 1803//3430 1796//3430
f 1837//3431 1804//3431 1797//3431
f 1837//3432 1810//3432 1804//3432
f 1837//3433 1797//3433 1828//3433
f 1838//3434 1805//3434 1798//3434
f 1838//3435 1798//3435 1829//3435
f 1839//3436 1799//3436 1830//3436
f 1839//3437 1806//3437 1799//3437
f 1840//3438 1800//3438 1831//3438
f 1840//3439 1807//3439 1800//3439
f 1841//3440 1808//3440 1835//3440
f 1842//3441 1803//3441 1836//3441
f 1842//3442 1809//3442 1803//3442
f 1843//3443 1810//3443 1837//3443
f 1844//3444 1805//3444 1838//3444
f 1844//3445 1811//3445 1805//3445
f 1845//3446 1806//3446 1839//3446
f 1845//3447 1812//3447 1806//3447
f 1846//3448 1813//3448 1807//3448
f 1846//3449 1807//3449 1840//3449
f 1847//3450 1821//3450 1814//3450
f 1847//3451 1808//3451 1841//3451
f 1847//3452 1814//3452 1808//3452
f 1848//3453 1822//3453 1815//3453
f 1848//3454 1809//3454 1842//3454
f 1848//3455 1815//3455 1809//3455
f 1849//3456 1823//3456 1816//3456
f 1849//3457 1816//3457 220//3457
f 1849//3458 220//3458 223//3458
f 1850//3459 1817//3459 1810//3459
f 1850//3460 1810//3460 1843//3460
f 1850//3461 1824//3461 1817//3461
f 1851//3462 1818//3462 1811//3462
f 1851//3463 1811//3463 1844//3463
f 1852//3464 1819//3464 1812//3464
f 1852//3465 1812//3465 1845//3465
f 1853//3466 1820//3466 1813//3466
f 1853//3467 1813//3467 1846//3467
f 1854//3468 1821//3468 1847//3468
f 1855//3469 1822//3469 1848//3469
f 1856//3470 1830//3470 1823//3470
f 1856//3471 1823//3471 1849//3471
f 1857//3472 1824//3472 1850//3472
f 1857//3473 1831//3473 1824//3473
f 1858//3474 1825//3474 1818//3474
f 1858//3475 1818//3475 1851//3475
f 1859//3476 1826//3476 1819//3476
f 1859//3477 1819//3477 1852//3477
f 1860//3478 1820//3478 1853//3478
f 1860//3479 1827//3479 1820//3479
f 1861//3480 1821//3480 1854//3480
f 1861//3481 1828//3481 1821//3481
f 1862//3482 1829//3482 1822//3482
f 1862//3483 1822//3483 1855//3483
f 1863//3484 1830//3484 1856//3484
f 1863//3485 1839//3485 1830//3485
f 1864//3486 1831//3486 1857//3486
f 1865//3487 1832//3487 1825//3487
f 1865//3488 1834//3488 1832//3488
f 1865//3489 1825//3489 1858//3489
f 1866//3490 1826//3490 1859//3490
f 1866//3491 1835//3491 1826//3491
f 1867//3492 1827//3492 1860//3492
f 1867//3493 1836//3493 1827//3493
f 1868//3494 1828//3494 1861//3494
f 1868//3495 1837//3495 1828//3495
f 1868//3496 1843//3496 1837//3496
f 1869//3497 1829//3497 1862//3497
f 1869//3498 1838//3498 1829//3498
f 1870//3499 1839//3499 1863//3499
f 1871//3500 1840//3500 1831//3500
f 1871//3501 1831//3501 1864//3501
f 1871//3502 1846//3502 1840//3502
f 1872//3503 1835//3503 1866//3503
f 1872//3504 1841//3504 1835//3504
f 1873//3505 1842//3505 1836//3505
f 1873//3506 1836//3506 1867//3506
f 1874//3507 1843//3507 1868//3507
f 1875//3508 1838//3508 1869//3508
f 1875//3509 1844//3509 1838//3509
f 1876//3510 1839//3510 1870//3510
f 1876//3511 1845//3511 1839//3511
f 1877//3512 1846//3512 1871//3512
f 1877//3513 1853//3513 1846//3513
f 1878//3514 1847//3514 1841//3514
f 1878//3515 1841//3515 1872//3515
f 1879//3516 1842//3516 1873//3516
f 1879//3517 1848//3517 1842//3517
f 1880//3518 1849//3518 223//3518
f 1880//3519 223//3519 225//3519
f 1880//3520 225//3520 227//3520
f 1881//3521 1857//3521 1850//3521
f 1881//3522 1843//3522 1874//3522
f 1881//3523 1850//3523 1843//3523
f 1882//3524 1858//3524 1851//3524
f 1882//3525 1851//3525 1844//3525
f 1882//3526 1844//3526 1875//3526
f 1883//3527 1845//3527 1876//3527
f 1883//3528 1859//3528 1852//3528
f 1883//3529 1852//3529 1845//3529
f 1884//3530 1853//3530 1877//3530
f 1885//3531 1847//3531 1878//3531
f 1885//3532 1854//3532 1847//3532
f 1886//3533 1855//3533 1848//3533
f 1886//3534 1848//3534 1879//3534
f 1887//3535 1849//3535 1880//3535
f 1887//3536 1856//3536 1849//3536
f 1888//3537 1864//3537 1857//3537
f 1888//3538 1857//3538 1881//3538
f 1889//3539 1858//3539 1882//3539
f 1890//3540 1859//3540 1883//3540
f 1891//3541 1867//3541 1860//3541
f 1891//3542 1860//3542 1853//3542
f 1891//3543 1853//3543 1884//3543
f 1892//3544 1861//3544 1854//3544
f 1892//3545 1854//3545 1885//3545
f 1893//3546 1855//3546 1886//3546
f 1893//3547 1862//3547 1855//3547
f 1894//3548 1856//3548 1887//3548
f 1894//3549 1863//3549 1856//3549
f 1895//3550 1864//3550 1888//3550
f 1896//3551 1865//3551 1858//3551
f 1896//3552 1834//3552 1865//3552
f 1896//3553 1897//3553 1834//3553
f 1896//3554 1898//3554 1897//3554
f 1896//3555 1858//3555 1889//3555
f 1899//3556 1866//3556 1859//3556
f 1899//3557 1859//3557 1890//3557
f 1900//3558 1867//3558 1891//3558
f 1901//3559 1868//3559 1861//3559
f 1901//3560 1861//3560 1892//3560
f 1902//3561 1862//3561 1893//3561
f 1902//3562 1869//3562 1862//3562
f 1903//3563 1863//3563 1894//3563
f 1903//3564 1870//3564 1863//3564
f 1904//3565 1864//3565 1895//3565
f 1904//3566 1877//3566 1871//3566
f 1904//3567 1871//3567 1864//3567
f 1905//3568 1872//3568 1866//3568
f 1905//3569 1866//3569 1899//3569
f 1906//3570 1867//3570 1900//3570
f 1906//3571 1873//3571 1867//3571
f 1907//3572 1874//3572 1868//3572
f 1907//3573 1868//3573 1901//3573
f 1908//3574 1869//3574 1902//3574
f 1908//3575 1875//3575 1869//3575
f 1909//3576 1870//3576 1903//3576
f 1909//3577 1876//3577 1870//3577
f 1910//3578 1877//3578 1904//3578
f 1910//3579 1884//3579 1877//3579
f 1911//3580 1872//3580 1905//3580
f 1911//3581 1878//3581 1872//3581
f 1911//3582 1885//3582 1878//3582
f 1912//3583 1873//3583 1906//3583
f 1912//3584 1886//3584 1879//3584
f 1912//3585 1879//3585 1873//3585
f 1913//3586 227//3586 229//3586
f 1913//3587 1880//3587 227//3587
f 1914//3588 1874//3588 1907//3588
f 1914//3589 1881//3589 1874//3589
f 1915//3590 1882//3590 1875//3590
f 1915//3591 1875//3591 1908//3591
f 1916//3592 1876//3592 1909//3592
f 1916//3593 1883//3593 1876//3593
f 1917//3594 1884//3594 1910//3594
f 1918//3595 1885//3595 1911//3595
f 1919//3596 1893//3596 1886//3596
f 1919//3597 1886//3597 1912//3597
f 1920//3598 1894//3598 1887//3598
f 1920//3599 1880//3599 1913//3599
f 1920//3600 1887//3600 1880//3600
f 1921//3601 1881//3601 1914//3601
f 1921//3602 1888//3602 1881//3602
f 1922//3603 1889//3603 1882//3603
f 1922//3604 1882//3604 1915//3604
f 1923//3605 1890//3605 1883//3605
f 1923//3606 1883//3606 1916//3606
f 1924//3607 1891//3607 1884//3607
f 1924//3608 1884//3608 1917//3608
f 1925//3609 1892//3609 1885//3609
f 1925//3610 1885//3610 1918//3610
f 1926//3611 1893//3611 1919//3611
f 1927//3612 1894//3612 1920//3612
f 1927//3613 1903//3613 1894//3613
f 1928//3614 1895//3614 1888//3614
f 1928//3615 1888//3615 1921//3615
f 1929//3616 1896//3616 1889//3616
f 1929//3617 1889//3617 1922//3617
f 1929//3618 1898//3618 1896//3618
f 1930//3619 1899//3619 1890//3619
f 1930//3620 1890//3620 1923//3620
f 1931//3621 1900//3621 1891//3621
f 1931//3622 1891//3622 1924//3622
f 1932//3623 1892//3623 1925//3623
f 1932//3624 1907//3624 1901//3624
f 1932//3625 1901//3625 1892//3625
f 1933//3626 1893//3626 1926//3626
f 1933//3627 1902//3627 1893//3627
f 1934//3628 1903//3628 1927//3628
f 1935//3629 1904//3629 1895//3629
f 1935//3630 1895//3630 1928//3630
f 1936//3631 1899//3631 1930//3631
f 1936//3632 1905//3632 1899//3632
f 1937//3633 1912//3633 1906//3633
f 1937//3634 1906//3634 1900//3634
f 1937//3635 1900//3635 1931//3635
f 1938//3636 1907//3636 1932//3636
f 1939//3637 1902//3637 1933//3637
f 1939//3638 1908//3638 1902//3638
f 1939//3639 1915//3639 1908//3639
f 1940//3640 1909//3640 1903//3640
f 1940//3641 1903//3641 1934//3641
f 1940//3642 1916//3642 1909//3642
f 1941//3643 1910//3643 1904//3643
f 1941//3644 1904//3644 1935//3644
f 1942//3645 1905//3645 1936//3645
f 1942//3646 1911//3646 1905//3646
f 1943//3647 1912//3647 1937//3647
f 1944//3648 1913//3648 229//3648
f 1945//3649 1907//3649 1938//3649
f 1945//3650 1914//3650 1907//3650
f 1945//3651 1921//3651 1914//3651
f 1946//3652 1915//3652 1939//3652
f 1947//3653 1916//3653 1940//3653
f 1948//3654 1917//3654 1910//3654
f 1948//3655 1910//3655 1941//3655
f 1949//3656 1911//3656 1942//3656
f 1949//3657 1918//3657 1911//3657
f 1950//3658 1912//3658 1943//3658
f 1950//3659 1926//3659 1919//3659
f 1950//3660 1919//3660 1912//3660
f 1951//3661 1920//3661 1913//3661
f 1951//3662 1913//3662 1944//3662
f 1952//3663 1928//3663 1921//3663
f 1952//3664 1921//3664 1945//3664
f 1953//3665 1929//3665 1922//3665
f 1953//3666 1922//3666 1915//3666
f 1953//3667 1915//3667 1946//3667
f 1954//3668 1923//3668 1916//3668
f 1954//3669 1930//3669 1923//3669
f 1954//3670 1916//3670 1947//3670
f 1955//3671 1924//3671 1917//3671
f 1955//3672 1917//3672 1948//3672
f 1956//3673 1925//3673 1918//3673
f 1956//3674 1918//3674 1949//3674
f 1957//3675 1926//3675 1950//3675
f 1958//3676 1934//3676 1927//3676
f 1958//3677 1920//3677 1951//3677
f 1958//3678 1927//3678 1920//3678
f 1959//3679 1928//3679 1952//3679
f 1960//3680 1898//3680 1929//3680
f 1960//3681 1961//3681 1898//3681
f 1960//3682 1962//3682 1961//3682
f 1960//3683 1929//3683 1953//3683
f 1963//3684 1930//3684 1954//3684
f 1964//3685 1931//3685 1924//3685
f 1964//3686 1924//3686 1955//3686
f 1965//3687 1925//3687 1956//3687
f 1965//3688 1932//3688 1925//3688
f 1966//3689 1933//3689 1926//3689
f 1966//3690 1926//3690 1957//3690
f 1967//3691 1934//3691 1958//3691
f 1968//3692 1928//3692 1959//3692
f 1968//3693 1935//3693 1928//3693
f 1969//3694 1936//3694 1930//3694
f 1969//3695 1930//3695 1963//3695
f 1970//3696 1931//3696 1964//3696
f 1970//3697 1937//3697 1931//3697
f 1971//3698 1932//3698 1965//3698
f 1971//3699 1938//3699 1932//3699
f 1972//3700 1933//3700 1966//3700
f 1972//3701 1946//3701 1939//3701
f 1972//3702 1939//3702 1933//3702
f 1973//3703 1940//3703 1934//3703
f 1973//3704 1934//3704 1967//3704
f 1974//3705 1935//3705 1968//3705
f 1974//3706 1948//3706 1941//3706
f 1974//3707 1941//3707 1935//3707
f 1975//3708 1936//3708 1969//3708
f 1975//3709 1942//3709 1936//3709
f 1975//3710 1949//3710 1942//3710
f 1976//3711 1937//3711 1970//3711
f 1976//3712 1943//3712 1937//3712
f 1977//3713 1944//3713 229//3713
f 1977//3714 229//3714 231//3714
f 1977//3715 231//3715 234//3715
f 1978//3716 1938//3716 1971//3716
f 1978//3717 1945//3717 1938//3717
f 1979//3718 1946//3718 1972//3718
f 1980//3719 1947//3719 1940//3719
f 1980//3720 1940//3720 1973//3720
f 1981//3721 1948//3721 1974//3721
f 1982//3722 1949//3722 1975//3722
f 1983//3723 1943//3723 1976//3723
f 1983//3724 1950//3724 1943//3724
f 1984//3725 1958//3725 1951//3725
f 1984//3726 1944//3726 1977//3726
f 1984//3727 1951//3727 1944//3727
f 1985//3728 1945//3728 1978//3728
f 1985//3729 1952//3729 1945//3729
f 1986//3730 1953//3730 1946//3730
f 1986//3731 1960//3731 1953//3731
f 1986//3732 1946//3732 1979//3732
f 1987//3733 1947//3733 1980//3733
f 1987//3734 1963//3734 1954//3734
f 1987//3735 1954//3735 1947//3735
f 1988//3736 1948//3736 1981//3736
f 1988//3737 1955//3737 1948//3737
f 1989//3738 1965//3738 1956//3738
f 1989//3739 1956//3739 1949//3739
f 1989//3740 1949//3740 1982//3740
f 1990//3741 1950//3741 1983//3741
f 1990//3742 1957//3742 1950//3742
f 1991//3743 1958//3743 1984//3743
f 1992//3744 1952//3744 1985//3744
f 1992//3745 1959//3745 1952//3745
f 1993//3746 1960//3746 1986//3746
f 1993//3747 1962//3747 1960//3747
f 1994//3748 1963//3748 1987//3748
f 1995//3749 1964//3749 1955//3749
f 1995//3750 1955//3750 1988//3750
f 1996//3751 1971//3751 1965//3751
f 1996//3752 1965//3752 1989//3752
f 1997//3753 1966//3753 1957//3753
f 1997//3754 1957//3754 1990//3754
f 1998//3755 1958//3755 1991//3755
f 1998//3756 1967//3756 1958//3756
f 1999//3757 1959//3757 1992//3757
f 1999//3758 1968//3758 1959//3758
f 2000//3759 1969//3759 1963//3759
f 2000//3760 1963//3760 1994//3760
f 2001//3761 1970//3761 1964//3761
f 2001//3762 1976//3762 1970//3762
f 2001//3763 1964//3763 1995//3763
f 2002//3764 1971//3764 1996//3764
f 2002//3765 1978//3765 1971//3765
f 2003//3766 1966//3766 1997//3766
f 2003//3767 1972//3767 1966//3767
f 2004//3768 1973//3768 1967//3768
f 2004//3769 1967//3769 1998//3769
f 2005//3770 1974//3770 1968//3770
f 2005//3771 1968//3771 1999//3771
f 2006//3772 1975//3772 1969//3772
f 2006//3773 1969//3773 2000//3773
f 2007//3774 1983//3774 1976//3774
f 2007//3775 1976//3775 2001//3775
f 2008//3776 1977//3776 234//3776
f 2008//3777 234//3777 236//3777
f 2009//3778 1978//3778 2002//3778
f 2009//3779 1985//3779 1978//3779
f 2010//3780 1972//3780 2003//3780
f 2010//3781 1979//3781 1972//3781
f 2011//3782 1973//3782 2004//3782
f 2011//3783 1980//3783 1973//3783
f 2012//3784 1974//3784 2005//3784
f 2012//3785 1981//3785 1974//3785
f 2012//3786 1988//3786 1981//3786
f 2013//3787 1982//3787 1975//3787
f 2013//3788 1975//3788 2006//3788
f 2014//3789 1983//3789 2007//3789
f 2014//3790 1990//3790 1983//3790
f 2015//3791 1977//3791 2008//3791
f 2015//3792 1984//3792 1977//3792
f 2016//3793 1985//3793 2009//3793
f 2016//3794 1992//3794 1985//3794
f 2017//3795 1979//3795 2010//3795
f 2017//3796 1986//3796 1979//3796
f 2018//3797 1980//3797 2011//3797
f 2018//3798 1987//3798 1980//3798
f 2019//3799 1988//3799 2012//3799
f 2020//3800 1996//3800 1989//3800
f 2020//3801 1989//3801 1982//3801
f 2020//3802 1982//3802 2013//3802
f 2021//3803 1990//3803 2014//3803
f 2021//3804 1997//3804 1990//3804
f 2022//3805 1991//3805 1984//3805
f 2022//3806 1984//3806 2015//3806
f 2022//3807 1998//3807 1991//3807
f 2023//3808 1992//3808 2016//3808
f 2024//3809 1993//3809 1986//3809
f 2024//3810 1962//3810 1993//3810
f 2024//3811 1986//3811 2017//3811
f 2024//3812 2025//3812 1962//3812
f 2024//3813 2026//3813 2025//3813
f 2027//3814 1987//3814 2018//3814
f 2027//3815 1994//3815 1987//3815
f 2028//3816 1995//3816 1988//3816
f 2028//3817 1988//3817 2019//3817
f 2029//3818 2002//3818 1996//3818
f 2029//3819 1996//3819 2020//3819
f 2030//3820 1997//3820 2021//3820
f 2031//3821 1998//3821 2022//3821
f 2032//3822 1999//3822 1992//3822
f 2032//3823 1992//3823 2023//3823
f 2032//3824 2005//3824 1999//3824
f 2033//3825 2000//3825 1994//3825
f 2033//3826 1994//3826 2027//3826
f 2034//3827 2001//3827 1995//3827
f 2034//3828 1995//3828 2028//3828
f 2035//3829 2002//3829 2029//3829
f 2035//3830 2009//3830 2002//3830
f 2036//3831 2003//3831 1997//3831
f 2036//3832 2010//3832 2003//3832
f 2036//3833 1997//3833 2030//3833
f 2037//3834 1998//3834 2031//3834
f 2037//3835 2004//3835 1998//3835
f 2038//3836 2005//3836 2032//3836
f 2039//3837 2000//3837 2033//3837
f 2039//3838 2006//3838 2000//3838
f 2040//3839 2001//3839 2034//3839
f 2040//3840 2007//3840 2001//3840
f 2041//3841 2008//3841 236//3841
f 2042//3842 2016//3842 2009//3842
f 2042//3843 2009//3843 2035//3843
f 2043//3844 2010//3844 2036//3844
f 2044//3845 2004//3845 2037//3845
f 2044//3846 2011//3846 2004//3846
f 2045//3847 2005//3847 2038//3847
f 2045//3848 2012//3848 2005//3848
f 2046//3849 2013//3849 2006//3849
f 2046//3850 2006//3850 2039//3850
f 2047//3851 2014//3851 2007//3851
f 2047//3852 2007//3852 2040//3852
f 2048//3853 2022//3853 2015//3853
f 2048//3854 2008//3854 2041//3854
f 2048//3855 2015//3855 2008//3855
f 2049//3856 2016//3856 2042//3856
f 2049//3857 2023//3857 2016//3857
f 2050//3858 2024//3858 2017//3858
f 2050//3859 2010//3859 2043//3859
f 2050//3860 2017//3860 2010//3860
f 2051//3861 2011//3861 2044//3861
f 2051//3862 2018//3862 2011//3862
f 2052//3863 2012//3863 2045//3863
f 2052//3864 2019//3864 2012//3864
f 2053//3865 2013//3865 2046//3865
f 2053//3866 2020//3866 2013//3866
f 2054//3867 2014//3867 2047//3867
f 2054//3868 2021//3868 2014//3868
f 2055//3869 2022//3869 2048//3869
f 2056//3870 2023//3870 2049//3870
f 2057//3871 2026//3871 2024//3871
f 2057//3872 2024//3872 2050//3872
f 2058//3873 2018//3873 2051//3873
f 2058//3874 2027//3874 2018//3874
f 2059//3875 2028//3875 2019//3875
f 2059//3876 2019//3876 2052//3876
f 2060//3877 2029//3877 2020//3877
f 2060//3878 2020//3878 2053//3878
f 2061//3879 2030//3879 2021//3879
f 2061//3880 2021//3880 2054//3880
f 2062//3881 2031//3881 2022//3881
f 2062//3882 2022//3882 2055//3882
f 2063//3883 2032//3883 2023//3883
f 2063//3884 2038//3884 2032//3884
f 2063//3885 2023//3885 2056//3885
f 2064//3886 2027//3886 2058//3886
f 2064//3887 2033//3887 2027//3887
f 2065//3888 2040//3888 2034//3888
f 2065//3889 2028//3889 2059//3889
f 2065//3890 2034//3890 2028//3890
f 2066//3891 2029//3891 2060//3891
f 2066//3892 2035//3892 2029//3892
f 2067//3893 2036//3893 2030//3893
f 2067//3894 2030//3894 2061//3894
f 2068//3895 2037//3895 2031//3895
f 2068//3896 2031//3896 2062//3896
f 2069//3897 2045//3897 2038//3897
f 2069//3898 2038//3898 2063//3898
f 2070//3899 2039//3899 2033//3899
f 2070//3900 2033//3900 2064//3900
f 2070//3901 2046//3901 2039//3901
f 2071//3902 2040//3902 2065//3902
f 2072//3903 2041//3903 236//3903
f 2072//3904 236//3904 238//3904
f 2072//3905 238//3905 240//3905
f 2073//3906 2035//3906 2066//3906
f 2073//3907 2042//3907 2035//3907
f 2074//3908 2036//3908 2067//3908
f 2074//3909 2043//3909 2036//3909
f 2075//3910 2044//3910 2037//3910
f 2075//3911 2037//3911 2068//3911
f 2076//3912 2045//3912 2069//3912
f 2077//3913 2046//3913 2070//3913
f 2078//3914 2047//3914 2040//3914
f 2078//3915 2040//3915 2071//3915
f 2078//3916 2054//3916 2047//3916
f 2079//3917 2041//3917 2072//3917
f 2079//3918 2048//3918 2041//3918
f 2080//3919 2049//3919 2042//3919
f 2080//3920 2042//3920 2073//3920
f 2081//3921 2043//3921 2074//3921
f 2081//3922 2050//3922 2043//3922
f 2082//3923 2051//3923 2044//3923
f 2082//3924 2044//3924 2075//3924
f 2083//3925 2045//3925 2076//3925
f 2083//3926 2052//3926 2045//3926
f 2084//3927 2053//3927 2046//3927
f 2084//3928 2046//3928 2077//3928
f 2085//3929 2054//3929 2078//3929
f 2086//3930 2048//3930 2079//3930
f 2086//3931 2055//3931 2048//3931
f 2087//3932 2049//3932 2080//3932
f 2087//3933 2056//3933 2049//3933
f 2088//3934 2057//3934 2050//3934
f 2088//3935 2050//3935 2081//3935
f 2088//3936 2026//3936 2057//3936
f 2088//3937 2089//3937 2026//3937
f 2090//3938 2058//3938 2051//3938
f 2090//3939 2051//3939 2082//3939
f 2091//3940 2059//3940 2052//3940
f 2091//3941 2052//3941 2083//3941
f 2092//3942 2053//3942 2084//3942
f 2092//3943 2060//3943 2053//3943
f 2093//3944 2061//3944 2054//3944
f 2093//3945 2067//3945 2061//3945
f 2093//3946 2054//3946 2085//3946
f 2094//3947 2055//3947 2086//3947
f 2094//3948 2062//3948 2055//3948
f 2095//3949 2063//3949 2056//3949
f 2095//3950 2056//3950 2087//3950
f 2096//3951 2058//3951 2090//3951
f 2096//3952 2064//3952 2058//3952
f 2097//3953 2059//3953 2091//3953
f 2097//3954 2065//3954 2059//3954
f 2098//3955 2066//3955 2060//3955
f 2098//3956 2060//3956 2092//3956
f 2099//3957 2074//3957 2067//3957
f 2099//3958 2067//3958 2093//3958
f 2100//3959 2068//3959 2062//3959
f 2100//3960 2062//3960 2094//3960
f 2101//3961 2069//3961 2063//3961
f 2101//3962 2063//3962 2095//3962
f 2102//3963 2070//3963 2064//3963
f 2102//3964 2064//3964 2096//3964
f 2103//3965 2065//3965 2097//3965
f 2103//3966 2078//3966 2071//3966
f 2103//3967 2071//3967 2065//3967
f 2104//3968 2072//3968 240//3968
f 2104//3969 240//3969 33//3969
f 2105//3970 2073//3970 2066//3970
f 2105//3971 2066//3971 2098//3971
f 2105//3972 2080//3972 2073//3972
f 2106//3973 2074//3973 2099//3973
f 2107//3974 2075//3974 2068//3974
f 2107//3975 2068//3975 2100//3975
f 2108//3976 2076//3976 2069//3976
f 2108//3977 2069//3977 2101//3977
f 2109//3978 2070//3978 2102//3978
f 2109//3979 2077//3979 2070//3979
f 2110//3980 2078//3980 2103//3980
f 2110//3981 2085//3981 2078//3981
f 2111//3982 2079//3982 2072//3982
f 2111//3983 2072//3983 2104//3983
f 2111//3984 2086//3984 2079//3984
f 2111//3985 33//3985 35//3985
f 2111//3986 2104//3986 33//3986
f 2111//3987 35//3987 36//3987
f 2112//3988 2080//3988 2105//3988
f 2113//3989 2074//3989 2106//3989
f 2113//3990 2081//3990 2074//3990
f 2114//3991 2082//3991 2075//3991
f 2114//3992 2075//3992 2107//3992
f 2115//3993 2076//3993 2108//3993
f 2115//3994 2083//3994 2076//3994
f 2116//3995 2077//3995 2109//3995
f 2116//3996 2084//3996 2077//3996
f 2117//3997 2093//3997 2085//3997
f 2117//3998 2085//3998 2110//3998
f 2118//3999 2086//3999 2111//3999
f 2118//4000 2111//4000 36//4000
f 2119//4001 2080//4001 2112//4001
f 2119//4002 2087//4002 2080//4002
f 2120//4003 2088//4003 2081//4003
f 2120//4004 2081//4004 2113//4004
f 2120//4005 2121//4005 2089//4005
f 2120//4006 2089//4006 2088//4006
f 2122//4007 2090//4007 2082//4007
f 2122//4008 2082//4008 2114//4008
f 2123//4009 2083//4009 2115//4009
f 2123//4010 2091//4010 2083//4010
f 2124//4011 2084//4011 2116//4011
f 2124//4012 2092//4012 2084//4012
f 2125//4013 2093//4013 2117//4013
f 2126//4014 2086//4014 2118//4014
f 2126//4015 2094//4015 2086//4015
f 2126//4016 2118//4016 36//4016
f 2126//4017 36//4017 37//4017
f 2127//4018 2087//4018 2119//4018
f 2127//4019 2095//4019 2087//4019
f 2128//4020 2096//4020 2090//4020
f 2128//4021 2090//4021 2122//4021
f 2129//4022 2097//4022 2091//4022
f 2129//4023 2091//4023 2123//4023
f 2130//4024 2092//4024 2124//4024
f 2130//4025 2098//4025 2092//4025
f 2131//4026 2099//4026 2093//4026
f 2131//4027 2106//4027 2099//4027
f 2131//4028 2093//4028 2125//4028
f 2132//4029 2126//4029 37//4029
f 2132//4030 38//4030 39//4030
f 2132//4031 2100//4031 2094//4031
f 2132//4032 2094//4032 2126//4032
f 2132//4033 37//4033 38//4033
f 2133//4034 2108//4034 2101//4034
f 2133//4035 2101//4035 2095//4035
f 2133//4036 2095//4036 2127//4036
f 2134//4037 2102//4037 2096//4037
f 2134//4038 2096//4038 2128//4038
f 2135//4039 2097//4039 2129//4039
f 2135//4040 2103//4040 2097//4040
f 2136//4041 2098//4041 2130//4041
f 2136//4042 2105//4042 2098//4042
f 2137//4043 2106//4043 2131//4043
f 2138//4044 2100//4044 2132//4044
f 2138//4045 2107//4045 2100//4045
f 2138//4046 2132//4046 39//4046
f 2139//4047 2108//4047 2133//4047
f 2140//4048 2109//4048 2102//4048
f 2140//4049 2102//4049 2134//4049
f 2141//4050 2103//4050 2135//4050
f 2141//4051 2110//4051 2103//4051
f 2142//4052 2105//4052 2136//4052
f 2142//4053 2112//4053 2105//4053
f 2143//4054 2106//4054 2137//4054
f 2143//4055 2113//4055 2106//4055
f 2143//4056 2120//4056 2113//4056
f 2144//4057 39//4057 40//4057
f 2144//4058 2138//4058 39//4058
f 2144//4059 2114//4059 2107//4059
f 2144//4060 2107//4060 2138//4060
f 2145//4061 2108//4061 2139//4061
f 2145//4062 2115//4062 2108//4062
f 2146//4063 2109//4063 2140//4063
f 2146//4064 2116//4064 2109//4064
f 2147//4065 2110//4065 2141//4065
f 2147//4066 2117//4066 2110//4066
f 2147//4067 2125//4067 2117//4067
f 2148//4068 2119//4068 2112//4068
f 2148//4069 2112//4069 2142//4069
f 2149//4070 2120//4070 2143//4070
f 2149//4071 2150//4071 2121//4071
f 2149//4072 2151//4072 2150//4072
f 2149//4073 2121//4073 2120//4073
f 2152//4074 40//4074 41//4074
f 2152//4075 2114//4075 2144//4075
f 2152//4076 2144//4076 40//4076
f 2152//4077 2122//4077 2114//4077
f 2153//4078 2115//4078 2145//4078
f 2153//4079 2123//4079 2115//4079
f 2154//4080 2130//4080 2124//4080
f 2154//4081 2116//4081 2146//4081
f 2154//4082 2124//4082 2116//4082
f 2155//4083 2125//4083 2147//4083
f 2156//4084 2119//4084 2148//4084
f 2156//4085 2127//4085 2119//4085
f 2157//4086 41//4086 42//4086
f 2157//4087 2152//4087 41//4087
f 2157//4088 2122//4088 2152//4088
f 2157//4089 2128//4089 2122//4089
f 2158//4090 2129//4090 2123//4090
f 2158//4091 2123//4091 2153//4091
f 2159//4092 2130//4092 2154//4092
f 2160//4093 2125//4093 2155//4093
f 2160//4094 2131//4094 2125//4094
f 2161//4095 2133//4095 2127//4095
f 2161//4096 2127//4096 2156//4096
f 2162//4097 2134//4097 2128//4097
f 2162//4098 2140//4098 2134//4098
f 2162//4099 42//4099 43//4099
f 2162//4100 2157//4100 42//4100
f 2162//4101 2128//4101 2157//4101
f 2163//4102 2135//4102 2129//4102
f 2163//4103 2129//4103 2158//4103
f 2164//4104 2136//4104 2130//4104
f 2164//4105 2130//4105 2159//4105
f 2165//4106 2137//4106 2131//4106
f 2165//4107 2131//4107 2160//4107
f 2166//4108 2133//4108 2161//4108
f 2166//4109 2139//4109 2133//4109
f 2167//4110 43//4110 44//4110
f 2167//4111 2162//4111 43//4111
f 2167//4112 2140//4112 2162//4112
f 2168//4113 2141//4113 2135//4113
f 2168//4114 2135//4114 2163//4114
f 2169//4115 2136//4115 2164//4115
f 2169//4116 2142//4116 2136//4116
f 2170//4117 2143//4117 2137//4117
f 2170//4118 2137//4118 2165//4118
f 2171//4119 2145//4119 2139//4119
f 2171//4120 2139//4120 2166//4120
f 2172//4121 44//4121 45//4121
f 2172//4122 2140//4122 2167//4122
f 2172//4123 2167//4123 44//4123
f 2172//4124 2146//4124 2140//4124
f 2173//4125 2147//4125 2141//4125
f 2173//4126 2141//4126 2168//4126
f 2174//4127 2142//4127 2169//4127
f 2174//4128 2148//4128 2142//4128
f 2175//4129 2149//4129 2143//4129
f 2175//4130 2143//4130 2170//4130
f 2175//4131 2151//4131 2149//4131
f 2176//4132 2145//4132 2171//4132
f 2176//4133 2153//4133 2145//4133
f 2177//4134 45//4134 46//4134
f 2177//4135 2172//4135 45//4135
f 2177//4136 2146//4136 2172//4136
f 2177//4137 2154//4137 2146//4137
f 2178//4138 2147//4138 2173//4138
f 2178//4139 2155//4139 2147//4139
f 2179//4140 2148//4140 2174//4140
f 2179//4141 2156//4141 2148//4141
f 2180//4142 2153//4142 2176//4142
f 2180//4143 2158//4143 2153//4143
f 2181//4144 46//4144 47//4144
f 2181//4145 2154//4145 2177//4145
f 2181//4146 2177//4146 46//4146
f 2181//4147 2159//4147 2154//4147
f 2182//4148 2155//4148 2178//4148
f 2182//4149 2165//4149 2160//4149
f 2182//4150 2160//4150 2155//4150
f 2183//4151 2161//4151 2156//4151
f 2183//4152 2156//4152 2179//4152
f 2184//4153 2163//4153 2158//4153
f 2184//4154 2158//4154 2180//4154
f 2185//4155 47//4155 48//4155
f 2185//4156 2181//4156 47//4156
f 2185//4157 2164//4157 2159//4157
f 2185//4158 2159//4158 2181//4158
f 2186//4159 2165//4159 2182//4159
f 2187//4160 2161//4160 2183//4160
f 2187//4161 2166//4161 2161//4161
f 2188//4162 2163//4162 2184//4162
f 2188//4163 2168//4163 2163//4163
f 2189//4164 2169//4164 2164//4164
f 2189//4165 48//4165 49//4165
f 2189//4166 2185//4166 48//4166
f 2189//4167 2164//4167 2185//4167
f 2190//4168 2170//4168 2165//4168
f 2190//4169 2165//4169 2186//4169
f 2191//4170 2166//4170 2187//4170
f 2191//4171 2171//4171 2166//4171
f 2192//4172 2168//4172 2188//4172
f 2192//4173 2173//4173 2168//4173
f 2193//4174 49//4174 50//4174
f 2193//4175 2174//4175 2169//4175
f 2193//4176 2169//4176 2189//4176
f 2193//4177 2189//4177 49//4177
f 2194//4178 2170//4178 2190//4178
f 2194//4179 2175//4179 2170//4179
f 2194//4180 2151//4180 2175//4180
f 2194//4181 2195//4181 2151//4181
f 2196//4182 2176//4182 2171//4182
f 2196//4183 2171//4183 2191//4183
f 2197//4184 2178//4184 2173//4184
f 2197//4185 2173//4185 2192//4185
f 2198//4186 50//4186 51//4186
f 2198//4187 2174//4187 2193//4187
f 2198//4188 2193//4188 50//4188
f 2198//4189 2179//4189 2174//4189
f 2199//4190 2176//4190 2196//4190
f 2199//4191 2180//4191 2176//4191
f 2200//4192 2182//4192 2178//4192
f 2200//4193 2178//4193 2197//4193
f 2201//4194 51//4194 52//4194
f 2201//4195 2183//4195 2179//4195
f 2201//4196 2198//4196 51//4196
f 2201//4197 2179//4197 2198//4197
f 2202//4198 2184//4198 2180//4198
f 2202//4199 2180//4199 2199//4199
f 2202//4200 2188//4200 2184//4200
f 2203//4201 2186//4201 2182//4201
f 2203//4202 2182//4202 2200//4202
f 2204//4203 2201//4203 52//4203
f 2204//4204 52//4204 53//4204
f 2204//4205 2187//4205 2183//4205
f 2204//4206 2183//4206 2201//4206
f 2205//4207 2188//4207 2202//4207
f 2205//4208 2192//4208 2188//4208
f 2206//4209 2190//4209 2186//4209
f 2206//4210 2186//4210 2203//4210
f 2207//4211 53//4211 54//4211
f 2207//4212 2187//4212 2204//4212
f 2207//4213 2204//4213 53//4213
f 2207//4214 2191//4214 2187//4214
f 2208//4215 2192//4215 2205//4215
f 2209//4216 2190//4216 2206//4216
f 2209//4217 2194//4217 2190//4217
f 2209//4218 2210//4218 2195//4218
f 2209//4219 2195//4219 2194//4219
f 2211//4220 2207//4220 54//4220
f 2211//4221 54//4221 55//4221
f 2211//4222 2191//4222 2207//4222
f 2211//4223 2196//4223 2191//4223
f 2212//4224 2197//4224 2192//4224
f 2212//4225 2192//4225 2208//4225
f 2213//4226 2199//4226 2196//4226
f 2213//4227 55//4227 56//4227
f 2213//4228 2196//4228 2211//4228
f 2213//4229 2211//4229 55//4229
f 2214//4230 2200//4230 2197//4230
f 2214//4231 2197//4231 2212//4231
f 2215//4232 2202//4232 2199//4232
f 2215//4233 56//4233 57//4233
f 2215//4234 2199//4234 2213//4234
f 2215//4235 2213//4235 56//4235
f 2216//4236 2203//4236 2200//4236
f 2216//4237 2200//4237 2214//4237
f 2217//4238 2215//4238 57//4238
f 2217//4239 57//4239 58//4239
f 2217//4240 2202//4240 2215//4240
f 2217//4241 2205//4241 2202//4241
f 2218//4242 2203//4242 2216//4242
f 2218//4243 2206//4243 2203//4243
f 2219//4244 2208//4244 2205//4244
f 2219//4245 58//4245 59//4245
f 2219//4246 2217//4246 58//4246
f 2219//4247 2205//4247 2217//4247
f 2220//4248 2209//4248 2206//4248
f 2220//4249 2210//4249 2209//4249
f 2220//4250 2206//4250 2218//4250
f 2220//4251 2221//4251 2210//4251
f 2222//4252 59//4252 60//4252
f 2222//4253 2212//4253 2208//4253
f 2222//4254 2219//4254 59//4254
f 2222//4255 2208//4255 2219//4255
f 2223//4256 60//4256 61//4256
f 2223//4257 2214//4257 2212//4257
f 2223//4258 2212//4258 2222//4258
f 2223//4259 2222//4259 60//4259
f 2224//4260 61//4260 62//4260
f 2224//4261 2214//4261 2223//4261
f 2224//4262 2216//4262 2214//4262
f 2224//4263 2223//4263 61//4263
f 2225//4264 62//4264 63//4264
f 2225//4265 2216//4265 2224//4265
f 2225//4266 2224//4266 62//4266
f 2225//4267 2218//4267 2216//4267
f 2226//4268 63//4268 64//4268
f 2226//4269 64//4269 243//4269
f 2226//4270 2220//4270 2218//4270
f 2226//4271 2221//4271 2220//4271
f 2226//4272 2225//4272 63//4272
f 2226//4273 2218//4273 2225//4273
f 2226//4274 243//4274 2221//4274
f 18//4275 2227//4275 20//4275
f 30//4276 105//4276 31//4276
f 1//4277 5//4277 2228//4277
f 14//4278 15//4278 242//4278
f 15//4279 16//4279 242//4279
f 20//4280 2229//4280 21//4280
f 21//4281 2229//4281 22//4281
f 2230//4282 2229//4282 2227//4282
f 2227//4283 2229//4283 20//4283
f 22//4284 2231//4284 23//4284
f 23//4285 2231//4285 24//4285
f 24//4286 2231//4286 25//4286
f 2229//4287 2231//4287 22//4287
f 2231//4288 2232//4288 25//4288
f 25//4289 2233//4289 26//4289
f 26//4290 2233//4290 27//4290
f 27//4291 2233//4291 28//4291
f 2232//4292 2233//4292 25//4292
f 28//4293 2234//4293 29//4293
f 29//4294 2234//4294 30//4294
f 30//4295 2234//4295 105//4295
f 105//4296 2234//4296 106//4296
f 2233//4297 2234//4297 28//4297
f 2235//4298 2236//4298 2237//4298
f 2237//4299 2236//4299 2238//4299
f 2236//4300 2239//4300 2240//4300
f 2235//4301 2239//4301 2236//4301
f 2241//4302 2242//4302 2235//4302
f 2235//4303 2242//4303 2239//4303
f 2239//4304 2242//4304 2240//4304
f 2243//4305 2244//4305 2241//4305
f 2241//4306 2244//4306 2242//4306
f 2242//4307 2244//4307 2240//4307
f 108//4308 2245//4308 110//4308
f 2245//4309 2246//4309 110//4309
f 2246//4310 2247//4310 110//4310
f 110//4311 2247//4311 112//4311
f 2240//4312 2247//4312 2246//4312
f 2240//4313 2248//4313 2247//4313
f 2247//4314 2248//4314 112//4314
f 112//4315 2249//4315 114//4315
f 2248//4316 2249//4316 112//4316
f 2240//4317 2249//4317 2248//4317
f 2244//4318 2250//4318 2240//4318
f 2251//4319 2252//4319 2253//4319
f 2240//4320 2254//4320 2249//4320
f 2250//4321 2254//4321 2240//4321
f 2249//4322 2254//4322 114//4322
f 2251//4323 2255//4323 2252//4323
f 2256//4324 2257//4324 2251//4324
f 2255//4325 2257//4325 2258//4325
f 2251//4326 2257//4326 2255//4326
f 2256//4327 2259//4327 2257//4327
f 2257//4328 2259//4328 2258//4328
f 2260//4329 2261//4329 2256//4329
f 2259//4330 2261//4330 2258//4330
f 2256//4331 2261//4331 2259//4331
f 2260//4332 2262//4332 2261//4332
f 117//4333 2263//4333 119//4333
f 2264//4334 2263//4334 117//4334
f 2263//4335 2265//4335 119//4335
f 2258//4336 2265//4336 2263//4336
f 119//4337 2266//4337 121//4337
f 2258//4338 2266//4338 2265//4338
f 2265//4339 2266//4339 119//4339
f 2258//4340 2267//4340 2266//4340
f 2266//4341 2267//4341 121//4341
f 121//4342 2268//4342 123//4342
f 2267//4343 2268//4343 121//4343
f 2269//4344 2270//4344 2271//4344
f 2272//4345 2273//4345 2270//4345
f 2274//4346 2275//4346 2269//4346
f 2269//4347 2275//4347 2270//4347
f 2270//4348 2275//4348 2272//4348
f 2275//4349 2276//4349 2272//4349
f 2274//4350 2276//4350 2275//4350
f 2274//4351 2277//4351 2276//4351
f 2276//4352 2277//4352 2272//4352
f 2278//4353 2277//4353 2274//4353
f 2272//4354 2279//4354 2273//4354
f 2278//4355 2280//4355 2277//4355
f 2279//4356 2281//4356 126//4356
f 126//4357 2281//4357 128//4357
f 2272//4358 2281//4358 2279//4358
f 2281//4359 2282//4359 128//4359
f 2272//4360 2282//4360 2281//4360
f 128//4361 2283//4361 130//4361
f 2282//4362 2283//4362 128//4362
f 2272//4363 2283//4363 2282//4363
f 2283//4364 2284//4364 130//4364
f 2272//4365 2284//4365 2283//4365
f 130//4366 2285//4366 132//4366
f 2284//4367 2285//4367 130//4367
f 2286//4368 2287//4368 2288//4368
f 2288//4369 2289//4369 2286//4369
f 2290//4370 2289//4370 2291//4370
f 2291//4371 2289//4371 2288//4371
f 2289//4372 2292//4372 2286//4372
f 2290//4373 2292//4373 2289//4373
f 2292//4374 2293//4374 2286//4374
f 2294//4375 2293//4375 2290//4375
f 2290//4376 2293//4376 2292//4376
f 2294//4377 2295//4377 2293//4377
f 2293//4378 2295//4378 2286//4378
f 134//4379 2296//4379 135//4379
f 2286//4380 2296//4380 2287//4380
f 2286//4381 2297//4381 2296//4381
f 135//4382 2297//4382 137//4382
f 2296//4383 2297//4383 135//4383
f 2297//4384 2298//4384 137//4384
f 2286//4385 2298//4385 2297//4385
f 2298//4386 2299//4386 137//4386
f 2286//4387 2299//4387 2298//4387
f 137//4388 2299//4388 139//4388
f 2295//4389 2300//4389 2286//4389
f 2300//4390 2301//4390 2286//4390
f 2286//4391 2301//4391 2299//4391
f 2299//4392 2301//4392 139//4392
f 139//4393 2301//4393 141//4393
f 2302//4394 2303//4394 2304//4394
f 2304//4395 2305//4395 2302//4395
f 2306//4396 2305//4396 2307//4396
f 2307//4397 2305//4397 2304//4397
f 2306//4398 2308//4398 2305//4398
f 2305//4399 2308//4399 2302//4399
f 2309//4400 2310//4400 2306//4400
f 2308//4401 2310//4401 2302//4401
f 2306//4402 2310//4402 2308//4402
f 2311//4403 2312//4403 2309//4403
f 2309//4404 2312//4404 2310//4404
f 2310//4405 2312//4405 2302//4405
f 2302//4406 2313//4406 2303//4406
f 143//4407 2313//4407 145//4407
f 2302//4408 2314//4408 2313//4408
f 145//4409 2314//4409 146//4409
f 2313//4410 2314//4410 145//4410
f 2302//4411 2315//4411 2314//4411
f 2314//4412 2315//4412 146//4412
f 2302//4413 2316//4413 2315//4413
f 146//4414 2316//4414 148//4414
f 2315//4415 2316//4415 146//4415
f 2312//4416 2317//4416 2302//4416
f 2317//4417 2318//4417 2302//4417
f 2302//4418 2318//4418 2316//4418
f 2316//4419 2318//4419 148//4419
f 2319//4420 2320//4420 2321//4420
f 2322//4421 2320//4421 2323//4421
f 2324//4422 2325//4422 2319//4422
f 2319//4423 2325//4423 2320//4423
f 2320//4424 2325//4424 2323//4424
f 2324//4425 2326//4425 2325//4425
f 2325//4426 2326//4426 2323//4426
f 2327//4427 2328//4427 2324//4427
f 2326//4428 2328//4428 2323//4428
f 2324//4429 2328//4429 2326//4429
f 152//4430 2329//4430 154//4430
f 2323//4431 2329//4431 2322//4431
f 2327//4432 2330//4432 2328//4432
f 2323//4433 2331//4433 2329//4433
f 2329//4434 2331//4434 154//4434
f 154//4435 2332//4435 155//4435
f 2323//4436 2332//4436 2331//4436
f 2331//4437 2332//4437 154//4437
f 2323//4438 2333//4438 2332//4438
f 2332//4439 2333//4439 155//4439
f 2333//4440 2334//4440 155//4440
f 155//4441 2334//4441 157//4441
f 2323//4442 2334//4442 2333//4442
f 2334//4443 2335//4443 157//4443
f 2336//4444 2337//4444 2338//4444
f 2336//4445 2339//4445 2337//4445
f 2340//4446 2339//4446 2336//4446
f 2340//4447 2341//4447 2339//4447
f 2339//4448 2341//4448 2342//4448
f 2340//4449 2343//4449 2341//4449
f 2341//4450 2343//4450 2342//4450
f 2344//4451 2343//4451 2340//4451
f 161//4452 2345//4452 163//4452
f 2344//4453 2346//4453 2343//4453
f 2345//4454 2347//4454 163//4454
f 2342//4455 2348//4455 2347//4455
f 2347//4456 2348//4456 163//4456
f 163//4457 2348//4457 164//4457
f 2342//4458 2349//4458 2348//4458
f 2348//4459 2349//4459 164//4459
f 2342//4460 2350//4460 2349//4460
f 2349//4461 2350//4461 164//4461
f 164//4462 2350//4462 166//4462
f 2350//4463 2351//4463 166//4463
f 2352//4464 2353//4464 2354//4464
f 2354//4465 2353//4465 2355//4465
f 2352//4466 2356//4466 2353//4466
f 2353//4467 2356//4467 2357//4467
f 2358//4468 2359//4468 2352//4468
f 2356//4469 2359//4469 2357//4469
f 2352//4470 2359//4470 2356//4470
f 2360//4471 2361//4471 2358//4471
f 2358//4472 2361//4472 2359//4472
f 2359//4473 2361//4473 2357//4473
f 2362//4474 2363//4474 170//4474
f 170//4475 2363//4475 172//4475
f 2363//4476 2364//4476 172//4476
f 2357//4477 2364//4477 2363//4477
f 172//4478 2365//4478 174//4478
f 2364//4479 2365//4479 172//4479
f 2357//4480 2365//4480 2364//4480
f 2365//4481 2366//4481 174//4481
f 2357//4482 2366//4482 2365//4482
f 2361//4483 2367//4483 2357//4483
f 174//4484 2368//4484 175//4484
f 2366//4485 2368//4485 174//4485
f 2367//4486 2368//4486 2357//4486
f 2357//4487 2368//4487 2366//4487
f 2369//4488 2370//4488 2371//4488
f 2371//4489 2370//4489 2372//4489
f 2370//4490 2373//4490 2374//4490
f 2369//4491 2373//4491 2370//4491
f 2373//4492 2375//4492 2374//4492
f 2376//4493 2375//4493 2369//4493
f 2369//4494 2375//4494 2373//4494
f 2376//4495 2377//4495 2375//4495
f 2375//4496 2377//4496 2374//4496
f 2378//4497 2379//4497 2376//4497
f 2376//4498 2379//4498 2377//4498
f 179//4499 2380//4499 181//4499
f 2381//4500 2380//4500 179//4500
f 2374//4501 2382//4501 2380//4501
f 2380//4502 2382//4502 181//4502
f 2374//4503 2383//4503 2382//4503
f 2382//4504 2383//4504 181//4504
f 181//4505 2383//4505 183//4505
f 2374//4506 2384//4506 2383//4506
f 2383//4507 2384//4507 183//4507
f 2384//4508 2385//4508 183//4508
f 183//4509 2385//4509 184//4509
f 2386//4510 2387//4510 2388//4510
f 2389//4511 2390//4511 2387//4511
f 2386//4512 2391//4512 2387//4512
f 2392//4513 2391//4513 2386//4513
f 2387//4514 2391//4514 2389//4514
f 2392//4515 2393//4515 2391//4515
f 2391//4516 2393//4516 2389//4516
f 2392//4517 2394//4517 2393//4517
f 2393//4518 2394//4518 2389//4518
f 2395//4519 2394//4519 2392//4519
f 2389//4520 2396//4520 2390//4520
f 2395//4521 2397//4521 2394//4521
f 2394//4522 2397//4522 2389//4522
f 2389//4523 2398//4523 2396//4523
f 2396//4524 2398//4524 188//4524
f 188//4525 2398//4525 190//4525
f 2389//4526 2399//4526 2398//4526
f 2398//4527 2399//4527 190//4527
f 2389//4528 2400//4528 2399//4528
f 2399//4529 2400//4529 190//4529
f 190//4530 2400//4530 192//4530
f 2389//4531 2401//4531 2400//4531
f 2400//4532 2401//4532 192//4532
f 192//4533 2401//4533 193//4533
f 2397//4534 2402//4534 2389//4534
f 2389//4535 2402//4535 2401//4535
f 2403//4536 2404//4536 2405//4536
f 2406//4537 2407//4537 2408//4537
f 2408//4538 2407//4538 2405//4538
f 2405//4539 2407//4539 2403//4539
f 2407//4540 2409//4540 2403//4540
f 2406//4541 2409//4541 2407//4541
f 2406//4542 2410//4542 2409//4542
f 2411//4543 2410//4543 2406//4543
f 2409//4544 2410//4544 2403//4544
f 2411//4545 2412//4545 2410//4545
f 2410//4546 2412//4546 2403//4546
f 2403//4547 2413//4547 2404//4547
f 195//4548 2413//4548 197//4548
f 2403//4549 2414//4549 2413//4549
f 197//4550 2414//4550 199//4550
f 2413//4551 2414//4551 197//4551
f 2403//4552 2415//4552 2414//4552
f 2414//4553 2415//4553 199//4553
f 199//4554 2416//4554 201//4554
f 2415//4555 2416//4555 199//4555
f 2403//4556 2416//4556 2415//4556
f 2412//4557 2417//4557 2403//4557
f 201//4558 2418//4558 203//4558
f 2417//4559 2418//4559 2403//4559
f 2403//4560 2418//4560 2416//4560
f 2416//4561 2418//4561 201//4561
f 2419//4562 2420//4562 2421//4562
f 2421//4563 2420//4563 2422//4563
f 2419//4564 2423//4564 2420//4564
f 2420//4565 2423//4565 2424//4565
f 2425//4566 2426//4566 2419//4566
f 2423//4567 2426//4567 2424//4567
f 2419//4568 2426//4568 2423//4568
f 204//4569 2427//4569 206//4569
f 2425//4570 2428//4570 2426//4570
f 2429//4571 2428//4571 2425//4571
f 2426//4572 2428//4572 2424//4572
f 2427//4573 2430//4573 206//4573
f 2424//4574 2431//4574 2430//4574
f 2430//4575 2431//4575 206//4575
f 206//4576 2431//4576 208//4576
f 2424//4577 2432//4577 2431//4577
f 2431//4578 2432//4578 208//4578
f 2424//4579 2433//4579 2432//4579
f 2432//4580 2433//4580 208//4580
f 208//4581 2433//4581 210//4581
f 2428//4582 2434//4582 2424//4582
f 2424//4583 2435//4583 2433//4583
f 2434//4584 2435//4584 2424//4584
f 2433//4585 2435//4585 210//4585
f 2436//4586 2437//4586 2438//4586
f 2439//4587 2437//4587 2436//4587
f 2437//4588 2440//4588 2441//4588
f 2439//4589 2440//4589 2437//4589
f 2439//4590 2442//4590 2440//4590
f 2443//4591 2442//4591 2439//4591
f 2440//4592 2442//4592 2441//4592
f 2442//4593 2444//4593 2441//4593
f 2443//4594 2444//4594 2442//4594
f 213//4595 2445//4595 215//4595
f 2443//4596 2446//4596 2444//4596
f 2447//4597 2446//4597 2443//4597
f 2445//4598 2448//4598 215//4598
f 2441//4599 2449//4599 2448//4599
f 2448//4600 2449//4600 215//4600
f 215//4601 2449//4601 217//4601
f 2441//4602 2450//4602 2449//4602
f 2449//4603 2450//4603 217//4603
f 2450//4604 2451//4604 217//4604
f 217//4605 2451//4605 219//4605
f 2441//4606 2451//4606 2450//4606
f 2451//4607 2452//4607 219//4607
f 2453//4608 2454//4608 2455//4608
f 2456//4609 2454//4609 2457//4609
f 2458//4610 2459//4610 2456//4610
f 2454//4611 2459//4611 2455//4611
f 2456//4612 2459//4612 2454//4612
f 2459//4613 2460//4613 2455//4613
f 2458//4614 2460//4614 2459//4614
f 2460//4615 2461//4615 2455//4615
f 2462//4616 2461//4616 2458//4616
f 2458//4617 2461//4617 2460//4617
f 2455//4618 2463//4618 2453//4618
f 222//4619 2463//4619 224//4619
f 2462//4620 2464//4620 2461//4620
f 2455//4621 2465//4621 2463//4621
f 2463//4622 2465//4622 224//4622
f 2455//4623 2466//4623 2465//4623
f 224//4624 2466//4624 226//4624
f 2465//4625 2466//4625 224//4625
f 2455//4626 2467//4626 2466//4626
f 2466//4627 2467//4627 226//4627
f 226//4628 2468//4628 228//4628
f 2455//4629 2468//4629 2467//4629
f 2467//4630 2468//4630 226//4630
f 2468//4631 2469//4631 228//4631
f 2470//4632 2471//4632 2472//4632
f 2473//4633 2474//4633 2471//4633
f 2475//4634 2474//4634 2473//4634
f 2471//4635 2474//4635 2472//4635
f 2474//4636 2476//4636 2472//4636
f 2475//4637 2476//4637 2474//4637
f 2475//4638 2477//4638 2476//4638
f 2476//4639 2477//4639 2472//4639
f 2478//4640 2477//4640 2475//4640
f 2479//4641 2480//4641 2478//4641
f 2478//4642 2480//4642 2477//4642
f 2472//4643 2481//4643 2470//4643
f 2472//4644 2482//4644 2481//4644
f 2481//4645 2482//4645 232//4645
f 232//4646 2482//4646 233//4646
f 2482//4647 2483//4647 233//4647
f 2472//4648 2483//4648 2482//4648
f 2472//4649 2484//4649 2483//4649
f 2483//4650 2484//4650 233//4650
f 233//4651 2484//4651 235//4651
f 2472//4652 2485//4652 2484//4652
f 2484//4653 2485//4653 235//4653
f 2228//4654 2486//4654 2487//4654
f 2485//4655 2488//4655 235//4655
f 235//4656 2488//4656 237//4656
f 2486//4657 2489//4657 2490//4657
f 5//4658 2489//4658 2228//4658
f 2228//4659 2489//4659 2486//4659
f 6//4660 2489//4660 5//4660
f 7//4661 2489//4661 6//4661
f 8//4662 2489//4662 7//4662
f 12//4663 2491//4663 11//4663
f 13//4664 2491//4664 12//4664
f 242//4665 2492//4665 14//4665
f 13//4666 2492//4666 2491//4666
f 239//4667 2492//4667 241//4667
f 241//4668 2492//4668 242//4668
f 14//4669 2492//4669 13//4669
f 2237//4670 2493//4670 2230//4670
f 2231//4671 2493//4671 2232//4671
f 2230//4672 2493//4672 2229//4672
f 2232//4673 2493//4673 2238//4673
f 2229//4674 2493//4674 2231//4674
f 2238//4675 2493//4675 2237//4675
f 106//4676 2494//4676 108//4676
f 108//4677 2494//4677 2245//4677
f 2233//4678 2494//4678 2234//4678
f 2234//4679 2494//4679 106//4679
f 2232//4680 2494//4680 2233//4680
f 2245//4681 2495//4681 2246//4681
f 2494//4682 2495//4682 2245//4682
f 2236//4683 2495//4683 2238//4683
f 2240//4684 2495//4684 2236//4684
f 2232//4685 2495//4685 2494//4685
f 2238//4686 2495//4686 2232//4686
f 2246//4687 2495//4687 2240//4687
f 2253//4688 2496//4688 2243//4688
f 2244//4689 2496//4689 2250//4689
f 2243//4690 2496//4690 2244//4690
f 2250//4691 2496//4691 2252//4691
f 2252//4692 2496//4692 2253//4692
f 114//4693 2497//4693 116//4693
f 116//4694 2497//4694 117//4694
f 2250//4695 2497//4695 2254//4695
f 2254//4696 2497//4696 114//4696
f 117//4697 2497//4697 2264//4697
f 2258//4698 2498//4698 2255//4698
f 2255//4699 2498//4699 2252//4699
f 2250//4700 2498//4700 2497//4700
f 2497//4701 2498//4701 2264//4701
f 2252//4702 2498//4702 2250//4702
f 2263//4703 2498//4703 2258//4703
f 2264//4704 2498//4704 2263//4704
f 2261//4705 2499//4705 2258//4705
f 2273//4706 2499//4706 2262//4706
f 2267//4707 2499//4707 2268//4707
f 2258//4708 2499//4708 2267//4708
f 2262//4709 2499//4709 2261//4709
f 2271//4710 2500//4710 2260//4710
f 2260//4711 2500//4711 2262//4711
f 2262//4712 2500//4712 2273//4712
f 2270//4713 2500//4713 2271//4713
f 2273//4714 2500//4714 2270//4714
f 2279//4715 2501//4715 2273//4715
f 126//4716 2501//4716 2279//4716
f 123//4717 2501//4717 125//4717
f 125//4718 2501//4718 126//4718
f 2499//4719 2501//4719 2268//4719
f 2268//4720 2501//4720 123//4720
f 2273//4721 2501//4721 2499//4721
f 2285//4722 2502//4722 2287//4722
f 2277//4723 2502//4723 2272//4723
f 2284//4724 2502//4724 2285//4724
f 2272//4725 2502//4725 2284//4725
f 2280//4726 2502//4726 2277//4726
f 2502//4727 2503//4727 2287//4727
f 2504//4728 2503//4728 2278//4728
f 2291//4729 2503//4729 2504//4729
f 2278//4730 2503//4730 2280//4730
f 2287//4731 2503//4731 2288//4731
f 2288//4732 2503//4732 2291//4732
f 2280//4733 2503//4733 2502//4733
f 134//4734 2505//4734 2296//4734
f 2287//4735 2505//4735 2285//4735
f 2296//4736 2505//4736 2287//4736
f 132//4737 2505//4737 134//4737
f 2285//4738 2505//4738 132//4738
f 2295//4739 2506//4739 2300//4739
f 2507//4740 2506//4740 2294//4740
f 2294//4741 2506//4741 2295//4741
f 2303//4742 2508//4742 2304//4742
f 2307//4743 2508//4743 2507//4743
f 2304//4744 2508//4744 2307//4744
f 2506//4745 2508//4745 2300//4745
f 2300//4746 2508//4746 2303//4746
f 2507//4747 2508//4747 2506//4747
f 2300//4748 2509//4748 2301//4748
f 2301//4749 2509//4749 141//4749
f 141//4750 2510//4750 143//4750
f 2300//4751 2510//4751 2509//4751
f 2509//4752 2510//4752 141//4752
f 2303//4753 2510//4753 2300//4753
f 2313//4754 2511//4754 2303//4754
f 143//4755 2511//4755 2313//4755
f 2510//4756 2511//4756 143//4756
f 2303//4757 2511//4757 2510//4757
f 2312//4758 2512//4758 2317//4758
f 2311//4759 2512//4759 2312//4759
f 2512//4760 2513//4760 2317//4760
f 2321//4761 2513//4761 2311//4761
f 2311//4762 2513//4762 2512//4762
f 2317//4763 2513//4763 2322//4763
f 2321//4764 2514//4764 2513//4764
f 2513//4765 2514//4765 2322//4765
f 2322//4766 2514//4766 2320//4766
f 2320//4767 2514//4767 2321//4767
f 148//4768 2515//4768 150//4768
f 2317//4769 2515//4769 2318//4769
f 2318//4770 2515//4770 148//4770
f 2515//4771 2516//4771 150//4771
f 150//4772 2516//4772 152//4772
f 2317//4773 2516//4773 2515//4773
f 2322//4774 2516//4774 2317//4774
f 152//4775 2516//4775 2329//4775
f 2329//4776 2516//4776 2322//4776
f 2323//4777 2517//4777 2334//4777
f 2518//4778 2517//4778 2330//4778
f 2334//4779 2517//4779 2335//4779
f 2328//4780 2517//4780 2323//4780
f 2330//4781 2517//4781 2328//4781
f 2330//4782 2519//4782 2518//4782
f 2337//4783 2519//4783 2338//4783
f 2338//4784 2519//4784 2327//4784
f 2327//4785 2519//4785 2330//4785
f 2518//4786 2520//4786 2517//4786
f 2517//4787 2520//4787 2335//4787
f 161//4788 2520//4788 2345//4788
f 157//4789 2520//4789 159//4789
f 159//4790 2520//4790 161//4790
f 2335//4791 2520//4791 157//4791
f 2345//4792 2520//4792 2518//4792
f 2342//4793 2521//4793 2339//4793
f 2337//4794 2521//4794 2519//4794
f 2347//4795 2521//4795 2342//4795
f 2345//4796 2521//4796 2347//4796
f 2339//4797 2521//4797 2337//4797
f 2519//4798 2521//4798 2518//4798
f 2518//4799 2521//4799 2345//4799
f 2350//4800 2522//4800 2351//4800
f 2342//4801 2522//4801 2350//4801
f 2343//4802 2522//4802 2342//4802
f 2351//4803 2522//4803 2523//4803
f 2346//4804 2522//4804 2343//4804
f 2344//4805 2524//4805 2346//4805
f 2522//4806 2524//4806 2523//4806
f 2346//4807 2524//4807 2522//4807
f 2525//4808 2524//4808 2344//4808
f 2354//4809 2524//4809 2525//4809
f 2355//4810 2524//4810 2354//4810
f 2523//4811 2524//4811 2355//4811
f 170//4812 2526//4812 2362//4812
f 2351//4813 2526//4813 166//4813
f 2523//4814 2526//4814 2351//4814
f 166//4815 2526//4815 168//4815
f 168//4816 2526//4816 170//4816
f 2523//4817 2527//4817 2526//4817
f 2526//4818 2527//4818 2362//4818
f 2355//4819 2527//4819 2523//4819
f 2353//4820 2527//4820 2355//4820
f 2357//4821 2527//4821 2353//4821
f 2362//4822 2527//4822 2363//4822
f 2363//4823 2527//4823 2357//4823
f 2371//4824 2528//4824 2360//4824
f 2360//4825 2528//4825 2361//4825
f 2372//4826 2528//4826 2371//4826
f 2361//4827 2528//4827 2367//4827
f 2367//4828 2528//4828 2372//4828
f 2380//4829 2529//4829 2374//4829
f 2381//4830 2529//4830 2380//4830
f 2374//4831 2529//4831 2370//4831
f 2372//4832 2529//4832 2367//4832
f 2370//4833 2529//4833 2372//4833
f 2529//4834 2530//4834 2367//4834
f 175//4835 2530//4835 177//4835
f 177//4836 2530//4836 179//4836
f 2368//4837 2530//4837 175//4837
f 2367//4838 2530//4838 2368//4838
f 179//4839 2530//4839 2381//4839
f 2381//4840 2530//4840 2529//4840
f 2390//4841 2531//4841 2379//4841
f 2379//4842 2531//4842 2377//4842
f 2384//4843 2531//4843 2385//4843
f 2377//4844 2531//4844 2374//4844
f 2374//4845 2531//4845 2384//4845
f 2379//4846 2532//4846 2390//4846
f 2387//4847 2532//4847 2388//4847
f 2378//4848 2532//4848 2379//4848
f 2388//4849 2532//4849 2378//4849
f 2390//4850 2532//4850 2387//4850
f 2390//4851 2533//4851 2531//4851
f 2385//4852 2533//4852 184//4852
f 2396//4853 2533//4853 2390//4853
f 188//4854 2533//4854 2396//4854
f 2531//4855 2533//4855 2385//4855
f 184//4856 2533//4856 186//4856
f 186//4857 2533//4857 188//4857
f 2395//4858 2534//4858 2397//4858
f 2397//4859 2534//4859 2402//4859
f 2535//4860 2534//4860 2395//4860
f 2402//4861 2534//4861 2404//4861
f 2408//4862 2536//4862 2535//4862
f 2405//4863 2536//4863 2408//4863
f 2535//4864 2536//4864 2534//4864
f 2404//4865 2536//4865 2405//4865
f 2534//4866 2536//4866 2404//4866
f 2401//4867 2537//4867 193//4867
f 2402//4868 2537//4868 2401//4868
f 2404//4869 2538//4869 2402//4869
f 193//4870 2538//4870 195//4870
f 2537//4871 2538//4871 193//4871
f 2402//4872 2538//4872 2537//4872
f 2413//4873 2539//4873 2404//4873
f 2404//4874 2539//4874 2538//4874
f 2538//4875 2539//4875 195//4875
f 195//4876 2539//4876 2413//4876
f 2540//4877 2541//4877 2411//4877
f 2421//4878 2541//4878 2540//4878
f 2411//4879 2541//4879 2412//4879
f 2422//4880 2541//4880 2421//4880
f 2412//4881 2541//4881 2417//4881
f 203//4882 2542//4882 204//4882
f 2417//4883 2542//4883 2418//4883
f 2418//4884 2542//4884 203//4884
f 2427//4885 2542//4885 2417//4885
f 204//4886 2542//4886 2427//4886
f 2430//4887 2543//4887 2424//4887
f 2427//4888 2543//4888 2430//4888
f 2422//4889 2543//4889 2541//4889
f 2541//4890 2543//4890 2417//4890
f 2417//4891 2543//4891 2427//4891
f 2420//4892 2543//4892 2422//4892
f 2424//4893 2543//4893 2420//4893
f 2429//4894 2544//4894 2428//4894
f 2428//4895 2544//4895 2434//4895
f 2434//4896 2544//4896 2438//4896
f 2438//4897 2544//4897 2436//4897
f 2436//4898 2544//4898 2429//4898
f 2434//4899 2545//4899 2435//4899
f 2435//4900 2545//4900 210//4900
f 213//4901 2545//4901 2445//4901
f 210//4902 2545//4902 212//4902
f 212//4903 2545//4903 213//4903
f 2441//4904 2546//4904 2437//4904
f 2545//4905 2546//4905 2445//4905
f 2434//4906 2546//4906 2545//4906
f 2438//4907 2546//4907 2434//4907
f 2437//4908 2546//4908 2438//4908
f 2448//4909 2546//4909 2441//4909
f 2445//4910 2546//4910 2448//4910
f 2453//4911 2547//4911 2446//4911
f 2441//4912 2547//4912 2451//4912
f 2444//4913 2547//4913 2441//4913
f 2446//4914 2547//4914 2444//4914
f 2451//4915 2547//4915 2452//4915
f 2446//4916 2548//4916 2453//4916
f 2447//4917 2548//4917 2446//4917
f 2457//4918 2548//4918 2447//4918
f 2453//4919 2548//4919 2454//4919
f 2454//4920 2548//4920 2457//4920
f 2463//4921 2549//4921 2453//4921
f 2453//4922 2549//4922 2547//4922
f 2452//4923 2549//4923 219//4923
f 219//4924 2549//4924 221//4924
f 221//4925 2549//4925 222//4925
f 222//4926 2549//4926 2463//4926
f 2547//4927 2549//4927 2452//4927
f 2470//4928 2550//4928 2464//4928
f 2461//4929 2550//4929 2455//4929
f 2464//4930 2550//4930 2461//4930
f 2455//4931 2550//4931 2468//4931
f 2468//4932 2550//4932 2469//4932
f 2470//4933 2551//4933 2471//4933
f 2471//4934 2551//4934 2473//4934
f 2464//4935 2551//4935 2470//4935
f 2552//4936 2551//4936 2462//4936
f 2473//4937 2551//4937 2552//4937
f 2462//4938 2551//4938 2464//4938
f 2550//4939 2553//4939 2469//4939
f 232//4940 2553//4940 2481//4940
f 2470//4941 2553//4941 2550//4941
f 228//4942 2553//4942 230//4942
f 230//4943 2553//4943 232//4943
f 2481//4944 2553//4944 2470//4944
f 2469//4945 2553//4945 228//4945
f 2490//4946 2554//4946 2486//4946
f 2479//4947 2554//4947 2480//4947
f 2487//4948 2554//4948 2479//4948
f 2486//4949 2554//4949 2487//4949
f 2555//4950 2554//4950 2490//4950
f 2555//4951 2556//4951 2554//4951
f 2480//4952 2556//4952 2477//4952
f 2472//4953 2556//4953 2485//4953
f 2477//4954 2556//4954 2472//4954
f 2485//4955 2556//4955 2488//4955
f 2488//4956 2556//4956 2555//4956
f 2554//4957 2556//4957 2480//4957
f 2489//4958 2557//4958 2490//4958
f 8//4959 2557//4959 2489//4959
f 2491//4960 2557//4960 11//4960
f 9//4961 2557//4961 8//4961
f 10//4962 2557//4962 9//4962
f 11//4963 2557//4963 10//4963
f 2490//4964 2557//4964 2555//4964
f 2492//4965 2558//4965 2491//4965
f 2491//4966 2558//4966 2557//4966
f 239//4967 2558//4967 2492//4967
f 2555//4968 2558//4968 2488//4968
f 2488//4969 2558//4969 237//4969
f 237//4970 2558//4970 239//4970
f 2557//4971 2558//4971 2555//4971
f 67//4972 243//4972 65//4972
f 2559//4973 243//4973 67//4973
f 2559//4974 2210//4974 2221//4974
f 2559//4975 2221//4975 243//4975
f 2560//4976 2210//4976 2559//4976
f 2561//4977 2210//4977 2560//4977
f 2561//4978 2195//4978 2210//4978
f 2562//4979 2195//4979 2561//4979
f 2563//4980 2195//4980 2562//4980
f 2564//4981 2195//4981 2563//4981
f 2564//4982 2151//4982 2195//4982
f 2565//4983 2151//4983 2564//4983
f 2566//4984 2151//4984 2565//4984
f 2567//4985 2151//4985 2566//4985
f 2567//4986 2150//4986 2151//4986
f 2568//4987 2150//4987 2567//4987
f 2569//4988 2150//4988 2568//4988
f 2570//4989 2121//4989 2150//4989
f 2570//4990 2150//4990 2569//4990
f 2571//4991 2121//4991 2570//4991
f 2572//4992 2121//4992 2571//4992
f 2573//4993 2089//4993 2121//4993
f 2573//4994 2121//4994 2572//4994
f 2574//4995 2089//4995 2573//4995
f 2575//4996 2089//4996 2574//4996
f 2576//4997 2026//4997 2089//4997
f 2576//4998 2089//4998 2575//4998
f 2577//4999 2026//4999 2576//4999
f 2578//5000 2026//5000 2577//5000
f 2579//5001 2026//5001 2578//5001
f 2025//5002 2026//5002 2579//5002
f 2580//5003 2025//5003 2579//5003
f 2581//5004 2025//5004 2580//5004
f 2582//5005 2025//5005 2581//5005
f 1962//5006 2025//5006 2582//5006
f 1962//5007 2583//5007 2584//5007
f 1962//5008 2582//5008 2583//5008
f 1961//5009 1962//5009 2584//5009
f 1961//5010 2585//5010 2586//5010
f 1961//5011 2587//5011 2585//5011
f 1961//5012 2584//5012 2587//5012
f 1898//5013 1961//5013 2586//5013
f 1898//5014 2588//5014 2589//5014
f 1898//5015 2586//5015 2588//5015
f 1897//5016 1898//5016 2589//5016
f 1897//5017 2590//5017 2591//5017
f 1897//5018 2589//5018 2590//5018
f 1834//5019 1897//5019 2591//5019
f 1833//5020 1834//5020 2591//5020
f 1770//5021 1833//5021 2591//5021
f 1738//5022 1770//5022 2591//5022
f 1737//5023 1738//5023 2591//5023
f 1674//5024 1737//5024 2591//5024
f 1673//5025 1674//5025 2591//5025
f 1610//5026 1673//5026 2591//5026
f 1609//5027 1610//5027 2591//5027
f 1577//5028 1609//5028 2591//5028
f 1514//5029 1577//5029 2591//5029
f 1482//5030 1514//5030 2591//5030
f 1450//5031 1482//5031 2591//5031
f 1449//5032 1450//5032 2591//5032
f 1417//5033 1449//5033 2591//5033
f 1385//5034 1417//5034 2591//5034
f 1353//5035 1385//5035 2591//5035
f 1353//5036 2591//5036 2592//5036
f 1290//5037 1353//5037 2592//5037
f 361//5038 69//5038 68//5038
f 361//5039 2593//5039 69//5039
f 1258//5040 1290//5040 2592//5040
f 393//5041 2593//5041 361//5041
f 1257//5042 1258//5042 2592//5042
f 425//5043 2594//5043 2595//5043
f 425//5044 2593//5044 393//5044
f 425//5045 2595//5045 2593//5045
f 1225//5046 1257//5046 2592//5046
f 457//5047 2596//5047 2594//5047
f 457//5048 2597//5048 2596//5048
f 457//5049 2598//5049 2597//5049
f 457//5050 2594//5050 425//5050
f 1193//5051 1225//5051 2592//5051
f 489//5052 2599//5052 2598//5052
f 489//5053 2600//5053 2599//5053
f 489//5054 2601//5054 2600//5054
f 489//5055 2598//5055 457//5055
f 1161//5056 1193//5056 2592//5056
f 521//5057 2602//5057 2601//5057
f 521//5058 2603//5058 2602//5058
f 521//5059 2604//5059 2603//5059
f 521//5060 2601//5060 489//5060
f 1129//5061 1161//5061 2592//5061
f 553//5062 2605//5062 2604//5062
f 553//5063 2606//5063 2605//5063
f 553//5064 2607//5064 2606//5064
f 553//5065 2604//5065 521//5065
f 1097//5066 1129//5066 2592//5066
f 554//5067 2607//5067 553//5067
f 554//5068 2608//5068 2607//5068
f 554//5069 2609//5069 2608//5069
f 554//5070 2610//5070 2609//5070
f 1065//5071 1097//5071 2592//5071
f 617//5072 2611//5072 2610//5072
f 617//5073 2612//5073 2611//5073
f 617//5074 2613//5074 2612//5074
f 617//5075 2610//5075 554//5075
f 1033//5076 1065//5076 2592//5076
f 649//5077 2614//5077 2613//5077
f 649//5078 2615//5078 2614//5078
f 649//5079 2616//5079 2615//5079
f 649//5080 2613//5080 617//5080
f 970//5081 1033//5081 2592//5081
f 650//5082 2617//5082 2616//5082
f 650//5083 2618//5083 2617//5083
f 650//5084 2616//5084 649//5084
f 969//5085 970//5085 2592//5085
f 713//5086 2619//5086 2618//5086
f 713//5087 2620//5087 2619//5087
f 713//5088 2621//5088 2620//5088
f 713//5089 2618//5089 650//5089
f 906//5090 969//5090 2592//5090
f 745//5091 2622//5091 2621//5091
f 745//5092 2623//5092 2622//5092
f 745//5093 2621//5093 713//5093
f 905//5094 906//5094 2592//5094
f 777//5095 2623//5095 745//5095
f 777//5096 2624//5096 2623//5096
f 777//5097 2592//5097 2624//5097
f 873//5098 905//5098 2592//5098
f 809//5099 2592//5099 777//5099
f 841//5100 873//5100 2592//5100
f 841//5101 2592//5101 809//5101
f 2625//5102 2626//5102 2//5102
f 2627//5103 2625//5103 2//5103
f 2628//5104 2627//5104 2//5104
f 2629//5105 2628//5105 2//5105
f 2630//5106 2//5106 2626//5106
f 2631//5107 2629//5107 2//5107
f 2632//5108 2626//5108 2625//5108
f 2632//5109 2630//5109 2626//5109
f 2633//5110 2631//5110 2//5110
f 2634//5111 2625//5111 2627//5111
f 2634//5112 2632//5112 2625//5112
f 2635//5113 2633//5113 2//5113
f 2636//5114 2627//5114 2628//5114
f 2636//5115 2634//5115 2627//5115
f 2637//5116 2635//5116 2//5116
f 2638//5117 2636//5117 2628//5117
f 2638//5118 2629//5118 2631//5118
f 2638//5119 2628//5119 2629//5119
f 2639//5120 2637//5120 2//5120
f 2640//5121 2//5121 2630//5121
f 2641//5122 2631//5122 2633//5122
f 2641//5123 2638//5123 2631//5123
f 2642//5124 2639//5124 2//5124
f 2643//5125 2630//5125 2632//5125
f 2643//5126 2640//5126 2630//5126
f 2644//5127 2641//5127 2633//5127
f 2645//5128 2642//5128 2//5128
f 2646//5129 2643//5129 2632//5129
f 2646//5130 2632//5130 2634//5130
f 2647//5131 2633//5131 2635//5131
f 2647//5132 2644//5132 2633//5132
f 2648//5133 2645//5133 2//5133
f 2649//5134 2634//5134 2636//5134
f 2649//5135 2646//5135 2634//5135
f 2650//5136 2635//5136 2637//5136
f 2650//5137 2647//5137 2635//5137
f 2651//5138 2648//5138 2//5138
f 2652//5139 2636//5139 2638//5139
f 2652//5140 2649//5140 2636//5140
f 2652//5141 2638//5141 2641//5141
f 2653//5142 2650//5142 2637//5142
f 2653//5143 2637//5143 2639//5143
f 2654//5144 2//5144 2640//5144
f 2655//5145 2651//5145 2//5145
f 2656//5146 2652//5146 2641//5146
f 2657//5147 2653//5147 2639//5147
f 2657//5148 2639//5148 2642//5148
f 2658//5149 2640//5149 2643//5149
f 2658//5150 2654//5150 2640//5150
f 2659//5151 2655//5151 2//5151
f 2660//5152 2656//5152 2641//5152
f 2660//5153 2641//5153 2644//5153
f 2661//5154 2642//5154 2645//5154
f 2661//5155 2657//5155 2642//5155
f 2662//5156 2658//5156 2643//5156
f 2662//5157 2643//5157 2646//5157
f 2663//5158 2659//5158 2//5158
f 2664//5159 2647//5159 2650//5159
f 2664//5160 2660//5160 2644//5160
f 2664//5161 2644//5161 2647//5161
f 2665//5162 2645//5162 2648//5162
f 2665//5163 2661//5163 2645//5163
f 2666//5164 2646//5164 2649//5164
f 2666//5165 2662//5165 2646//5165
f 2667//5166 2663//5166 2//5166
f 2668//5167 2664//5167 2650//5167
f 2669//5168 2648//5168 2651//5168
f 2669//5169 2665//5169 2648//5169
f 2670//5170 2649//5170 2652//5170
f 2670//5171 2666//5171 2649//5171
f 2671//5172 2667//5172 2//5172
f 2672//5173 2650//5173 2653//5173
f 2672//5174 2653//5174 2657//5174
f 2672//5175 2668//5175 2650//5175
f 2673//5176 18//5176 2//5176
f 2673//5177 2654//5177 2658//5177
f 2673//5178 2//5178 2654//5178
f 2674//5179 2669//5179 2651//5179
f 2674//5180 2651//5180 2655//5180
f 2675//5181 2670//5181 2652//5181
f 2675//5182 2652//5182 2656//5182
f 2676//5183 2671//5183 2//5183
f 2677//5184 2672//5184 2657//5184
f 2678//5185 2673//5185 2658//5185
f 2679//5186 2659//5186 2663//5186
f 2679//5187 2655//5187 2659//5187
f 2679//5188 2674//5188 2655//5188
f 2680//5189 2656//5189 2660//5189
f 2680//5190 2675//5190 2656//5190
f 2681//5191 2676//5191 2//5191
f 2682//5192 2657//5192 2661//5192
f 2682//5193 2677//5193 2657//5193
f 2683//5194 2658//5194 2662//5194
f 2683//5195 2678//5195 2658//5195
f 2684//5196 2679//5196 2663//5196
f 2685//5197 2660//5197 2664//5197
f 2685//5198 2680//5198 2660//5198
f 2686//5199 2681//5199 2//5199
f 2687//5200 2661//5200 2665//5200
f 2687//5201 2682//5201 2661//5201
f 2688//5202 2662//5202 2666//5202
f 2688//5203 2683//5203 2662//5203
f 2689//5204 2663//5204 2667//5204
f 2689//5205 2684//5205 2663//5205
f 2690//5206 2664//5206 2668//5206
f 2690//5207 2685//5207 2664//5207
f 2691//5208 2686//5208 2//5208
f 2692//5209 2665//5209 2669//5209
f 2692//5210 2669//5210 2674//5210
f 2692//5211 2687//5211 2665//5211
f 2693//5212 2688//5212 2666//5212
f 2693//5213 2666//5213 2670//5213
f 2694//5214 2689//5214 2667//5214
f 2694//5215 2667//5215 2671//5215
f 2695//5216 2668//5216 2672//5216
f 2695//5217 2690//5217 2668//5217
f 2696//5218 18//5218 2673//5218
f 2697//5219 2691//5219 2//5219
f 2698//5220 2692//5220 2674//5220
f 2699//5221 2693//5221 2670//5221
f 2699//5222 2670//5222 2675//5222
f 2700//5223 2694//5223 2671//5223
f 2700//5224 2671//5224 2676//5224
f 2701//5225 2695//5225 2672//5225
f 2701//5226 2672//5226 2677//5226
f 2701//5227 2677//5227 2682//5227
f 2702//5228 2696//5228 2673//5228
f 2702//5229 2673//5229 2678//5229
f 2703//5230 2697//5230 2//5230
f 2704//5231 2674//5231 2679//5231
f 2704//5232 2698//5232 2674//5232
f 2704//5233 2679//5233 2684//5233
f 2705//5234 2699//5234 2675//5234
f 2705//5235 2675//5235 2680//5235
f 2706//5236 2676//5236 2681//5236
f 2706//5237 2700//5237 2676//5237
f 2707//5238 2701//5238 2682//5238
f 2708//5239 2678//5239 2683//5239
f 2708//5240 2702//5240 2678//5240
f 2709//5241 2703//5241 2//5241
f 2710//5242 2704//5242 2684//5242
f 2711//5243 2685//5243 2690//5243
f 2711//5244 2705//5244 2680//5244
f 2711//5245 2680//5245 2685//5245
f 2712//5246 2681//5246 2686//5246
f 2712//5247 2706//5247 2681//5247
f 2713//5248 2707//5248 2682//5248
f 2713//5249 2682//5249 2687//5249
f 2713//5250 2687//5250 2692//5250
f 2714//5251 2683//5251 2688//5251
f 2714//5252 2708//5252 2683//5252
f 2715//5253 2709//5253 2//5253
f 2716//5254 2684//5254 2689//5254
f 2716//5255 2710//5255 2684//5255
f 2717//5256 2711//5256 2690//5256
f 2718//5257 2712//5257 2686//5257
f 2718//5258 2686//5258 2691//5258
f 2719//5259 2713//5259 2692//5259
f 2720//5260 2688//5260 2693//5260
f 2720//5261 2714//5261 2688//5261
f 2721//5262 2715//5262 2//5262
f 2722//5263 2689//5263 2694//5263
f 2722//5264 2694//5264 2700//5264
f 2722//5265 2716//5265 2689//5265
f 2723//5266 2717//5266 2690//5266
f 2723//5267 2695//5267 2701//5267
f 2723//5268 2690//5268 2695//5268
f 2724//5269 18//5269 2696//5269
f 2725//5270 2718//5270 2691//5270
f 2725//5271 2691//5271 2697//5271
f 2726//5272 2719//5272 2692//5272
f 2726//5273 2692//5273 2698//5273
f 2727//5274 2693//5274 2699//5274
f 2727//5275 2720//5275 2693//5275
f 2728//5276 2721//5276 2//5276
f 2729//5277 2722//5277 2700//5277
f 2729//5278 2700//5278 2706//5278
f 2730//5279 2723//5279 2701//5279
f 2731//5280 2696//5280 2702//5280
f 2731//5281 2724//5281 2696//5281
f 2731//5282 2702//5282 2708//5282
f 2732//5283 2725//5283 2697//5283
f 2732//5284 2697//5284 2703//5284
f 2733//5285 2704//5285 2710//5285
f 2733//5286 2726//5286 2698//5286
f 2733//5287 2698//5287 2704//5287
f 2734//5288 2699//5288 2705//5288
f 2734//5289 2727//5289 2699//5289
f 2735//5290 2728//5290 2//5290
f 2736//5291 2729//5291 2706//5291
f 2737//5292 2730//5292 2701//5292
f 2737//5293 2701//5293 2707//5293
f 2738//5294 2731//5294 2708//5294
f 2739//5295 2732//5295 2703//5295
f 2739//5296 2703//5296 2709//5296
f 2740//5297 2733//5297 2710//5297
f 2741//5298 2711//5298 2717//5298
f 2741//5299 2734//5299 2705//5299
f 2741//5300 2705//5300 2711//5300
f 2742//5301 2735//5301 2//5301
f 2743//5302 2736//5302 2706//5302
f 2743//5303 2706//5303 2712//5303
f 2743//5304 2712//5304 2718//5304
f 2744//5305 2737//5305 2707//5305
f 2744//5306 2707//5306 2713//5306
f 2745//5307 2708//5307 2714//5307
f 2745//5308 2738//5308 2708//5308
f 2746//5309 2709//5309 2715//5309
f 2746//5310 2739//5310 2709//5310
f 2747//5311 2740//5311 2710//5311
f 2747//5312 2710//5312 2716//5312
f 2748//5313 2741//5313 2717//5313
f 2748//5314 2717//5314 2723//5314
f 2749//5315 2743//5315 2718//5315
f 2750//5316 2713//5316 2719//5316
f 2750//5317 2719//5317 2726//5317
f 2750//5318 2744//5318 2713//5318
f 2751//5319 2745//5319 2714//5319
f 2751//5320 2714//5320 2720//5320
f 2752//5321 2715//5321 2721//5321
f 2752//5322 2746//5322 2715//5322
f 2753//5323 2716//5323 2722//5323
f 2753//5324 2747//5324 2716//5324
f 2754//5325 2748//5325 2723//5325
f 2755//5326 18//5326 2724//5326
f 2756//5327 2718//5327 2725//5327
f 2756//5328 2749//5328 2718//5328
f 2756//5329 2725//5329 2732//5329
f 2757//5330 2750//5330 2726//5330
f 2758//5331 2720//5331 2727//5331
f 2758//5332 2751//5332 2720//5332
f 2759//5333 2752//5333 2721//5333
f 2759//5334 2721//5334 2728//5334
f 2760//5335 2753//5335 2722//5335
f 2760//5336 2722//5336 2729//5336
f 2761//5337 2754//5337 2723//5337
f 2761//5338 2723//5338 2730//5338
f 2762//5339 2755//5339 2724//5339
f 2762//5340 2724//5340 2731//5340
f 2762//5341 2731//5341 2738//5341
f 2763//5342 2756//5342 2732//5342
f 2763//5343 2732//5343 2739//5343
f 2764//5344 2757//5344 2726//5344
f 2764//5345 2726//5345 2733//5345
f 2764//5346 2733//5346 2740//5346
f 2765//5347 2758//5347 2727//5347
f 2765//5348 2727//5348 2734//5348
f 2766//5349 2759//5349 2728//5349
f 2766//5350 2728//5350 2735//5350
f 2766//5351 2735//5351 2742//5351
f 2767//5352 2760//5352 2729//5352
f 2767//5353 2729//5353 2736//5353
f 2768//5354 2761//5354 2730//5354
f 2768//5355 2730//5355 2737//5355
f 2769//5356 2762//5356 2738//5356
f 2770//5357 2763//5357 2739//5357
f 2771//5358 2764//5358 2740//5358
f 2772//5359 2734//5359 2741//5359
f 2772//5360 2765//5360 2734//5360
f 2773//5361 2766//5361 2742//5361
f 2773//5362 2742//5362 2//5362
f 2774//5363 2736//5363 2743//5363
f 2774//5364 2767//5364 2736//5364
f 2775//5365 2768//5365 2737//5365
f 2775//5366 2737//5366 2744//5366
f 2776//5367 2745//5367 2751//5367
f 2776//5368 2738//5368 2745//5368
f 2776//5369 2769//5369 2738//5369
f 2777//5370 2746//5370 2752//5370
f 2777//5371 2770//5371 2739//5371
f 2777//5372 2739//5372 2746//5372
f 2778//5373 2771//5373 2740//5373
f 2778//5374 2740//5374 2747//5374
f 2779//5375 2772//5375 2741//5375
f 2779//5376 2741//5376 2748//5376
f 2779//5377 2748//5377 2754//5377
f 2780//5378 2749//5378 2756//5378
f 2780//5379 2743//5379 2749//5379
f 2780//5380 2774//5380 2743//5380
f 2781//5381 2744//5381 2750//5381
f 2781//5382 2775//5382 2744//5382
f 2782//5383 2776//5383 2751//5383
f 2783//5384 2777//5384 2752//5384
f 2784//5385 2747//5385 2753//5385
f 2784//5386 2778//5386 2747//5386
f 2785//5387 2754//5387 2761//5387
f 2785//5388 2779//5388 2754//5388
f 2786//5389 2227//5389 18//5389
f 2786//5390 2230//5390 2227//5390
f 2786//5391 2237//5391 2230//5391
f 2786//5392 18//5392 2755//5392
f 2787//5393 2780//5393 2756//5393
f 2788//5394 2750//5394 2757//5394
f 2788//5395 2781//5395 2750//5395
f 2789//5396 2751//5396 2758//5396
f 2789//5397 2782//5397 2751//5397
f 2790//5398 2783//5398 2752//5398
f 2790//5399 2752//5399 2759//5399
f 2791//5400 2784//5400 2753//5400
f 2791//5401 2753//5401 2760//5401
f 2791//5402 2760//5402 2767//5402
f 2792//5403 2785//5403 2761//5403
f 2793//5404 2235//5404 2237//5404
f 2793//5405 2241//5405 2235//5405
f 2793//5406 2786//5406 2755//5406
f 2793//5407 2237//5407 2786//5407
f 2793//5408 2755//5408 2762//5408
f 2794//5409 2787//5409 2756//5409
f 2794//5410 2756//5410 2763//5410
f 2795//5411 2788//5411 2757//5411
f 2795//5412 2757//5412 2764//5412
f 2796//5413 2758//5413 2765//5413
f 2796//5414 2789//5414 2758//5414
f 2797//5415 2790//5415 2759//5415
f 2797//5416 2759//5416 2766//5416
f 2798//5417 2791//5417 2767//5417
f 2799//5418 2761//5418 2768//5418
f 2799//5419 2792//5419 2761//5419
f 2800//5420 2243//5420 2241//5420
f 2800//5421 2253//5421 2243//5421
f 2800//5422 2793//5422 2762//5422
f 2800//5423 2241//5423 2793//5423
f 2800//5424 2762//5424 2769//5424
f 2801//5425 2794//5425 2763//5425
f 2801//5426 2763//5426 2770//5426
f 2802//5427 2764//5427 2771//5427
f 2802//5428 2795//5428 2764//5428
f 2803//5429 2765//5429 2772//5429
f 2803//5430 2796//5430 2765//5430
f 2804//5431 2773//5431 2//5431
f 2804//5432 2797//5432 2766//5432
f 2804//5433 2766//5433 2773//5433
f 2805//5434 2767//5434 2774//5434
f 2805//5435 2798//5435 2767//5435
f 2805//5436 2774//5436 2780//5436
f 2806//5437 2768//5437 2775//5437
f 2806//5438 2799//5438 2768//5438
f 2807//5439 2776//5439 2782//5439
f 2807//5440 2251//5440 2253//5440
f 2807//5441 2256//5441 2251//5441
f 2807//5442 2260//5442 2256//5442
f 2807//5443 2253//5443 2800//5443
f 2807//5444 2800//5444 2769//5444
f 2807//5445 2769//5445 2776//5445
f 2808//5446 2801//5446 2770//5446
f 2808//5447 2770//5447 2777//5447
f 2809//5448 2771//5448 2778//5448
f 2809//5449 2802//5449 2771//5449
f 2810//5450 2779//5450 2785//5450
f 2810//5451 2803//5451 2772//5451
f 2810//5452 2772//5452 2779//5452
f 2811//5453 2805//5453 2780//5453
f 2812//5454 2775//5454 2781//5454
f 2812//5455 2806//5455 2775//5455
f 2813//5456 2271//5456 2260//5456
f 2813//5457 2269//5457 2271//5457
f 2813//5458 2260//5458 2807//5458
f 2813//5459 2807//5459 2782//5459
f 2814//5460 2777//5460 2783//5460
f 2814//5461 2808//5461 2777//5461
f 2815//5462 2778//5462 2784//5462
f 2815//5463 2809//5463 2778//5463
f 2816//5464 2810//5464 2785//5464
f 2817//5465 2787//5465 2794//5465
f 2817//5466 2780//5466 2787//5466
f 2817//5467 2811//5467 2780//5467
f 2818//5468 2812//5468 2781//5468
f 2818//5469 2781//5469 2788//5469
f 2819//5470 2274//5470 2269//5470
f 2819//5471 2278//5471 2274//5471
f 2819//5472 2782//5472 2789//5472
f 2819//5473 2789//5473 2796//5473
f 2819//5474 2813//5474 2782//5474
f 2819//5475 2269//5475 2813//5475
f 2820//5476 2783//5476 2790//5476
f 2820//5477 2814//5477 2783//5477
f 2820//5478 2790//5478 2797//5478
f 2821//5479 2784//5479 2791//5479
f 2821//5480 2815//5480 2784//5480
f 2822//5481 2785//5481 2792//5481
f 2822//5482 2816//5482 2785//5482
f 2823//5483 2817//5483 2794//5483
f 2824//5484 2818//5484 2788//5484
f 2824//5485 2795//5485 2802//5485
f 2824//5486 2788//5486 2795//5486
f 2825//5487 2504//5487 2278//5487
f 2825//5488 2819//5488 2796//5488
f 2825//5489 2291//5489 2504//5489
f 2825//5490 2796//5490 2803//5490
f 2825//5491 2278//5491 2819//5491
f 2826//5492 2820//5492 2797//5492
f 2827//5493 2798//5493 2805//5493
f 2827//5494 2821//5494 2791//5494
f 2827//5495 2791//5495 2798//5495
f 2828//5496 2822//5496 2792//5496
f 2828//5497 2792//5497 2799//5497
f 2828//5498 2799//5498 2806//5498
f 2829//5499 2794//5499 2801//5499
f 2829//5500 2823//5500 2794//5500
f 2830//5501 2824//5501 2802//5501
f 2831//5502 2290//5502 2291//5502
f 2831//5503 2294//5503 2290//5503
f 2831//5504 2291//5504 2825//5504
f 2831//5505 2825//5505 2803//5505
f 2832//5506 2826//5506 2797//5506
f 2832//5507 2804//5507 2//5507
f 2832//5508 2797//5508 2804//5508
f 2833//5509 2827//5509 2805//5509
f 2834//5510 2828//5510 2806//5510
f 2835//5511 2808//5511 2814//5511
f 2835//5512 2829//5512 2801//5512
f 2835//5513 2801//5513 2808//5513
f 2836//5514 2802//5514 2809//5514
f 2836//5515 2830//5515 2802//5515
f 2836//5516 2809//5516 2815//5516
f 2837//5517 2507//5517 2294//5517
f 2837//5518 2307//5518 2507//5518
f 2837//5519 2803//5519 2810//5519
f 2837//5520 2294//5520 2831//5520
f 2837//5521 2831//5521 2803//5521
f 2837//5522 2810//5522 2816//5522
f 2838//5523 2833//5523 2805//5523
f 2838//5524 2805//5524 2811//5524
f 2839//5525 2834//5525 2806//5525
f 2839//5526 2806//5526 2812//5526
f 2840//5527 2835//5527 2814//5527
f 2841//5528 2836//5528 2815//5528
f 2842//5529 2306//5529 2307//5529
f 2842//5530 2309//5530 2306//5530
f 2842//5531 2837//5531 2816//5531
f 2842//5532 2307//5532 2837//5532
f 2843//5533 2838//5533 2811//5533
f 2843//5534 2811//5534 2817//5534
f 2844//5535 2839//5535 2812//5535
f 2844//5536 2812//5536 2818//5536
f 2845//5537 2814//5537 2820//5537
f 2845//5538 2840//5538 2814//5538
f 2846//5539 2815//5539 2821//5539
f 2846//5540 2841//5540 2815//5540
f 2846//5541 2821//5541 2827//5541
f 2847//5542 2311//5542 2309//5542
f 2847//5543 2321//5543 2311//5543
f 2847//5544 2319//5544 2321//5544
f 2847//5545 2816//5545 2822//5545
f 2847//5546 2309//5546 2842//5546
f 2847//5547 2842//5547 2816//5547
f 2848//5548 2817//5548 2823//5548
f 2848//5549 2843//5549 2817//5549
f 2849//5550 2824//5550 2830//5550
f 2849//5551 2818//5551 2824//5551
f 2849//5552 2844//5552 2818//5552
f 2850//5553 2820//5553 2826//5553
f 2850//5554 2826//5554 2832//5554
f 2850//5555 2845//5555 2820//5555
f 2851//5556 2846//5556 2827//5556
f 2852//5557 2822//5557 2828//5557
f 2852//5558 2828//5558 2834//5558
f 2852//5559 2324//5559 2319//5559
f 2852//5560 2327//5560 2324//5560
f 2852//5561 2847//5561 2822//5561
f 2852//5562 2319//5562 2847//5562
f 2853//5563 2823//5563 2829//5563
f 2853//5564 2848//5564 2823//5564
f 2854//5565 2849//5565 2830//5565
f 2854//5566 2830//5566 2836//5566
f 2855//5567 2//5567 1//5567
f 2855//5568 2832//5568 2//5568
f 2855//5569 2850//5569 2832//5569
f 2856//5570 2827//5570 2833//5570
f 2856//5571 2833//5571 2838//5571
f 2856//5572 2851//5572 2827//5572
f 2857//5573 2852//5573 2834//5573
f 2857//5574 2327//5574 2852//5574
f 2857//5575 2338//5575 2327//5575
f 2857//5576 2336//5576 2338//5576
f 2857//5577 2834//5577 2839//5577
f 2858//5578 2835//5578 2840//5578
f 2858//5579 2829//5579 2835//5579
f 2858//5580 2853//5580 2829//5580
f 2859//5581 2854//5581 2836//5581
f 2860//5582 2856//5582 2838//5582
f 2861//5583 2857//5583 2839//5583
f 2861//5584 2340//5584 2336//5584
f 2861//5585 2344//5585 2340//5585
f 2861//5586 2336//5586 2857//5586
f 2861//5587 2839//5587 2844//5587
f 2862//5588 2858//5588 2840//5588
f 2863//5589 2859//5589 2836//5589
f 2863//5590 2836//5590 2841//5590
f 2864//5591 2860//5591 2838//5591
f 2864//5592 2838//5592 2843//5592
f 2864//5593 2843//5593 2848//5593
f 2865//5594 2344//5594 2861//5594
f 2865//5595 2525//5595 2344//5595
f 2865//5596 2354//5596 2525//5596
f 2865//5597 2861//5597 2844//5597
f 2866//5598 2862//5598 2840//5598
f 2866//5599 2840//5599 2845//5599
f 2867//5600 2841//5600 2846//5600
f 2867//5601 2863//5601 2841//5601
f 2868//5602 2864//5602 2848//5602
f 2869//5603 2844//5603 2849//5603
f 2869//5604 2352//5604 2354//5604
f 2869//5605 2865//5605 2844//5605
f 2869//5606 2358//5606 2352//5606
f 2869//5607 2354//5607 2865//5607
f 2870//5608 2845//5608 2850//5608
f 2870//5609 2866//5609 2845//5609
f 2871//5610 2867//5610 2846//5610
f 2871//5611 2846//5611 2851//5611
f 2872//5612 2868//5612 2848//5612
f 2872//5613 2848//5613 2853//5613
f 2873//5614 2358//5614 2869//5614
f 2873//5615 2854//5615 2859//5615
f 2873//5616 2360//5616 2358//5616
f 2873//5617 2371//5617 2360//5617
f 2873//5618 2849//5618 2854//5618
f 2873//5619 2869//5619 2849//5619
f 2874//5620 2850//5620 2855//5620
f 2874//5621 2855//5621 1//5621
f 2874//5622 2870//5622 2850//5622
f 2875//5623 2851//5623 2856//5623
f 2875//5624 2871//5624 2851//5624
f 2876//5625 2853//5625 2858//5625
f 2876//5626 2858//5626 2862//5626
f 2876//5627 2872//5627 2853//5627
f 2877//5628 2369//5628 2371//5628
f 2877//5629 2371//5629 2873//5629
f 2877//5630 2376//5630 2369//5630
f 2877//5631 2873//5631 2859//5631
f 2878//5632 2856//5632 2860//5632
f 2878//5633 2875//5633 2856//5633
f 2879//5634 2876//5634 2862//5634
f 2880//5635 2859//5635 2863//5635
f 2880//5636 2378//5636 2376//5636
f 2880//5637 2388//5637 2378//5637
f 2880//5638 2386//5638 2388//5638
f 2880//5639 2877//5639 2859//5639
f 2880//5640 2376//5640 2877//5640
f 2881//5641 2878//5641 2860//5641
f 2881//5642 2860//5642 2864//5642
f 2882//5643 2866//5643 2870//5643
f 2882//5644 2862//5644 2866//5644
f 2882//5645 2879//5645 2862//5645
f 2883//5646 2863//5646 2867//5646
f 2883//5647 2880//5647 2863//5647
f 2883//5648 2386//5648 2880//5648
f 2883//5649 2392//5649 2386//5649
f 2883//5650 2395//5650 2392//5650
f 2884//5651 2864//5651 2868//5651
f 2884//5652 2881//5652 2864//5652
f 2885//5653 2882//5653 2870//5653
f 2885//5654 2870//5654 2874//5654
f 2886//5655 2883//5655 2867//5655
f 2886//5656 2535//5656 2395//5656
f 2886//5657 2408//5657 2535//5657
f 2886//5658 2867//5658 2871//5658
f 2886//5659 2871//5659 2875//5659
f 2886//5660 2395//5660 2883//5660
f 2887//5661 2884//5661 2868//5661
f 2887//5662 2868//5662 2872//5662
f 2888//5663 2885//5663 2874//5663
f 2888//5664 2874//5664 1//5664
f 2889//5665 2886//5665 2875//5665
f 2889//5666 2406//5666 2408//5666
f 2889//5667 2411//5667 2406//5667
f 2889//5668 2408//5668 2886//5668
f 2890//5669 2887//5669 2872//5669
f 2890//5670 2872//5670 2876//5670
f 2891//5671 2889//5671 2875//5671
f 2891//5672 2540//5672 2411//5672
f 2891//5673 2421//5673 2540//5673
f 2891//5674 2411//5674 2889//5674
f 2891//5675 2875//5675 2878//5675
f 2892//5676 2890//5676 2876//5676
f 2892//5677 2876//5677 2879//5677
f 2893//5678 2421//5678 2891//5678
f 2893//5679 2891//5679 2878//5679
f 2893//5680 2419//5680 2421//5680
f 2893//5681 2425//5681 2419//5681
f 2893//5682 2878//5682 2881//5682
f 2894//5683 2892//5683 2879//5683
f 2894//5684 2879//5684 2882//5684
f 2895//5685 2881//5685 2884//5685
f 2895//5686 2893//5686 2881//5686
f 2895//5687 2425//5687 2893//5687
f 2895//5688 2429//5688 2425//5688
f 2895//5689 2436//5689 2429//5689
f 2896//5690 2882//5690 2885//5690
f 2896//5691 2894//5691 2882//5691
f 2897//5692 2887//5692 2890//5692
f 2897//5693 2884//5693 2887//5693
f 2897//5694 2895//5694 2884//5694
f 2897//5695 2439//5695 2436//5695
f 2897//5696 2443//5696 2439//5696
f 2897//5697 2447//5697 2443//5697
f 2897//5698 2436//5698 2895//5698
f 2898//5699 2888//5699 1//5699
f 2898//5700 2885//5700 2888//5700
f 2898//5701 2896//5701 2885//5701
f 2899//5702 2447//5702 2897//5702
f 2899//5703 2897//5703 2890//5703
f 2899//5704 2457//5704 2447//5704
f 2899//5705 2456//5705 2457//5705
f 2900//5706 2456//5706 2899//5706
f 2900//5707 2899//5707 2890//5707
f 2900//5708 2458//5708 2456//5708
f 2900//5709 2462//5709 2458//5709
f 2900//5710 2890//5710 2892//5710
f 2901//5711 2892//5711 2894//5711
f 2901//5712 2462//5712 2900//5712
f 2901//5713 2900//5713 2892//5713
f 2901//5714 2552//5714 2462//5714
f 2901//5715 2473//5715 2552//5715
f 2902//5716 2894//5716 2896//5716
f 2902//5717 2901//5717 2894//5717
f 2902//5718 2473//5718 2901//5718
f 2902//5719 2475//5719 2473//5719
f 2902//5720 2478//5720 2475//5720
f 2903//5721 2896//5721 2898//5721
f 2903//5722 2898//5722 1//5722
f 2903//5723 2478//5723 2902//5723
f 2903//5724 2902//5724 2896//5724
f 2903//5725 2479//5725 2478//5725
f 2903//5726 2487//5726 2479//5726
f 2903//5727 2228//5727 2487//5727
f 2903//5728 1//5728 2228//5728
f 2559//5729 67//5729 66//5729
f 2559//5730 66//5730 2904//5730
f 2905//5731 2906//5731 2907//5731
f 2908//5732 2907//5732 2906//5732
f 2909//5733 2908//5733 2906//5733
f 2910//5734 2906//5734 2905//5734
f 2911//5735 2909//5735 2906//5735
f 2912//5736 2906//5736 2910//5736
f 2913//5737 2911//5737 2906//5737
f 2914//5738 2906//5738 2912//5738
f 2915//5739 2906//5739 2914//5739
f 2916//5740 2913//5740 2906//5740
f 2917//5741 2916//5741 2906//5741
f 2918//5742 2906//5742 2915//5742
f 2919//5743 2917//5743 2906//5743
f 2920//5744 2906//5744 2918//5744
f 2921//5745 2919//5745 2906//5745
f 2922//5746 2906//5746 2920//5746
f 2923//5747 2906//5747 2922//5747
f 2924//5748 2921//5748 2906//5748
f 2925//5749 2924//5749 2906//5749
f 2926//5750 2906//5750 2923//5750
f 2927//5751 2925//5751 2906//5751
f 2928//5752 2906//5752 2926//5752
f 2929//5753 2927//5753 2906//5753
f 2930//5754 2906//5754 2928//5754
f 2931//5755 2929//5755 2906//5755
f 2932//5756 32//5756 2906//5756
f 2932//5757 2906//5757 2930//5757
f 2933//5758 2931//5758 2906//5758
f 2934//5759 32//5759 2932//5759
f 2935//5760 2933//5760 2906//5760
f 2936//5761 32//5761 2934//5761
f 2904//5762 32//5762 2936//5762
f 2937//5763 2935//5763 2906//5763
f 66//5764 32//5764 2904//5764
f 2938//5765 2937//5765 2906//5765
f 2939//5766 2940//5766 2941//5766
f 2939//5767 2941//5767 2942//5767
f 2939//5768 2942//5768 2943//5768
f 2939//5769 2943//5769 2944//5769
f 2939//5770 2944//5770 2945//5770
f 2939//5771 2945//5771 2946//5771
f 2939//5772 2946//5772 2947//5772
f 2939//5773 2947//5773 2948//5773
f 2939//5774 2948//5774 2949//5774
f 2939//5775 2949//5775 2950//5775
f 2939//5776 2950//5776 2951//5776
f 2939//5777 2951//5777 2952//5777
f 2939//5778 2952//5778 2953//5778
f 2939//5779 2953//5779 2954//5779
f 2939//5780 2954//5780 2955//5780
f 2939//5781 2955//5781 2956//5781
f 2939//5782 2956//5782 2957//5782
f 2939//5783 2957//5783 2958//5783
f 2939//5784 2958//5784 2959//5784
f 2939//5785 2959//5785 2960//5785
f 2939//5786 2960//5786 2961//5786
f 2939//5787 2961//5787 2962//5787
f 2939//5788 2962//5788 2963//5788
f 2939//5789 2963//5789 2964//5789
f 2939//5790 2964//5790 2965//5790
f 2939//5791 2965//5791 2966//5791
f 2939//5792 2966//5792 2967//5792
f 2939//5793 2938//5793 2906//5793
f 2939//5794 2967//5794 2968//5794
f 2939//5795 2968//5795 2938//5795
f 71//5796 70//5796 2969//5796
f 71//5797 2969//5797 2970//5797
f 71//5798 2970//5798 2971//5798
f 71//5799 2971//5799 2940//5799
f 71//5800 2940//5800 2939//5800
f 2906//5801 4//5801 2972//5801
f 32//5802 4//5802 2906//5802
f 4//5803 3//5803 2973//5803
f 4//5804 2973//5804 2972//5804
f 3//5805 17//5805 2973//5805
f 2973//5806 17//5806 2974//5806
f 2974//5807 19//5807 2975//5807
f 17//5808 19//5808 2974//5808
f 69//5809 2593//5809 2969//5809
f 69//5810 2969//5810 70//5810
f 19//5811 71//5811 2939//5811
f 19//5812 2939//5812 2975//5812
f 2593//5813 2595//5813 2969//5813
f 2969//5814 2595//5814 2970//5814
f 2970//5815 2594//5815 2971//5815
f 2595//5816 2594//5816 2970//5816
f 2971//5817 2596//5817 2940//5817
f 2594//5818 2596//5818 2971//5818
f 2940//5819 2597//5819 2941//5819
f 2596//5820 2597//5820 2940//5820
f 2941//5821 2598//5821 2942//5821
f 2942//5822 2598//5822 2943//5822
f 2597//5823 2598//5823 2941//5823
f 2598//5824 2599//5824 2943//5824
f 2943//5825 2600//5825 2944//5825
f 2599//5826 2600//5826 2943//5826
f 2944//5827 2601//5827 2945//5827
f 2600//5828 2601//5828 2944//5828
f 2601//5829 2602//5829 2945//5829
f 2945//5830 2602//5830 2946//5830
f 2602//5831 2603//5831 2946//5831
f 2946//5832 2603//5832 2947//5832
f 2947//5833 2603//5833 2948//5833
f 2603//5834 2604//5834 2948//5834
f 2604//5835 2605//5835 2948//5835
f 2948//5836 2605//5836 2949//5836
f 2605//5837 2606//5837 2949//5837
f 2949//5838 2606//5838 2950//5838
f 2606//5839 2607//5839 2950//5839
f 2950//5840 2607//5840 2951//5840
f 2607//5841 2608//5841 2951//5841
f 2951//5842 2608//5842 2952//5842
f 2608//5843 2609//5843 2952//5843
f 2952//5844 2609//5844 2953//5844
f 2609//5845 2610//5845 2953//5845
f 2953//5846 2610//5846 2954//5846
f 2610//5847 2611//5847 2954//5847
f 2954//5848 2611//5848 2955//5848
f 2611//5849 2612//5849 2955//5849
f 2955//5850 2612//5850 2956//5850
f 2612//5851 2613//5851 2956//5851
f 2956//5852 2613//5852 2957//5852
f 2957//5853 2613//5853 2958//5853
f 2613//5854 2614//5854 2958//5854
f 2614//5855 2615//5855 2958//5855
f 2958//5856 2615//5856 2959//5856
f 2959//5857 2616//5857 2960//5857
f 2615//5858 2616//5858 2959//5858
f 2960//5859 2617//5859 2961//5859
f 2616//5860 2617//5860 2960//5860
f 2961//5861 2618//5861 2962//5861
f 2617//5862 2618//5862 2961//5862
f 2962//5863 2619//5863 2963//5863
f 2618//5864 2619//5864 2962//5864
f 2963//5865 2620//5865 2964//5865
f 2619//5866 2620//5866 2963//5866
f 2964//5867 2621//5867 2965//5867
f 2620//5868 2621//5868 2964//5868
f 2965//5869 2622//5869 2966//5869
f 2621//5870 2622//5870 2965//5870
f 2966//5871 2623//5871 2967//5871
f 2622//5872 2623//5872 2966//5872
f 2967//5873 2624//5873 2968//5873
f 2623//5874 2624//5874 2967//5874
f 2968//5875 2592//5875 2938//5875
f 2624//5876 2592//5876 2968//5876
f 2592//5877 2591//5877 2937//5877
f 2592//5878 2937//5878 2938//5878
f 2937//5879 2591//5879 2935//5879
f 2591//5880 2590//5880 2935//5880
f 2935//5881 2589//5881 2933//5881
f 2590//5882 2589//5882 2935//5882
f 2933//5883 2588//5883 2931//5883
f 2589//5884 2588//5884 2933//5884
f 2931//5885 2586//5885 2929//5885
f 2588//5886 2586//5886 2931//5886
f 2929//5887 2585//5887 2927//5887
f 2586//5888 2585//5888 2929//5888
f 2927//5889 2587//5889 2925//5889
f 2585//5890 2587//5890 2927//5890
f 2925//5891 2584//5891 2924//5891
f 2587//5892 2584//5892 2925//5892
f 2924//5893 2583//5893 2921//5893
f 2584//5894 2583//5894 2924//5894
f 2583//5895 2582//5895 2921//5895
f 2921//5896 2582//5896 2919//5896
f 2582//5897 2581//5897 2919//5897
f 2919//5898 2581//5898 2917//5898
f 2917//5899 2581//5899 2916//5899
f 2581//5900 2580//5900 2916//5900
f 2580//5901 2579//5901 2916//5901
f 2916//5902 2579//5902 2913//5902
f 2579//5903 2578//5903 2913//5903
f 2913//5904 2578//5904 2911//5904
f 2578//5905 2577//5905 2911//5905
f 2911//5906 2577//5906 2909//5906
f 2577//5907 2576//5907 2909//5907
f 2909//5908 2576//5908 2908//5908
f 2576//5909 2575//5909 2908//5909
f 2908//5910 2575//5910 2907//5910
f 2575//5911 2574//5911 2907//5911
f 2907//5912 2574//5912 2905//5912
f 2574//5913 2573//5913 2905//5913
f 2905//5914 2573//5914 2910//5914
f 2573//5915 2572//5915 2910//5915
f 2910//5916 2572//5916 2912//5916
f 2572//5917 2571//5917 2912//5917
f 2912//5918 2571//5918 2914//5918
f 2914//5919 2571//5919 2915//5919
f 2571//5920 2570//5920 2915//5920
f 2570//5921 2569//5921 2915//5921
f 2915//5922 2569//5922 2918//5922
f 2918//5923 2568//5923 2920//5923
f 2569//5924 2568//5924 2918//5924
f 2920//5925 2567//5925 2922//5925
f 2568//5926 2567//5926 2920//5926
f 2922//5927 2566//5927 2923//5927
f 2923//5928 2566//5928 2926//5928
f 2567//5929 2566//5929 2922//5929
f 2566//5930 2565//5930 2926//5930
f 2926//5931 2564//5931 2928//5931
f 2565//5932 2564//5932 2926//5932
f 2928//5933 2563//5933 2930//5933
f 2930//5934 2563//5934 2932//5934
f 2564//5935 2563//5935 2928//5935
f 2563//5936 2562//5936 2932//5936
f 2932//5937 2561//5937 2934//5937
f 2562//5938 2561//5938 2932//5938
f 2934//5939 2560//5939 2936//5939
f 2561//5940 2560//5940 2934//5940
f 2936//5941 2559//5941 2904//5941
f 2560//5942 2559//5942 2936//5942
f 2975//5943 2973//5943 2974//5943
f 2975//5944 2972//5944 2973//5944
f 2975//5945 2976//5945 2972//5945
f 2976//5946 2977//5946 2972//5946
f 2978//5947 2906//5947 2979//5947
f 2939//5948 2906//5948 2978//5948
f 2975//5949 2939//5949 2976//5949
f 2976//5950 2939//5950 2978//5950
f 2906//5951 2972//5951 2979//5951
f 2979//5952 2972//5952 2977//5952
f 2980//5953 2978//5953 2981//5953
f 2976//5954 2978//5954 2980//5954
f 2977//5955 2980//5955 2982//5955
f 2977//5956 2976//5956 2980//5956
f 2979//5957 2977//5957 2982//5957
f 2979//5958 2982//5958 2983//5958
f 2978//5959 2979//5959 2981//5959
f 2981//5960 2979//5960 2983//5960
f 2981//5961 2983//5961 2980//5961
f 2980//5962 2983//5962 2982//5962
