# Created by FreeCAD <https://www.freecad.org>
v -16.763390 0.000000 9.577709
v -35.918808 0.000000 0.000000
v -22.752232 0.000000 5.583288
v -15.989516 0.000000 9.004390
v -16.624815 0.000000 9.643703
v -16.483282 0.000000 9.704549
v -16.339077 0.000000 9.760056
v -16.192507 0.000000 9.810058
v -16.043888 0.000000 9.854411
v -15.893546 0.000000 9.892996
v -15.741821 0.000000 9.925719
v -15.589056 0.000000 9.952514
v -15.435597 0.000000 9.973339
v -15.281795 0.000000 9.988181
v -15.127993 0.000000 9.997055
v -14.974534 0.000000 10.000000
v -15.989516 0.000000 8.964644
v -22.752232 -0.000000 -5.583288
v -16.763390 0.000000 -9.577709
v -15.918806 -0.000000 -9.000000
v -15.918806 0.000000 -9.000799
v -16.624815 0.000000 -9.643703
v -16.483282 0.000000 -9.704549
v -16.339077 0.000000 -9.760056
v -16.192507 0.000000 -9.810058
v -16.043888 0.000000 -9.854411
v -15.893546 0.000000 -9.892996
v -15.741821 0.000000 -9.925719
v -15.589056 0.000000 -9.952514
v -15.435597 0.000000 -9.973339
v -15.281795 0.000000 -9.988181
v -15.127993 0.000000 -9.997055
v -14.974534 0.000000 -10.000000
v 103.010483 0.000000 9.004390
v 102.179329 0.000000 9.997591
v 102.081192 -0.000000 10.000000
v 102.277229 0.000000 9.990370
v 102.374657 0.000000 9.978353
v 102.471375 0.000000 9.961571
v 102.567154 0.000000 9.940063
v 102.661766 0.000000 9.913880
v 102.754974 0.000000 9.883088
v 102.846558 0.000000 9.847759
v 102.936302 0.000000 9.807979
v 103.023987 0.000000 9.763843
v 103.109398 0.000000 9.715457
v 103.192337 0.000000 9.662939
v 103.272591 0.000000 9.606415
v 103.081192 0.000000 9.000000
v 103.349983 0.000000 9.546021
v 103.424309 0.000000 9.481902
v 103.495407 0.000000 9.414213
v 103.563095 0.000000 9.343118
v 103.627213 0.000000 9.268786
v 103.687607 0.000000 9.191399
v 103.744133 0.000000 9.111140
v 103.796654 0.000000 9.028206
v 103.845039 0.000000 8.942794
v 103.889175 0.000000 8.855110
v 103.928955 0.000000 8.765367
v 103.964279 0.000000 8.673779
v 103.995071 0.000000 8.580569
v 104.021255 0.000000 8.485960
v 104.042763 0.000000 8.390181
v 104.059547 0.000000 8.293461
v 104.071564 0.000000 8.196034
v 104.078781 0.000000 8.098135
v 104.081192 -0.000000 8.000000
v 104.081192 0.000000 5.500000
v 103.081192 0.000000 5.500000
v 104.081192 0.000000 -8.000000
v 104.081192 0.000000 -5.500000
v 103.081192 -0.000000 -5.500000
v 103.081192 -0.000000 -8.000799
v 102.179329 0.000000 -9.997591
v 103.081192 0.000000 -9.000799
v 102.081192 0.000000 -10.000000
v 104.078781 0.000000 -8.098135
v 102.277229 0.000000 -9.990370
v 104.071564 0.000000 -8.196034
v 102.374657 0.000000 -9.978353
v 104.059547 0.000000 -8.293461
v 102.471375 0.000000 -9.961571
v 104.042763 0.000000 -8.390181
v 102.567154 0.000000 -9.940063
v 104.021255 0.000000 -8.485960
v 102.661766 0.000000 -9.913880
v 103.995071 0.000000 -8.580569
v 102.754974 0.000000 -9.883088
v 103.964279 0.000000 -8.673779
v 103.081192 -0.000000 -9.000000
v 103.928955 0.000000 -8.765367
v 102.846558 0.000000 -9.847759
v 102.936302 0.000000 -9.807979
v 103.889175 0.000000 -8.855110
v 103.023987 0.000000 -9.763843
v 103.845039 0.000000 -8.942794
v 103.109398 0.000000 -9.715457
v 103.796654 0.000000 -9.028206
v 103.192337 0.000000 -9.662939
v 103.744133 0.000000 -9.111140
v 103.272591 0.000000 -9.606415
v 103.687607 0.000000 -9.191399
v 103.349983 0.000000 -9.546021
v 103.627213 0.000000 -9.268786
v 103.424309 0.000000 -9.481902
v 103.563095 0.000000 -9.343118
v 103.495407 0.000000 -9.414213
v 103.010483 0.000000 9.000000
v 102.081192 0.498459 -9.987569
v -14.974534 0.499844 -9.987500
v -14.974534 0.948726 -9.954896
v 102.081192 0.995678 -9.950308
v -14.974534 1.351135 -9.908304
v 102.081192 1.490423 -9.888309
v -14.974534 1.751347 -9.845448
v 102.081192 1.981461 -9.801724
v -14.974534 2.148699 -9.766431
v 102.081192 2.467574 -9.690773
v -14.974534 2.542532 -9.671381
v 102.081192 2.947552 -9.555728
v -14.974534 2.932196 -9.560454
v -14.974534 3.317047 -9.433835
v 102.081192 3.420202 -9.396926
v -14.974534 3.696453 -9.291730
v 102.081192 3.884348 -9.214762
v -14.974534 4.069788 -9.134376
v 102.081192 4.338838 -9.009688
v -14.974534 4.436439 -8.962029
v 102.081192 4.782540 -8.782216
v -14.974534 4.795803 -8.774976
v -14.974534 5.147291 -8.573524
v 102.081192 5.214352 -8.532908
v -14.974534 5.490326 -8.358004
v 102.081192 5.633201 -8.262387
v -14.974534 5.824345 -8.128770
v 102.081192 6.038044 -7.971325
v -14.974534 6.148801 -7.886199
v 102.081192 6.427876 -7.660444
v -14.974534 6.463162 -7.630691
v -14.974534 6.766913 -7.362664
v 102.081192 6.801727 -7.330519
v -14.974534 7.059556 -7.082558
v 102.081192 7.158669 -6.982368
v -14.974534 7.340612 -6.790833
v 102.081192 7.497812 -6.616858
v -14.974534 7.609620 -6.487968
v 102.081192 7.818315 -6.234898
v -14.974534 7.866138 -6.174459
v 102.081192 8.119380 -5.837437
v -14.974534 8.109748 -5.850820
v -14.974534 8.340049 -5.517581
v 102.081192 8.400259 -5.425463
v -14.974534 8.556664 -5.175292
v 102.081192 8.660254 -5.000000
v -14.974534 8.759237 -4.824510
v 102.081192 8.898718 -4.562107
v -14.974534 8.947438 -4.465812
v 102.081192 9.115059 -4.112871
v -14.974534 9.120957 -4.099787
v -14.974534 9.279510 -3.727035
v 102.081192 9.308738 -3.653410
v -14.974534 9.422836 -3.348167
v 102.081192 9.479274 -3.184866
v -14.974534 9.550702 -2.963804
v 12.050000 9.787620 -2.050000
v -14.974534 9.759234 -2.181126
v -2.050000 9.805939 -1.960504
v 2.050000 9.805939 -1.960504
v 16.150000 9.787620 -2.050000
v -14.974534 9.662896 -2.574578
v -14.974534 9.839560 -1.784094
v 102.081192 9.626243 -2.708405
v 84.456596 9.731906 -2.300000
v -14.974534 9.903740 -1.384135
v -2.050000 9.885540 -1.508675
v 95.456596 9.731906 -2.300000
v 102.081192 9.749279 -2.225209
v 84.456596 9.828142 -1.845973
v 16.150000 9.871343 -1.598936
v -2.050000 9.944334 -1.053670
v -14.974534 9.951671 -0.981904
v 102.081192 9.848078 -1.736482
v 95.456596 9.828142 -1.845973
v 84.456596 9.903209 -1.387971
v 16.150000 9.934289 -1.144507
v -2.050000 9.982197 -0.596448
v -14.974534 9.983272 -0.578061
v 102.081192 9.922392 -1.243437
v 95.456596 9.903209 -1.387971
v 84.456596 9.956943 -0.926978
v 16.150000 9.976328 -0.687669
v -14.974534 9.997306 0.231806
v -2.050000 9.999048 -0.137970
v -14.974534 9.998491 -0.173270
v 102.081192 9.972038 -0.747301
v 95.456596 9.956943 -0.926978
v 84.456596 9.989230 -0.463989
v 16.150000 9.997369 -0.229384
v -14.974534 9.979716 0.636502
v -2.050000 9.994853 0.320798
v 102.081192 9.996892 -0.249307
v 95.456596 9.989230 -0.463989
v 84.456596 10.000000 0.000000
v 16.150000 9.997369 0.229384
v -14.974534 9.945751 1.040152
v -2.050000 9.969621 0.778892
v 102.081192 9.996892 0.249307
v 95.456596 10.000000 0.000000
v 84.456596 9.989230 0.463989
v 16.150000 9.976328 0.687669
v -14.974534 9.895467 1.442096
v -2.050000 9.923403 1.235345
v 102.081192 9.972038 0.747301
v 95.456596 9.989230 0.463989
v 84.456596 9.956943 0.926978
v 16.150000 9.934289 1.144507
v -14.974534 9.828946 1.841673
v -2.050000 9.856297 1.689198
v 84.456596 9.903209 1.387971
v 16.150000 9.871343 1.598936
v 102.081192 9.922392 1.243437
v 95.456596 9.956943 0.926978
v -2.050000 9.768447 2.139496
v -14.974534 9.746298 2.238227
v 2.050000 9.768447 2.139496
v 16.150000 9.787620 2.050000
v 12.050000 9.787620 2.050000
v -14.974534 9.647656 2.631108
v 84.456596 9.828142 1.845973
v 102.081192 9.848078 1.736482
v 95.456596 9.903209 1.387971
v 84.456596 9.731906 2.300000
v 102.081192 9.749279 2.225209
v 95.456596 9.828142 1.845973
v 102.081192 9.626243 2.708405
v 95.456596 9.731906 2.300000
v -14.974534 9.533186 3.019670
v 102.081192 9.479274 3.184866
v -14.974534 9.403072 3.403278
v 102.081192 9.308738 3.653410
v -14.974534 9.257530 3.781300
v 102.081192 9.115059 4.112871
v -14.974534 9.096798 4.153118
v -14.974534 8.921139 4.518121
v 102.081192 8.898718 4.562107
v -14.974534 8.730841 4.875710
v 102.081192 8.660254 5.000000
v -14.974534 8.526217 5.225300
v 102.081192 8.400259 5.425463
v -14.974534 8.307601 5.566316
v 102.081192 8.119380 5.837437
v -14.974534 8.075353 5.898200
v 102.081192 7.818315 6.234898
v -14.974534 7.829853 6.220407
v -14.974534 7.571503 6.532410
v 102.081192 7.497812 6.616858
v -14.974534 7.300726 6.833695
v 102.081192 7.158669 6.982368
v -14.974534 7.017967 7.123770
v 102.081192 6.801727 7.330519
v -14.974534 6.723689 7.402158
v 102.081192 6.427876 7.660444
v -14.974534 6.418373 7.668403
v -14.974534 6.102520 7.922067
v 102.081192 6.038044 7.971325
v -14.974534 5.776649 8.162734
v 102.081192 5.633201 8.262387
v -14.974534 5.441292 8.390008
v 102.081192 5.214352 8.532908
v -14.974534 5.097001 8.603517
v 102.081192 4.782540 8.782216
v -14.974534 4.744338 8.802908
v -14.974534 4.383884 8.987854
v 102.081192 4.338838 9.009688
v -14.974534 4.016230 9.158051
v 102.081192 3.884348 9.214762
v -14.974534 3.641979 9.313216
v 102.081192 3.420202 9.396926
v -14.974534 3.261748 9.453097
v 102.081192 2.947552 9.555728
v -14.974534 2.876161 9.577461
v 102.081192 2.467574 9.690773
v -14.974534 2.485855 9.686103
v -14.974534 2.091473 9.778845
v 102.081192 1.981461 9.801724
v -14.974534 1.693667 9.855535
v 102.081192 1.490423 9.888309
v -14.974534 1.293096 9.916045
v 102.081192 0.995678 9.950308
v -14.974534 0.890425 9.960279
v 102.081192 0.498459 9.987569
v -14.974534 0.486325 9.988168
v -14.974534 0.243225 9.997042
v 12.050000 9.871343 -1.598936
v 12.050000 9.934289 -1.144507
v 2.050000 9.885540 -1.508675
v 12.050000 9.976328 -0.687669
v 2.050000 9.944334 -1.053670
v 12.050000 9.997369 -0.229384
v 2.050000 9.982197 -0.596448
v 12.050000 9.997369 0.229384
v 2.050000 9.999048 -0.137970
v 12.050000 9.976328 0.687669
v 2.050000 9.994853 0.320798
v 12.050000 9.934289 1.144507
v 2.050000 9.969621 0.778892
v 12.050000 9.871343 1.598936
v 2.050000 9.923403 1.235345
v 2.050000 9.856297 1.689198
v 104.081192 0.398767 7.990056
v 102.179329 0.498339 -9.985163
v 102.277229 0.497979 -9.977951
v 102.374657 0.497380 -9.965949
v 102.471375 0.496543 -9.949187
v 102.567154 0.495471 -9.927706
v 102.179329 0.995439 -9.947910
v 102.661766 0.494166 -9.901557
v 102.277229 0.994720 -9.940725
v 102.754974 0.492631 -9.870803
v 102.374657 0.993523 -9.928768
v 102.846558 0.490870 -9.835518
v 102.471375 0.991852 -9.912069
v 102.936302 0.488887 -9.795787
v 102.567154 0.989711 -9.890668
v 103.023987 0.486687 -9.751705
v 102.179329 1.490064 -9.885926
v 102.661766 0.987104 -9.864616
v 103.109398 0.484276 -9.703381
v 102.277229 1.488987 -9.878785
v 102.754974 0.984038 -9.833977
v 103.192337 0.481658 -9.650928
v 102.374657 1.487196 -9.866903
v 102.846558 0.980520 -9.798823
v 103.272591 0.478840 -9.594474
v 102.471375 1.484695 -9.850308
v 102.936302 0.976559 -9.759240
v 103.349983 0.475830 -9.534155
v 102.567154 1.481489 -9.829041
v 103.023987 0.972165 -9.715323
v 102.179329 1.980984 -9.799363
v 103.424309 0.472634 -9.470116
v 102.661766 1.477587 -9.803151
v 103.109398 0.967347 -9.667179
v 102.277229 1.979553 -9.792285
v 103.495407 0.469260 -9.402511
v 102.754974 1.472998 -9.772702
v 103.192337 0.962118 -9.614922
v 102.374657 1.977172 -9.780507
v 103.563095 0.465716 -9.331504
v 102.846558 1.467732 -9.737768
v 103.272591 0.956490 -9.558679
v 102.471375 1.973847 -9.764057
v 103.627213 0.462011 -9.257265
v 102.936302 1.461803 -9.698432
v 103.349983 0.950477 -9.498585
v 102.567154 1.969585 -9.742976
v 103.687607 0.458153 -9.179973
v 103.023987 1.455225 -9.654788
v 102.179329 2.466980 -9.688438
v 103.424309 0.944093 -9.434785
v 102.661766 1.964397 -9.717313
v 103.744133 0.454153 -9.099814
v 103.109398 1.448014 -9.606943
v 102.277229 2.465198 -9.681440
v 103.495407 0.937353 -9.367433
v 102.754974 1.958296 -9.687131
v 103.796654 0.450019 -9.016983
v 103.192337 1.440186 -9.555012
v 102.374657 2.462232 -9.669795
v 103.563095 0.930274 -9.296690
v 102.846558 1.951295 -9.652502
v 103.845039 0.445761 -8.931677
v 103.272591 1.431762 -9.499120
v 102.471375 2.458091 -9.653532
v 103.627213 0.922873 -9.222728
v 102.936302 1.943413 -9.613511
v 103.889175 0.441391 -8.844103
v 103.349983 1.422761 -9.439400
v 102.567154 2.452784 -9.632689
v 103.687607 0.915168 -9.145724
v 103.023987 1.934668 -9.570250
v 103.928955 0.436917 -8.754471
v 102.179329 2.946842 -9.553426
v 103.424309 1.413204 -9.375998
v 102.661766 2.446323 -9.607317
v 103.744133 0.907177 -9.065866
v 103.109398 1.925080 -9.522824
v 103.964279 0.432352 -8.662997
v 102.277229 2.944713 -9.546525
v 103.495407 1.403116 -9.309065
v 102.754974 2.438725 -9.577477
v 103.796654 0.898919 -8.983342
v 103.192337 1.914674 -9.471347
v 103.995071 0.427706 -8.569903
v 102.374657 2.941171 -9.535043
v 103.563095 1.392519 -9.238763
v 102.846558 2.430007 -9.543240
v 103.845039 0.890415 -8.898355
v 103.272591 1.903474 -9.415944
v 104.021255 0.422990 -8.475411
v 102.471375 2.936224 -9.519006
v 103.627213 1.381441 -9.165262
v 102.936302 2.420191 -9.504689
v 103.889175 0.881684 -8.811107
v 103.349983 1.891507 -9.356747
v 104.042763 0.418216 -8.379751
v 102.567154 2.929885 -9.498453
v 103.687607 1.369907 -9.088738
v 103.023987 2.409300 -9.461918
v 103.928955 0.872749 -8.721809
v 102.179329 3.419378 -9.394663
v 103.424309 1.878802 -9.293900
v 104.059547 0.413395 -8.283152
v 102.661766 2.922168 -9.473434
v 103.744133 1.357945 -9.009377
v 103.109398 2.397361 -9.415029
v 103.964279 0.863630 -8.630678
v 102.277229 3.416908 -9.387877
v 103.495407 1.865390 -9.227553
v 104.071564 0.408539 -8.185846
v 102.754974 2.913091 -9.444010
v 103.796654 1.345584 -8.927368
v 103.192337 2.384402 -9.364135
v 103.995071 0.854349 -8.537930
v 102.374657 3.412798 -9.376585
v 103.563095 1.851303 -9.157867
v 104.078781 0.403659 -8.088069
v 104.081192 0.398767 -7.990056
v 102.846558 2.902678 -9.410251
v 103.845039 1.332854 -8.842910
v 103.272591 2.370454 -9.309359
v 104.021255 0.844929 -8.443791
v 102.471375 3.407058 -9.360814
v 103.627213 1.836574 -9.085010
v 102.936302 2.890952 -9.372237
v 103.889175 1.319786 -8.756206
v 103.349983 2.355551 -9.250832
v 104.042763 0.835392 -8.348488
v 102.567154 3.399702 -9.340604
v 103.687607 1.821240 -9.009156
v 103.023987 2.877943 -9.330063
v 103.928955 1.306410 -8.667465
v 102.179329 3.883412 -9.212543
v 103.424309 2.339730 -9.188696
v 104.059547 0.825762 -8.252249
v 102.661766 3.390747 -9.316001
v 103.744133 1.805337 -8.930490
v 103.109398 2.863681 -9.283827
v 103.964279 1.292760 -8.576900
v 102.277229 3.880607 -9.205888
v 103.495407 2.323027 -9.123100
v 104.071564 0.816061 -8.155307
v 102.754974 3.380215 -9.287065
v 103.796654 1.788904 -8.849198
v 103.192337 2.848201 -9.233642
v 103.995071 1.278867 -8.484732
v 102.374657 3.875940 -9.194815
v 103.563095 2.305484 -9.054203
v 104.078781 0.806314 -8.057894
v 104.081192 0.796543 -7.960246
v 102.846558 3.368132 -9.253866
v 103.845039 1.771980 -8.765480
v 103.272591 2.831541 -9.179629
v 104.021255 1.264767 -8.391179
v 102.471375 3.869421 -9.179350
v 103.627213 2.287142 -8.982170
v 102.936302 3.354526 -9.216485
v 103.889175 1.754606 -8.679535
v 103.349983 2.813739 -9.121918
v 104.042763 1.250491 -8.296470
v 102.567154 3.861066 -9.159532
v 103.687607 2.268046 -8.907176
v 103.023987 3.339431 -9.175011
v 103.928955 1.736824 -8.591572
v 102.179329 4.337792 -9.007518
v 103.424309 2.794840 -9.060648
v 104.059547 1.236076 -8.200830
v 102.661766 3.850896 -9.135406
v 103.744133 2.248241 -8.829399
v 103.109398 3.322882 -9.129543
v 103.964279 1.718676 -8.501801
v 102.277229 4.334659 -9.001012
v 103.495407 2.774888 -8.995967
v 104.071564 1.221555 -8.104491
v 102.754974 3.838935 -9.107031
v 103.796654 2.227777 -8.749029
v 103.192337 3.304920 -9.080193
v 103.995071 1.700207 -8.410438
v 102.374657 4.329445 -8.990186
v 103.563095 2.753932 -8.928029
v 104.078781 1.206964 -8.007686
v 104.081192 1.192338 -7.910646
v 102.846558 3.825212 -9.074475
v 103.845039 2.206701 -8.666258
v 103.272591 3.285588 -9.027078
v 104.021255 1.681460 -8.317705
v 102.471375 4.322164 -8.975065
v 103.627213 2.732023 -8.857000
v 102.936302 3.809760 -9.037819
v 103.889175 2.185064 -8.581286
v 103.349983 3.264931 -8.970325
v 104.042763 1.662482 -8.223825
v 102.567154 4.312831 -8.955687
v 103.687607 2.709212 -8.783051
v 103.023987 3.792616 -8.997149
v 103.928955 2.162919 -8.494318
v 102.179329 4.781388 -8.780100
v 103.424309 3.243001 -8.910073
v 104.059547 1.643317 -8.129023
v 102.661766 4.301472 -8.932097
v 103.744133 2.685556 -8.706358
v 103.109398 3.773822 -8.952562
v 103.964279 2.140319 -8.405563
v 102.277229 4.777934 -8.773758
v 103.495407 3.219851 -8.846467
v 104.071564 1.624013 -8.033527
v 102.754974 4.288111 -8.904355
v 103.796654 2.661110 -8.627108
v 103.192337 3.753422 -8.904169
v 103.995071 2.117319 -8.315235
v 102.374657 4.772187 -8.763205
v 103.563095 3.195534 -8.779659
v 104.078781 1.604614 -7.937570
v 104.081192 1.585169 -7.841380
v 102.846558 4.272782 -8.872524
v 103.845039 2.635935 -8.545490
v 103.272591 3.731466 -8.852083
v 104.021255 2.093973 -8.223552
v 102.471375 4.764161 -8.748466
v 103.627213 3.170112 -8.709810
v 102.936302 4.255522 -8.836683
v 103.889175 2.610090 -8.461702
v 103.349983 3.708007 -8.796432
v 104.042763 2.070339 -8.130733
v 102.567154 4.753874 -8.729577
v 103.687607 3.143643 -8.637090
v 103.023987 4.236372 -8.796918
v 103.928955 2.583637 -8.375946
v 102.179329 5.213096 -8.530853
v 103.424309 3.683101 -8.737348
v 104.059547 2.046473 -8.037004
v 102.661766 4.741353 -8.706584
v 103.744133 3.116194 -8.561671
v 103.109398 4.215379 -8.753325
v 103.964279 2.556641 -8.288428
v 102.277229 5.209331 -8.524692
v 103.495407 3.656808 -8.674973
v 104.071564 2.022432 -7.942591
v 102.754974 4.726626 -8.679542
v 103.796654 3.087828 -8.483738
v 103.192337 4.192592 -8.706007
v 103.995071 2.529167 -8.199359
v 102.374657 5.203064 -8.514438
v 103.563095 3.629192 -8.609461
v 104.078781 1.998275 -7.847719
v 104.081192 1.974059 -7.752618
v 102.846558 4.709730 -8.648515
v 103.845039 3.058615 -8.403477
v 103.272591 4.168067 -8.655081
v 104.021255 2.501281 -8.108953
v 102.471375 5.194314 -8.500117
v 103.627213 3.600319 -8.540966
v 102.936302 4.690705 -8.613579
v 103.889175 3.028626 -8.321082
v 103.349983 4.141863 -8.600668
v 104.042763 2.473049 -8.017428
v 102.567154 5.183098 -8.481765
v 103.687607 3.570259 -8.469655
v 103.023987 4.669597 -8.574817
v 103.928955 2.997932 -8.236751
v 102.179329 5.631844 -8.260397
v 103.424309 4.114043 -8.542899
v 104.059547 2.444541 -7.925006
v 102.661766 5.169446 -8.459424
v 103.744133 3.539084 -8.395700
v 103.109398 4.646456 -8.532324
v 103.964279 2.966607 -8.150687
v 102.277229 5.627776 -8.254431
v 103.495407 4.084674 -8.481914
v 104.071564 2.415823 -7.831907
v 102.754974 5.153390 -8.433149
v 103.796654 3.506869 -8.319277
v 103.192337 4.621339 -8.486201
v 103.995071 2.934728 -8.063098
v 102.374657 5.621006 -8.244502
v 103.563095 4.053827 -8.417858
v 104.078781 2.386967 -7.738358
v 104.081192 2.358041 -7.644582
v 102.846558 5.134968 -8.403003
v 103.845039 3.473692 -8.240571
v 103.272591 4.594306 -8.436561
v 104.021255 2.902369 -7.974195
v 102.471375 5.611553 -8.230636
v 103.627213 4.021576 -8.350888
v 102.936302 5.114225 -8.369059
v 103.889175 3.439633 -8.159774
v 103.349983 4.565423 -8.383521
v 104.042763 2.869611 -7.884191
v 102.567154 5.599437 -8.212865
v 103.687607 3.987998 -8.281164
v 103.023987 5.091211 -8.331398
v 103.928955 3.404773 -8.077077
v 102.179329 6.036590 -7.969405
v 103.424309 4.534758 -8.327211
v 104.059547 2.836531 -7.793304
v 102.661766 5.584688 -8.191233
v 103.744133 3.953176 -8.208854
v 103.109398 5.065981 -8.290111
v 103.964279 3.369198 -7.992682
v 102.277229 6.032229 -7.963648
v 103.495407 4.502385 -8.267765
v 104.071564 2.803209 -7.701753
v 102.754974 5.567342 -8.165791
v 103.796654 3.917192 -8.134132
v 103.192337 5.038597 -8.245298
v 103.995071 3.332992 -7.906791
v 102.374657 6.024973 -7.954070
v 103.563095 4.468383 -8.205328
v 104.078781 2.769725 -7.609758
v 104.081192 2.736161 -7.517541
v 104.081192 3.107478 -7.371809
v 102.846558 5.547440 -8.136600
v 103.845039 3.880133 -8.057178
v 103.272591 5.009123 -8.197066
v 104.021255 3.296242 -7.819611
v 102.471375 6.014840 -7.940692
v 103.627213 4.432834 -8.140048
v 102.936302 5.525031 -8.103732
v 103.889175 3.842088 -7.978179
v 103.349983 4.977632 -8.145533
v 104.042763 3.259038 -7.731352
v 102.567154 6.001853 -7.923547
v 103.687607 4.395823 -8.072084
v 103.023987 5.500168 -8.067266
v 103.928955 3.803150 -7.897323
v 102.179329 6.426328 -7.658599
v 103.424309 4.944198 -8.090820
v 104.059547 3.221469 -7.642227
v 102.661766 5.986045 -7.902677
v 103.744133 4.357439 -8.001600
v 103.109398 5.472912 -8.027287
v 103.964279 3.763412 -7.814806
v 102.277229 6.421686 -7.653067
v 103.495407 4.908902 -8.033063
v 104.071564 3.183625 -7.552451
v 102.754974 5.967452 -7.878131
v 103.796654 4.317775 -7.928765
v 103.192337 5.443327 -7.983895
v 103.995071 3.722970 -7.730826
v 102.374657 6.413962 -7.643862
v 103.563095 4.871830 -7.972397
v 104.078781 3.145597 -7.462239
v 102.846558 5.946120 -7.849969
v 103.845039 4.276927 -7.853754
v 103.272591 5.411486 -7.937192
v 104.021255 3.681920 -7.645586
v 102.471375 6.403174 -7.631006
v 103.627213 4.833072 -7.908971
v 102.936302 5.922101 -7.818259
v 103.889175 4.234992 -7.776749
v 103.349983 5.377465 -7.887292
v 104.042763 3.640363 -7.559291
v 102.567154 6.389349 -7.614530
v 103.687607 4.792719 -7.842937
v 103.023987 5.895451 -7.783076
v 103.928955 4.192071 -7.697934
v 102.179329 6.800089 -7.328753
v 103.424309 5.341346 -7.834315
v 104.059547 3.598398 -7.472150
v 102.661766 6.372519 -7.594473
v 103.744133 4.750869 -7.774453
v 103.109398 5.866236 -7.744507
v 103.964279 4.148270 -7.617500
v 102.277229 6.795177 -7.323459
v 103.495407 5.303216 -7.778389
v 104.071564 3.556126 -7.384372
v 102.754974 6.352726 -7.570885
v 103.796654 4.707624 -7.703685
v 103.192337 5.834525 -7.702643
v 103.995071 4.103692 -7.535641
v 102.374657 6.787004 -7.314651
v 103.563095 5.263166 -7.719646
v 104.078781 3.513649 -7.296168
v 104.081192 3.471070 -7.207751
v 102.846558 6.330018 -7.543821
v 103.845039 4.663087 -7.630804
v 103.272591 5.800396 -7.657586
v 104.021255 4.058444 -7.452553
v 102.471375 6.775589 -7.302348
v 103.627213 5.221293 -7.658231
v 102.936302 6.304447 -7.513348
v 103.889175 4.617366 -7.555985
v 103.349983 5.763929 -7.609444
v 104.042763 4.012637 -7.368438
v 102.567154 6.760960 -7.286582
v 103.687607 5.177699 -7.594290
v 103.023987 6.276077 -7.479537
v 103.928955 4.570571 -7.479408
v 102.179329 7.156944 -6.980686
v 103.424309 5.725214 -7.558332
v 104.059547 3.966381 -7.283496
v 102.661766 6.743151 -7.267389
v 103.744133 5.132488 -7.527977
v 103.109398 6.244976 -7.442472
v 103.964279 4.522814 -7.401257
v 102.277229 7.151774 -6.975644
v 103.495407 5.684344 -7.504375
v 104.071564 3.919786 -7.197934
v 102.754974 6.722207 -7.244816
v 103.796654 5.085769 -7.459454
v 103.192337 6.211217 -7.402241
v 103.995071 4.474211 -7.321722
v 102.374657 7.143172 -6.967254
v 103.563095 5.641416 -7.447703
v 104.078781 3.872965 -7.111957
v 104.081192 3.826032 -7.025773
v 102.846558 6.698177 -7.218918
v 103.845039 5.037655 -7.388883
v 103.272591 6.174885 -7.358941
v 104.021255 4.424879 -7.240993
v 102.471375 7.131158 -6.955535
v 103.627213 5.596534 -7.388451
v 102.936302 6.671120 -7.189757
v 103.889175 4.988261 -7.316435
v 103.349983 6.136064 -7.312676
v 104.042763 4.374936 -7.159265
v 102.567154 7.115761 -6.940517
v 103.687607 5.549807 -7.326763
v 103.023987 6.641099 -7.157403
v 103.928955 4.937707 -7.242286
v 102.179329 7.496006 -6.615264
v 103.424309 6.094849 -7.263558
v 104.059547 4.324502 -7.076735
v 102.661766 7.097019 -6.922236
v 103.744133 5.501347 -7.262786
v 103.109398 6.608189 -7.121934
v 103.964279 4.886114 -7.166613
v 102.277229 7.490591 -6.610486
v 103.495407 6.051340 -7.211706
v 104.071564 4.273701 -6.993601
v 102.754974 7.074975 -6.900736
v 103.796654 5.451270 -7.196676
v 103.192337 6.572468 -7.083436
v 103.995071 4.833607 -7.089599
v 102.374657 7.481582 -6.602535
v 103.563095 6.005641 -7.157244
v 104.078781 4.222653 -6.910065
v 104.081192 4.171482 -6.826327
v 102.846558 7.049684 -6.876068
v 103.845039 5.399698 -7.128592
v 103.272591 6.534022 -7.042001
v 104.021255 4.780312 -7.011429
v 102.471375 7.468998 -6.591430
v 103.627213 5.957861 -7.100302
v 102.936302 7.021207 -6.848292
v 103.889175 5.346755 -7.058696
v 103.349983 6.492943 -6.997728
v 104.042763 4.726357 -6.932292
v 102.567154 7.452872 -6.577199
v 103.687607 5.908117 -7.041020
v 103.023987 6.989611 -6.817474
v 103.928955 5.292567 -6.987159
v 102.179329 7.816432 -6.233396
v 103.424309 6.449331 -6.950726
v 104.059547 4.671873 -6.852379
v 102.661766 7.433241 -6.559875
v 103.744133 5.856528 -6.979538
v 103.109398 6.954974 -6.783690
v 103.964279 5.237267 -6.914152
v 102.277229 7.810785 -6.228893
v 103.495407 6.403291 -6.901107
v 104.071564 4.616991 -6.771881
v 102.754974 7.410154 -6.539499
v 103.796654 5.803219 -6.916007
v 103.192337 6.917378 -6.747020
v 103.995071 5.180985 -6.839851
v 102.374657 7.801391 -6.221401
v 103.563095 6.354934 -6.848990
v 104.078781 4.561842 -6.690993
v 104.081192 4.506560 -6.609910
v 102.846558 7.383665 -6.516123
v 103.845039 5.748317 -6.850577
v 103.272591 6.876914 -6.707553
v 104.021255 5.123860 -6.764435
v 102.471375 7.788270 -6.210938
v 103.627213 6.304376 -6.794501
v 102.936302 7.353838 -6.489800
v 103.889175 5.691955 -6.783408
v 103.349983 6.833680 -6.665383
v 104.042763 5.066028 -6.688086
v 102.567154 7.771454 -6.197527
v 103.687607 6.251739 -6.737772
v 103.023987 7.320745 -6.460596
v 103.928955 5.634269 -6.714661
v 102.179329 8.117424 -5.836030
v 103.424309 6.787779 -6.620613
v 104.059547 5.007628 -6.610987
v 102.661766 7.750984 -6.181203
v 103.744133 6.197149 -6.678938
v 103.109398 7.284467 -6.428580
v 103.964279 5.575398 -6.644501
v 102.277229 8.111561 -5.831815
v 103.495407 6.739324 -6.573350
v 104.071564 4.948802 -6.533325
v 102.754974 7.726910 -6.162004
v 103.796654 6.140739 -6.618143
v 103.192337 7.245090 -6.393830
v 103.995071 5.515484 -6.573098
v 102.374657 8.101804 -5.824800
v 103.563095 6.688428 -6.523709
v 104.078781 4.889690 -6.455287
v 104.081192 4.830435 -6.377060
v 102.846558 7.699288 -6.139977
v 103.845039 6.082644 -6.555532
v 103.272591 7.202710 -6.356429
v 104.021255 5.454670 -6.500623
v 102.471375 8.088178 -5.815004
v 103.627213 6.635217 -6.471808
v 102.936302 7.668187 -6.115175
v 103.889175 6.023005 -6.491255
v 103.349983 7.157427 -6.316467
v 104.042763 5.393104 -6.427251
v 102.567154 8.070715 -5.802449
v 103.687607 6.579818 -6.417773
v 103.023987 7.633679 -6.087656
v 103.928955 5.961964 -6.425468
v 102.179329 8.398235 -5.424156
v 103.424309 7.109352 -6.274040
v 104.059547 5.330934 -6.353160
v 102.661766 8.049457 -5.787165
v 103.744133 6.522363 -6.361734
v 103.109398 7.595850 -6.057488
v 103.964279 5.899669 -6.358330
v 102.277229 8.392169 -5.420238
v 103.495407 7.058600 -6.229252
v 104.071564 5.268309 -6.278526
v 102.754974 8.024455 -5.769190
v 103.796654 6.462993 -6.303825
v 103.192337 7.554790 -6.024744
v 103.995071 5.836269 -6.290002
v 102.374657 8.382075 -5.413718
v 103.563095 7.005294 -6.182209
v 104.078781 5.205381 -6.203532
v 104.081192 5.142301 -6.128356
v 102.846558 7.995770 -5.748567
v 103.845039 6.401849 -6.244188
v 103.272591 7.510598 -5.989502
v 104.021255 5.771919 -6.220649
v 102.471375 8.367977 -5.404613
v 103.627213 6.949562 -6.133025
v 102.936302 7.963470 -5.725346
v 103.889175 6.339080 -6.182964
v 103.349983 7.463380 -5.951847
v 104.042763 5.706772 -6.150438
v 102.567154 8.349910 -5.392944
v 103.687607 6.891538 -6.081818
v 103.023987 7.927635 -5.699581
v 103.928955 6.274836 -6.120302
v 102.179329 8.658168 -4.998796
v 103.424309 7.413249 -5.911870
v 104.059547 5.640986 -6.079537
v 102.661766 8.327917 -5.378739
v 103.744133 6.831362 -6.028713
v 103.109398 7.888349 -5.671337
v 103.964279 6.209271 -6.056352
v 102.277229 8.651914 -4.995185
v 103.495407 7.360329 -5.869666
v 104.071564 5.574719 -6.008118
v 102.754974 8.302051 -5.362032
v 103.796654 6.769179 -5.973836
v 103.192337 7.845707 -5.640680
v 103.995071 6.142545 -5.991270
v 102.374657 8.641507 -4.989176
v 103.563095 7.304744 -5.825339
v 104.078781 5.508131 -5.936353
v 104.081192 5.441382 -5.864415
v 102.846558 8.272373 -5.342865
v 103.845039 6.705139 -5.917320
v 103.272591 7.799813 -5.607684
v 104.021255 6.074818 -5.925210
v 102.471375 8.626973 -4.980785
v 103.627213 7.246629 -5.778994
v 102.936302 8.238956 -5.321282
v 103.889175 6.639395 -5.859301
v 103.349983 7.750777 -5.572429
v 104.042763 6.006252 -5.858333
v 102.567154 8.608347 -4.970031
v 103.687607 7.186125 -5.730743
v 103.023987 8.201880 -5.297336
v 103.928955 6.572107 -5.799919
v 102.179329 8.896574 -4.561007
v 103.424309 7.698717 -5.535000
v 104.059547 5.937014 -5.790800
v 102.661766 8.585672 -4.956940
v 103.744133 7.123376 -5.680703
v 103.109398 8.161236 -5.271085
v 103.964279 6.503437 -5.739317
v 102.277229 8.890148 -4.557713
v 103.495407 7.643758 -5.495488
v 104.071564 5.867269 -5.722773
v 102.754974 8.559006 -4.941544
v 103.796654 7.058535 -5.628994
v 103.192337 8.117120 -5.242591
v 103.995071 6.433549 -5.677641
v 102.374657 8.879455 -4.552231
v 103.563095 7.586032 -5.453986
v 104.078781 5.797187 -5.654416
v 104.081192 5.726935 -5.585895
v 102.846558 8.528410 -4.923880
v 103.845039 6.991757 -5.575740
v 103.272591 8.069637 -5.211925
v 104.021255 6.362614 -5.615040
v 102.471375 8.864521 -4.544575
v 103.627213 7.525680 -5.410595
v 102.936302 8.493958 -4.903989
v 103.889175 6.923204 -5.521071
v 103.349983 8.018905 -5.179158
v 104.042763 6.290800 -5.551664
v 102.567154 8.845382 -4.534762
v 103.687607 7.462846 -5.365421
v 103.023987 8.455735 -4.881921
v 103.928955 6.853040 -5.465117
v 102.179329 9.112863 -4.111880
v 103.424309 7.965044 -5.144371
v 104.059547 6.218281 -5.487666
v 102.661766 8.822083 -4.522818
v 103.744133 7.397681 -5.318571
v 103.109398 8.413833 -4.857728
v 103.964279 6.781434 -5.408013
v 102.277229 9.106280 -4.108910
v 103.495407 7.908184 -5.107646
v 104.071564 6.145233 -5.423200
v 102.754974 8.794682 -4.508770
v 103.796654 7.330343 -5.270158
v 103.192337 8.368351 -4.831470
v 103.995071 6.708559 -5.349897
v 102.374657 9.095327 -4.103968
v 103.563095 7.848461 -5.069074
v 104.078781 6.071830 -5.358421
v 104.081192 5.998250 -5.293487
v 102.846558 8.763243 -4.492652
v 103.845039 7.260994 -5.220299
v 103.272591 8.319400 -4.803207
v 104.021255 6.634591 -5.290910
v 102.471375 9.080029 -4.097065
v 103.627213 7.786021 -5.028746
v 102.936302 8.727843 -4.474504
v 103.889175 7.189801 -5.169115
v 103.349983 8.267097 -4.773010
v 104.042763 6.559707 -5.231192
v 102.567154 9.060425 -4.088220
v 103.687607 7.721013 -4.986759
v 103.023987 8.688568 -4.454369
v 103.928955 7.116934 -5.116727
v 102.179329 9.306495 -3.652530
v 103.424309 8.211568 -4.740951
v 104.059547 6.484089 -5.170888
v 102.661766 9.036560 -4.077451
v 103.744133 7.653594 -4.943215
v 103.109398 8.645512 -4.432295
v 103.964279 7.042572 -5.063264
v 102.277229 9.299772 -3.649892
v 103.495407 8.152948 -4.707107
v 104.071564 6.407917 -5.110144
v 102.754974 9.008492 -4.064787
v 103.796654 7.583927 -4.898219
v 103.192337 8.598777 -4.408336
v 103.995071 6.966890 -5.008853
v 102.374657 9.288587 -3.645502
v 103.563095 8.091377 -4.671559
v 104.078781 6.331377 -5.049105
v 104.081192 6.254652 -4.987918
v 104.081192 6.495504 -4.669950
v 102.846558 8.976290 -4.050256
v 103.845039 7.512178 -4.851879
v 103.272591 8.548478 -4.382549
v 104.021255 6.890074 -4.953626
v 102.471375 9.272964 -3.639370
v 103.627213 8.027004 -4.634393
v 102.936302 8.940030 -4.033895
v 103.889175 7.438522 -4.804307
v 103.349983 8.494735 -4.354997
v 104.042763 6.812306 -4.897715
v 102.567154 9.252943 -3.631513
v 103.687607 7.959985 -4.595699
v 103.023987 8.899799 -4.015742
v 103.928955 7.363135 -4.755617
v 102.179329 9.476990 -3.184099
v 103.424309 8.437677 -4.325745
v 104.059547 6.733776 -4.841255
v 102.661766 9.228571 -3.621947
v 103.744133 7.890479 -4.555570
v 103.109398 8.855696 -3.995842
v 103.964279 7.286200 -4.705927
v 102.277229 9.470144 -3.181799
v 103.495407 8.377443 -4.294865
v 104.071564 6.654672 -4.784383
v 102.754974 9.199907 -3.610698
v 103.796654 7.818655 -4.514103
v 103.192337 8.807826 -3.974242
v 103.995071 7.207901 -4.655356
v 102.374657 9.458754 -3.177972
v 103.563095 8.314178 -4.262430
v 104.078781 6.575184 -4.727235
v 102.846558 9.167021 -3.597790
v 103.845039 7.744686 -4.471397
v 103.272591 8.756304 -3.950995
v 104.021255 7.128427 -4.604026
v 102.471375 9.442845 -3.172627
v 103.627213 8.248032 -4.228519
v 102.936302 9.129990 -3.583257
v 103.889175 7.668750 -4.427555
v 103.349983 8.701254 -3.926155
v 104.042763 7.047969 -4.552061
v 102.567154 9.422457 -3.165777
v 103.687607 8.179167 -4.193214
v 103.023987 9.088904 -3.567132
v 103.928955 7.591031 -4.382683
v 102.179329 9.623923 -2.707752
v 103.424309 8.642810 -3.899784
v 104.059547 6.966722 -4.499586
v 102.661766 9.397638 -3.157439
v 103.744133 8.107747 -4.156600
v 103.109398 9.043864 -3.549455
v 103.964279 7.511714 -4.336890
v 102.277229 9.616972 -2.705796
v 103.495407 8.581111 -3.871945
v 104.071564 6.884881 -4.446728
v 102.754974 9.368449 -3.147632
v 103.796654 8.033945 -4.118763
v 103.192337 8.994976 -3.530268
v 103.995071 7.430991 -4.290285
v 102.374657 9.605405 -2.702542
v 103.563095 8.516307 -3.842704
v 104.078781 6.802644 -4.393613
v 104.081192 6.720207 -4.340370
v 104.081192 6.928203 -4.000000
v 102.846558 9.334960 -3.136380
v 103.845039 7.957940 -4.079798
v 103.272591 8.942360 -3.509618
v 104.021255 7.349057 -4.242980
v 102.471375 9.589250 -2.697996
v 103.627213 8.448553 -3.812132
v 102.936302 9.297251 -3.123710
v 103.889175 7.879913 -4.039796
v 103.349983 8.886140 -3.487553
v 104.042763 7.266109 -4.195090
v 102.567154 9.568545 -2.692171
v 103.687607 8.378014 -3.780304
v 103.023987 9.255413 -3.109653
v 103.928955 7.800053 -3.998854
v 102.179329 9.746930 -2.224673
v 103.424309 8.826454 -3.464128
v 104.059547 7.182348 -4.146730
v 102.661766 9.543342 -2.685080
v 103.744133 8.304858 -3.747295
v 103.109398 9.209548 -3.094244
v 103.964279 7.718552 -3.957071
v 102.277229 9.739890 -2.223066
v 103.495407 8.763444 -3.439399
v 104.071564 7.097974 -4.098017
v 102.754974 9.513700 -2.676740
v 103.796654 8.229262 -3.713185
v 103.192337 9.159764 -3.077517
v 103.995071 7.635607 -3.914547
v 102.374657 9.728175 -2.220392
v 103.563095 8.697263 -3.413424
v 104.078781 7.013191 -4.049067
v 102.846558 9.479692 -2.667172
v 103.845039 8.151408 -3.678056
v 103.272591 9.106184 -3.059515
v 104.021255 7.551417 -3.871386
v 102.471375 9.711813 -2.216658
v 103.627213 8.628070 -3.386268
v 102.936302 9.441398 -2.656398
v 103.889175 8.071485 -3.641993
v 103.349983 9.048934 -3.040280
v 104.042763 7.466185 -3.827690
v 102.567154 9.690845 -2.211872
v 103.687607 8.556031 -3.357995
v 103.023987 9.398911 -2.644444
v 103.928955 7.989683 -3.605082
v 102.179329 9.845705 -1.736063
v 103.424309 8.988154 -3.019859
v 104.059547 7.380117 -3.783565
v 102.661766 9.665319 -2.206046
v 103.744133 8.481321 -3.328673
v 103.109398 9.352335 -2.631339
v 103.964279 7.906201 -3.567414
v 102.277229 9.838593 -1.734809
v 103.495407 8.923990 -2.998301
v 104.071564 7.293420 -3.739118
v 102.754974 9.635299 -2.199194
v 103.796654 8.404119 -3.298374
v 103.192337 9.301780 -2.617115
v 103.995071 7.821239 -3.529078
v 102.374657 9.826759 -1.732723
v 103.563095 8.856597 -2.975658
v 104.078781 7.206302 -3.694456
v 104.081192 7.118975 -3.649685
v 102.846558 9.600855 -2.191333
v 103.845039 8.324612 -3.267169
v 103.272591 9.247368 -2.601806
v 104.021255 7.735003 -3.490166
v 102.471375 9.810232 -1.729809
v 103.627213 8.786137 -2.951985
v 102.936302 9.562072 -2.182481
v 103.889175 8.242990 -3.235135
v 103.349983 9.189231 -2.585449
v 104.042763 7.647699 -3.450773
v 102.567154 9.789051 -1.726074
v 103.687607 8.712778 -2.927338
v 103.023987 9.519043 -2.172659
v 103.928955 8.159450 -3.202348
v 102.179329 9.920002 -1.243137
v 103.424309 9.127509 -2.568083
v 104.059547 7.559538 -3.410994
v 102.661766 9.763267 -1.721527
v 103.744133 8.636700 -2.901777
v 103.109398 9.471870 -2.161893
v 103.964279 8.074194 -3.168888
v 102.277229 9.912836 -1.242240
v 103.495407 9.062350 -2.549750
v 104.071564 7.470733 -3.370923
v 102.754974 9.732942 -1.716180
v 103.796654 8.558083 -2.875363
v 103.192337 9.420670 -2.150206
v 103.995071 7.987427 -3.134834
v 102.374657 9.900913 -1.240745
v 103.563095 8.993912 -2.530494
v 104.078781 7.381498 -3.330659
v 104.081192 7.292047 -3.290297
v 102.846558 9.698150 -1.710045
v 103.845039 8.477118 -2.848160
v 103.272591 9.365562 -2.137629
v 104.021255 7.899358 -3.100270
v 102.471375 9.884261 -1.238659
v 103.627213 8.922359 -2.510362
v 102.936302 9.658974 -1.703138
v 103.889175 8.394001 -2.820234
v 103.349983 9.306683 -2.124189
v 104.042763 7.810199 -3.065277
v 102.567154 9.862920 -1.235984
v 103.687607 8.847863 -2.489403
v 103.023987 9.615508 -1.695473
v 103.928955 8.308931 -2.791652
v 102.179329 9.969636 -0.747121
v 103.424309 9.244171 -2.109922
v 104.059547 7.720165 -3.029942
v 102.661766 9.836941 -1.232729
v 103.744133 8.770605 -2.467665
v 103.109398 9.567858 -1.687071
v 103.964279 8.222113 -2.762483
v 102.277229 9.962435 -0.746581
v 103.495407 9.178180 -2.094860
v 104.071564 7.629473 -2.994348
v 102.754974 9.806388 -1.228900
v 103.796654 8.690769 -2.445203
v 103.192337 9.516137 -1.677952
v 103.995071 8.133757 -2.732797
v 102.374657 9.950452 -0.745683
v 103.563095 9.108867 -2.079039
v 104.078781 7.538342 -2.958581
v 104.081192 7.446990 -2.922728
v 102.846558 9.771333 -1.224507
v 103.845039 8.608550 -2.422070
v 103.272591 9.460472 -1.668136
v 104.021255 8.044074 -2.702665
v 102.471375 9.933716 -0.744429
v 103.627213 9.036399 -2.062499
v 102.936302 9.731861 -1.219560
v 103.889175 8.524144 -2.398322
v 103.349983 9.400995 -1.657649
v 104.042763 7.953282 -2.672161
v 102.567154 9.912268 -0.742822
v 103.687607 8.960951 -2.045279
v 103.023987 9.688067 -1.214072
v 103.928955 8.437755 -2.374016
v 102.179329 9.994484 -0.249247
v 103.424309 9.337851 -1.646515
v 104.059547 7.861598 -2.641357
v 102.661766 9.886160 -0.740865
v 103.744133 8.882705 -2.027420
v 103.109398 9.640058 -1.208056
v 103.964279 8.349590 -2.349211
v 102.277229 9.987265 -0.249067
v 103.495407 9.271191 -1.634761
v 104.071564 7.769245 -2.610327
v 102.754974 9.855453 -0.738564
v 103.796654 8.801849 -2.008965
v 103.192337 9.587947 -1.201526
v 103.995071 8.259864 -2.323965
v 102.374657 9.975251 -0.248767
v 103.563095 9.201175 -1.622415
v 104.078781 7.676444 -2.579148
v 104.081192 7.583419 -2.547893
v 102.846558 9.820223 -0.735924
v 103.845039 8.718579 -1.989959
v 103.272591 9.531861 -1.194497
v 104.021255 8.168791 -2.298342
v 102.471375 9.958474 -0.248349
v 103.627213 9.127973 -1.609508
v 102.936302 9.780554 -0.732951
v 103.889175 8.633094 -1.970447
v 103.349983 9.471936 -1.186988
v 104.042763 8.076591 -2.272400
v 102.567154 9.936973 -0.247813
v 103.687607 9.051761 -1.596070
v 103.023987 9.736541 -0.729653
v 103.928955 8.545601 -1.950478
v 102.179329 9.994484 0.249247
v 103.424309 9.408315 -1.179015
v 104.059547 7.983487 -2.246205
v 102.661766 9.910799 -0.247160
v 103.744133 8.972722 -1.582133
v 103.109398 9.688291 -0.726037
v 103.964279 8.456310 -1.930098
v 102.277229 9.987265 0.249067
v 103.495407 9.341152 -1.170598
v 104.071564 7.889701 -2.219818
v 102.754974 9.880016 -0.246392
v 103.796654 8.891047 -1.567731
v 103.192337 9.635920 -0.722112
v 103.995071 8.365437 -1.909356
v 102.374657 9.975251 0.248767
v 103.563095 9.270608 -1.161758
v 104.078781 7.795462 -2.193303
v 104.081192 7.700994 -2.166724
v 102.846558 9.844698 -0.245511
v 103.845039 8.806932 -1.552900
v 103.272591 9.579554 -0.717888
v 104.021255 8.273200 -1.888304
v 102.471375 9.958474 0.248349
v 103.627213 9.196854 -1.152515
v 102.936302 9.804930 -0.244520
v 103.889175 8.720581 -1.537674
v 103.349983 9.519328 -0.713375
v 104.042763 8.179821 -1.866991
v 102.567154 9.936973 0.247813
v 103.687607 9.120066 -1.142893
v 103.023987 9.760808 -0.243419
v 103.928955 8.632201 -1.522090
v 102.179329 9.969636 0.747121
v 103.424309 9.455389 -0.708583
v 104.059547 8.085526 -1.845469
v 102.661766 9.910799 0.247160
v 103.744133 9.040431 -1.132913
v 103.109398 9.712438 -0.242213
v 103.964279 8.542006 -1.506186
v 102.277229 9.962435 0.746581
v 103.495407 9.387890 -0.703525
v 104.071564 7.990542 -1.823789
v 102.754974 9.880016 0.246392
v 103.796654 8.958139 -1.122601
v 103.192337 9.659936 -0.240904
v 103.995071 8.450212 -1.490000
v 102.374657 9.950452 0.745683
v 103.563095 9.316993 -0.698212
v 104.078781 7.895098 -1.802005
v 104.081192 7.799423 -1.780167
v 102.846558 9.844698 0.245511
v 103.845039 8.873390 -1.111980
v 103.272591 9.603429 -0.239495
v 104.021255 8.357039 -1.473572
v 102.471375 9.933716 0.744429
v 103.627213 9.242869 -0.692657
v 102.936302 9.804930 0.244520
v 103.889175 8.786387 -1.101077
v 103.349983 9.543054 -0.237989
v 104.042763 8.262715 -1.456940
v 102.567154 9.912268 0.742822
v 103.687607 9.165698 -0.686874
v 103.023987 9.760808 0.243419
v 103.928955 8.697341 -1.089918
v 102.179329 9.920002 1.243137
v 103.424309 9.478955 -0.236390
v 104.059547 8.167464 -1.440144
v 102.661766 9.886160 0.740865
v 103.744133 9.085664 -0.680876
v 103.109398 9.712438 0.242213
v 103.964279 8.606464 -1.078530
v 102.277229 9.912836 1.242240
v 103.495407 9.411287 -0.234703
v 104.071564 8.071518 -1.423226
v 102.754974 9.855453 0.738564
v 103.796654 9.002961 -0.674679
v 103.192337 9.659936 0.240904
v 103.995071 8.513977 -1.066940
v 102.374657 9.900913 1.240745
v 103.563095 9.340214 -0.232930
v 104.078781 7.975106 -1.406226
v 104.081192 7.878462 -1.389185
v 102.846558 9.820223 0.735924
v 103.845039 8.917788 -0.668296
v 103.272591 9.603429 0.239495
v 104.021255 8.420102 -1.055176
v 102.471375 9.884261 1.238659
v 103.627213 9.265905 -0.231077
v 102.936302 9.780554 0.732951
v 103.889175 8.830350 -0.661743
v 103.349983 9.543054 0.237989
v 104.042763 8.325067 -1.043266
v 102.567154 9.862920 1.235984
v 103.687607 9.188541 -0.229148
v 103.023987 9.736541 0.729653
v 103.928955 8.740857 -0.655037
v 102.179329 9.845705 1.736063
v 103.424309 9.478955 0.236390
v 104.059547 8.229097 -1.031240
v 102.661766 9.836941 1.232729
v 103.744133 9.108309 -0.227147
v 103.109398 9.688291 0.726037
v 103.964279 8.649526 -0.648192
v 102.277229 9.838593 1.734809
v 103.495407 9.411287 0.234703
v 104.071564 8.132426 -1.019125
v 102.754974 9.806388 1.228900
v 103.796654 9.025399 -0.225079
v 103.192337 9.635920 0.722112
v 103.995071 8.556577 -0.641227
v 102.374657 9.826759 1.732723
v 103.563095 9.340214 0.232930
v 104.078781 8.035288 -1.006952
v 104.081192 7.937913 -0.994750
v 104.081192 7.977631 -0.597841
v 102.846558 9.771333 1.224507
v 103.845039 8.940014 -0.222950
v 103.272591 9.579554 0.717888
v 104.021255 8.462232 -0.634157
v 102.471375 9.810232 1.729809
v 103.627213 9.265905 0.231077
v 102.936302 9.731861 1.219560
v 103.889175 8.852358 -0.220764
v 103.349983 9.519328 0.713375
v 104.042763 8.366720 -0.626999
v 102.567154 9.789051 1.726074
v 103.687607 9.188541 0.229148
v 103.023987 9.688067 1.214072
v 103.928955 8.762643 -0.218527
v 102.179329 9.746930 2.224673
v 103.424309 9.455389 0.708583
v 104.059547 8.270270 -0.619771
v 102.661766 9.763267 1.721527
v 103.744133 9.108309 0.227147
v 103.109398 9.640058 1.208056
v 103.964279 8.671083 -0.216243
v 102.277229 9.739890 2.223066
v 103.495407 9.387890 0.703525
v 104.071564 8.173117 -0.612490
v 102.754974 9.732942 1.716180
v 103.796654 9.025399 0.225079
v 103.192337 9.587947 1.201526
v 103.995071 8.577903 -0.213920
v 102.374657 9.728175 2.220392
v 103.563095 9.316993 0.698212
v 104.078781 8.075491 -0.605174
v 104.081192 7.997513 -0.199446
v 102.846558 9.698150 1.710045
v 103.845039 8.940014 0.222950
v 103.272591 9.531861 1.194497
v 104.021255 8.483323 -0.211561
v 102.471375 9.711813 2.216658
v 103.627213 9.242869 0.692657
v 102.936302 9.658974 1.703138
v 103.889175 8.852358 0.220764
v 103.349983 9.471936 1.186988
v 104.042763 8.387573 -0.209173
v 102.567154 9.690845 2.211872
v 103.687607 9.165698 0.686874
v 103.023987 9.615508 1.695473
v 103.928955 8.762643 0.218527
v 102.179329 9.623923 2.707752
v 103.424309 9.408315 1.179015
v 104.059547 8.290883 -0.206762
v 102.661766 9.665319 2.206046
v 103.744133 9.085664 0.680876
v 103.109398 9.567858 1.687071
v 103.964279 8.671083 0.216243
v 102.277229 9.616972 2.705796
v 103.495407 9.341152 1.170598
v 104.071564 8.193487 -0.204333
v 102.754974 9.635299 2.199194
v 103.796654 9.002961 0.674679
v 103.192337 9.516137 1.677952
v 103.995071 8.577903 0.213920
v 102.374657 9.605405 2.702542
v 103.563095 9.270608 1.161758
v 104.078781 8.095618 -0.201892
v 102.846558 9.600855 2.191333
v 103.845039 8.917788 0.668296
v 103.272591 9.460472 1.668136
v 104.021255 8.483323 0.211561
v 102.471375 9.589250 2.697996
v 103.627213 9.196854 1.152515
v 102.936302 9.562072 2.182481
v 103.889175 8.830350 0.661743
v 103.349983 9.400995 1.657649
v 104.042763 8.387573 0.209173
v 102.567154 9.568545 2.692171
v 103.687607 9.120066 1.142893
v 103.023987 9.519043 2.172659
v 103.928955 8.740857 0.655037
v 102.179329 9.476990 3.184099
v 103.424309 9.337851 1.646515
v 104.059547 8.290883 0.206762
v 102.661766 9.543342 2.685080
v 103.744133 9.040431 1.132913
v 103.109398 9.471870 2.161893
v 103.964279 8.649526 0.648192
v 102.277229 9.470144 3.181799
v 103.495407 9.271191 1.634761
v 104.071564 8.193487 0.204333
v 102.754974 9.513700 2.676740
v 103.796654 8.958139 1.122601
v 103.192337 9.420670 2.150206
v 103.995071 8.556577 0.641227
v 102.374657 9.458754 3.177972
v 103.563095 9.201175 1.622415
v 104.078781 8.095618 0.201892
v 104.081192 7.997513 0.199446
v 102.846558 9.479692 2.667172
v 103.845039 8.873390 1.111980
v 103.272591 9.365562 2.137629
v 104.021255 8.462232 0.634157
v 102.471375 9.442845 3.172627
v 103.627213 9.127973 1.609508
v 102.936302 9.441398 2.656398
v 103.889175 8.786387 1.101077
v 103.349983 9.306683 2.124189
v 104.042763 8.366720 0.626999
v 102.567154 9.422457 3.165777
v 103.687607 9.051761 1.596070
v 103.023987 9.398911 2.644444
v 103.928955 8.697341 1.089918
v 102.179329 9.306495 3.652530
v 103.424309 9.244171 2.109922
v 104.059547 8.270270 0.619771
v 102.661766 9.397638 3.157439
v 103.744133 8.972722 1.582133
v 103.109398 9.352335 2.631339
v 103.964279 8.606464 1.078530
v 102.277229 9.299772 3.649892
v 103.495407 9.178180 2.094860
v 104.071564 8.173117 0.612490
v 102.754974 9.368449 3.147632
v 103.796654 8.891047 1.567731
v 103.192337 9.301780 2.617115
v 103.995071 8.513977 1.066940
v 102.374657 9.288587 3.645502
v 103.563095 9.108867 2.079039
v 104.078781 8.075491 0.605174
v 104.081192 7.977631 0.597841
v 102.846558 9.334960 3.136380
v 103.845039 8.806932 1.552900
v 103.272591 9.247368 2.601806
v 104.021255 8.420102 1.055176
v 102.471375 9.272964 3.639370
v 103.627213 9.036399 2.062499
v 102.936302 9.297251 3.123710
v 103.889175 8.720581 1.537674
v 103.349983 9.189231 2.585449
v 104.042763 8.325067 1.043266
v 102.567154 9.252943 3.631513
v 103.687607 8.960951 2.045279
v 103.023987 9.255413 3.109653
v 103.928955 8.632201 1.522090
v 102.179329 9.112863 4.111880
v 103.424309 9.127509 2.568083
v 104.059547 8.229097 1.031240
v 102.661766 9.228571 3.621947
v 103.744133 8.882705 2.027420
v 103.109398 9.209548 3.094244
v 103.964279 8.542006 1.506186
v 102.277229 9.106280 4.108910
v 103.495407 9.062350 2.549750
v 104.071564 8.132426 1.019125
v 102.754974 9.199907 3.610698
v 103.796654 8.801849 2.008965
v 103.192337 9.159764 3.077517
v 103.995071 8.450212 1.490000
v 102.374657 9.095327 4.103968
v 103.563095 8.993912 2.530494
v 104.078781 8.035288 1.006952
v 104.081192 7.937913 0.994750
v 102.846558 9.167021 3.597790
v 103.845039 8.718579 1.989959
v 103.272591 9.106184 3.059515
v 104.021255 8.357039 1.473572
v 102.471375 9.080029 4.097065
v 103.627213 8.922359 2.510362
v 102.936302 9.129990 3.583257
v 103.889175 8.633094 1.970447
v 103.349983 9.048934 3.040280
v 104.042763 8.262715 1.456940
v 102.567154 9.060425 4.088220
v 103.687607 8.847863 2.489403
v 103.023987 9.088904 3.567132
v 103.928955 8.545601 1.950478
v 102.179329 8.896574 4.561007
v 103.424309 8.988154 3.019859
v 104.059547 8.167464 1.440144
v 102.661766 9.036560 4.077451
v 103.744133 8.770605 2.467665
v 103.109398 9.043864 3.549455
v 103.964279 8.456310 1.930098
v 102.277229 8.890148 4.557713
v 103.495407 8.923990 2.998301
v 104.071564 8.071518 1.423226
v 102.754974 9.008492 4.064787
v 103.796654 8.690769 2.445203
v 103.192337 8.994976 3.530268
v 103.995071 8.365437 1.909356
v 102.374657 8.879455 4.552231
v 103.563095 8.856597 2.975658
v 104.078781 7.975106 1.406226
v 104.081192 7.878462 1.389185
v 104.081192 7.799423 1.780167
v 102.846558 8.976290 4.050256
v 103.845039 8.608550 2.422070
v 103.272591 8.942360 3.509618
v 104.021255 8.273200 1.888304
v 102.471375 8.864521 4.544575
v 103.627213 8.786137 2.951985
v 102.936302 8.940030 4.033895
v 103.889175 8.524144 2.398322
v 103.349983 8.886140 3.487553
v 104.042763 8.179821 1.866991
v 102.567154 8.845382 4.534762
v 103.687607 8.712778 2.927338
v 103.023987 8.899799 4.015742
v 103.928955 8.437755 2.374016
v 102.179329 8.658168 4.998796
v 103.424309 8.826454 3.464128
v 104.059547 8.085526 1.845469
v 102.661766 8.822083 4.522818
v 103.744133 8.636700 2.901777
v 103.109398 8.855696 3.995842
v 103.964279 8.349590 2.349211
v 102.277229 8.651914 4.995185
v 103.495407 8.763444 3.439399
v 104.071564 7.990542 1.823789
v 102.754974 8.794682 4.508770
v 103.796654 8.558083 2.875363
v 103.192337 8.807826 3.974242
v 103.995071 8.259864 2.323965
v 102.374657 8.641507 4.989176
v 103.563095 8.697263 3.413424
v 104.078781 7.895098 1.802005
v 104.081192 7.700994 2.166724
v 102.846558 8.763243 4.492652
v 103.845039 8.477118 2.848160
v 103.272591 8.756304 3.950995
v 104.021255 8.168791 2.298342
v 102.471375 8.626973 4.980785
v 103.627213 8.628070 3.386268
v 102.936302 8.727843 4.474504
v 103.889175 8.394001 2.820234
v 103.349983 8.701254 3.926155
v 104.042763 8.076591 2.272400
v 102.567154 8.608347 4.970031
v 103.687607 8.556031 3.357995
v 103.023987 8.688568 4.454369
v 103.928955 8.308931 2.791652
v 102.179329 8.398235 5.424156
v 103.424309 8.642810 3.899784
v 104.059547 7.983487 2.246205
v 102.661766 8.585672 4.956940
v 103.744133 8.481321 3.328673
v 103.109398 8.645512 4.432295
v 103.964279 8.222113 2.762483
v 102.277229 8.392169 5.420238
v 103.495407 8.581111 3.871945
v 104.071564 7.889701 2.219818
v 102.754974 8.559006 4.941544
v 103.796654 8.404119 3.298374
v 103.192337 8.598777 4.408336
v 103.995071 8.133757 2.732797
v 102.374657 8.382075 5.413718
v 103.563095 8.516307 3.842704
v 104.078781 7.795462 2.193303
v 104.081192 7.583419 2.547893
v 102.846558 8.528410 4.923880
v 103.845039 8.324612 3.267169
v 103.272591 8.548478 4.382549
v 104.021255 8.044074 2.702665
v 102.471375 8.367977 5.404613
v 103.627213 8.448553 3.812132
v 102.936302 8.493958 4.903989
v 103.889175 8.242990 3.235135
v 103.349983 8.494735 4.354997
v 104.042763 7.953282 2.672161
v 102.567154 8.349910 5.392944
v 103.687607 8.378014 3.780304
v 103.023987 8.455735 4.881921
v 103.928955 8.159450 3.202348
v 102.179329 8.117424 5.836030
v 103.424309 8.437677 4.325745
v 104.059547 7.861598 2.641357
v 102.661766 8.327917 5.378739
v 103.744133 8.304858 3.747295
v 103.109398 8.413833 4.857728
v 103.964279 8.074194 3.168888
v 102.277229 8.111561 5.831815
v 103.495407 8.377443 4.294865
v 104.071564 7.769245 2.610327
v 102.754974 8.302051 5.362032
v 103.796654 8.229262 3.713185
v 103.192337 8.368351 4.831470
v 103.995071 7.987427 3.134834
v 102.374657 8.101804 5.824800
v 103.563095 8.314178 4.262430
v 104.078781 7.676444 2.579148
v 102.846558 8.272373 5.342865
v 103.845039 8.151408 3.678056
v 103.272591 8.319400 4.803207
v 104.021255 7.899358 3.100270
v 102.471375 8.088178 5.815004
v 103.627213 8.248032 4.228519
v 102.936302 8.238956 5.321282
v 103.889175 8.071485 3.641993
v 103.349983 8.267097 4.773010
v 104.042763 7.810199 3.065277
v 102.567154 8.070715 5.802449
v 103.687607 8.179167 4.193214
v 103.023987 8.201880 5.297336
v 103.928955 7.989683 3.605082
v 102.179329 7.816432 6.233396
v 103.424309 8.211568 4.740951
v 104.059547 7.720165 3.029942
v 102.661766 8.049457 5.787165
v 103.744133 8.107747 4.156600
v 103.109398 8.161236 5.271085
v 103.964279 7.906201 3.567414
v 102.277229 7.810785 6.228893
v 103.495407 8.152948 4.707107
v 104.071564 7.629473 2.994348
v 102.754974 8.024455 5.769190
v 103.796654 8.033945 4.118763
v 103.192337 8.117120 5.242591
v 103.995071 7.821239 3.529078
v 102.374657 7.801391 6.221401
v 103.563095 8.091377 4.671559
v 104.078781 7.538342 2.958581
v 104.081192 7.446990 2.922728
v 102.846558 7.995770 5.748567
v 103.845039 7.957940 4.079798
v 103.272591 8.069637 5.211925
v 104.021255 7.735003 3.490166
v 102.471375 7.788270 6.210938
v 103.627213 8.027004 4.634393
v 102.936302 7.963470 5.725346
v 103.889175 7.879913 4.039796
v 103.349983 8.018905 5.179158
v 104.042763 7.647699 3.450773
v 102.567154 7.771454 6.197527
v 103.687607 7.959985 4.595699
v 103.023987 7.927635 5.699581
v 103.928955 7.800053 3.998854
v 102.179329 7.496006 6.615264
v 103.424309 7.965044 5.144371
v 104.059547 7.559538 3.410994
v 102.661766 7.750984 6.181203
v 103.744133 7.890479 4.555570
v 103.109398 7.888349 5.671337
v 103.964279 7.718552 3.957071
v 102.277229 7.490591 6.610486
v 103.495407 7.908184 5.107646
v 104.071564 7.470733 3.370923
v 102.754974 7.726910 6.162004
v 103.796654 7.818655 4.514103
v 103.192337 7.845707 5.640680
v 103.995071 7.635607 3.914547
v 102.374657 7.481582 6.602535
v 103.563095 7.848461 5.069074
v 104.078781 7.381498 3.330659
v 104.081192 7.292047 3.290297
v 104.081192 7.118975 3.649685
v 102.846558 7.699288 6.139977
v 103.845039 7.744686 4.471397
v 103.272591 7.799813 5.607684
v 104.021255 7.551417 3.871386
v 102.471375 7.468998 6.591430
v 103.627213 7.786021 5.028746
v 102.936302 7.668187 6.115175
v 103.889175 7.668750 4.427555
v 103.349983 7.750777 5.572429
v 104.042763 7.466185 3.827690
v 102.567154 7.452872 6.577199
v 103.687607 7.721013 4.986759
v 103.023987 7.633679 6.087656
v 103.928955 7.591031 4.382683
v 102.179329 7.156944 6.980686
v 103.424309 7.698717 5.535000
v 104.059547 7.380117 3.783565
v 102.661766 7.433241 6.559875
v 103.744133 7.653594 4.943215
v 103.109398 7.595850 6.057488
v 103.964279 7.511714 4.336890
v 102.277229 7.151774 6.975644
v 103.495407 7.643758 5.495488
v 104.071564 7.293420 3.739118
v 102.754974 7.410154 6.539499
v 103.796654 7.583927 4.898219
v 103.192337 7.554790 6.024744
v 103.995071 7.430991 4.290285
v 102.374657 7.143172 6.967254
v 103.563095 7.586032 5.453986
v 104.078781 7.206302 3.694456
v 102.846558 7.383665 6.516123
v 103.845039 7.512178 4.851879
v 103.272591 7.510598 5.989502
v 104.021255 7.349057 4.242980
v 102.471375 7.131158 6.955535
v 103.627213 7.525680 5.410595
v 102.936302 7.353838 6.489800
v 103.889175 7.438522 4.804307
v 103.349983 7.463380 5.951847
v 104.042763 7.266109 4.195090
v 102.567154 7.115761 6.940517
v 103.687607 7.462846 5.365421
v 103.023987 7.320745 6.460596
v 103.928955 7.363135 4.755617
v 102.179329 6.800089 7.328753
v 103.424309 7.413249 5.911870
v 104.059547 7.182348 4.146730
v 102.661766 7.097019 6.922236
v 103.744133 7.397681 5.318571
v 103.109398 7.284467 6.428580
v 103.964279 7.286200 4.705927
v 102.277229 6.795177 7.323459
v 103.495407 7.360329 5.869666
v 104.071564 7.097974 4.098017
v 102.754974 7.074975 6.900736
v 103.796654 7.330343 5.270158
v 103.192337 7.245090 6.393830
v 103.995071 7.207901 4.655356
v 102.374657 6.787004 7.314651
v 103.563095 7.304744 5.825339
v 104.078781 7.013191 4.049067
v 104.081192 6.928203 4.000000
v 104.081192 6.720207 4.340370
v 102.846558 7.049684 6.876068
v 103.845039 7.260994 5.220299
v 103.272591 7.202710 6.356429
v 104.021255 7.128427 4.604026
v 102.471375 6.775589 7.302348
v 103.627213 7.246629 5.778994
v 102.936302 7.021207 6.848292
v 103.889175 7.189801 5.169115
v 103.349983 7.157427 6.316467
v 104.042763 7.047969 4.552061
v 102.567154 6.760960 7.286582
v 103.687607 7.186125 5.730743
v 103.023987 6.989611 6.817474
v 103.928955 7.116934 5.116727
v 102.179329 6.426328 7.658599
v 103.424309 7.109352 6.274040
v 104.059547 6.966722 4.499586
v 102.661766 6.743151 7.267389
v 103.744133 7.123376 5.680703
v 103.109398 6.954974 6.783690
v 103.964279 7.042572 5.063264
v 102.277229 6.421686 7.653067
v 103.495407 7.058600 6.229252
v 104.071564 6.884881 4.446728
v 102.754974 6.722207 7.244816
v 103.796654 7.058535 5.628994
v 103.192337 6.917378 6.747020
v 103.995071 6.966890 5.008853
v 102.374657 6.413962 7.643862
v 103.563095 7.005294 6.182209
v 104.078781 6.802644 4.393613
v 102.846558 6.698177 7.218918
v 103.845039 6.991757 5.575740
v 103.272591 6.876914 6.707553
v 104.021255 6.890074 4.953626
v 102.471375 6.403174 7.631006
v 103.627213 6.949562 6.133025
v 102.936302 6.671120 7.189757
v 103.889175 6.923204 5.521071
v 103.349983 6.833680 6.665383
v 104.042763 6.812306 4.897715
v 102.567154 6.389349 7.614530
v 103.687607 6.891538 6.081818
v 103.023987 6.641099 7.157403
v 103.928955 6.853040 5.465117
v 102.179329 6.036590 7.969405
v 103.424309 6.787779 6.620613
v 104.059547 6.733776 4.841255
v 102.661766 6.372519 7.594473
v 103.744133 6.831362 6.028713
v 103.109398 6.608189 7.121934
v 103.964279 6.781434 5.408013
v 102.277229 6.032229 7.963648
v 103.495407 6.739324 6.573350
v 104.071564 6.654672 4.784383
v 102.754974 6.352726 7.570885
v 103.796654 6.769179 5.973836
v 103.192337 6.572468 7.083436
v 103.995071 6.708559 5.349897
v 102.374657 6.024973 7.954070
v 103.563095 6.688428 6.523709
v 104.078781 6.575184 4.727235
v 104.081192 6.495504 4.669950
v 104.081192 6.254652 4.987918
v 102.846558 6.330018 7.543821
v 103.845039 6.705139 5.917320
v 103.272591 6.534022 7.042001
v 104.021255 6.634591 5.290910
v 102.471375 6.014840 7.940692
v 103.627213 6.635217 6.471808
v 102.936302 6.304447 7.513348
v 103.889175 6.639395 5.859301
v 103.349983 6.492943 6.997728
v 104.042763 6.559707 5.231192
v 102.567154 6.001853 7.923547
v 103.687607 6.579818 6.417773
v 103.023987 6.276077 7.479537
v 103.928955 6.572107 5.799919
v 102.179329 5.631844 8.260397
v 103.424309 6.449331 6.950726
v 104.059547 6.484089 5.170888
v 102.661766 5.986045 7.902677
v 103.744133 6.522363 6.361734
v 103.109398 6.244976 7.442472
v 103.964279 6.503437 5.739317
v 102.277229 5.627776 8.254431
v 103.495407 6.403291 6.901107
v 104.071564 6.407917 5.110144
v 102.754974 5.967452 7.878131
v 103.796654 6.462993 6.303825
v 103.192337 6.211217 7.402241
v 103.995071 6.433549 5.677641
v 102.374657 5.621006 8.244502
v 103.563095 6.354934 6.848990
v 104.078781 6.331377 5.049105
v 104.081192 5.998250 5.293487
v 102.846558 5.946120 7.849969
v 103.845039 6.401849 6.244188
v 103.272591 6.174885 7.358941
v 104.021255 6.362614 5.615040
v 102.471375 5.611553 8.230636
v 103.627213 6.304376 6.794501
v 102.936302 5.922101 7.818259
v 103.889175 6.339080 6.182964
v 103.349983 6.136064 7.312676
v 104.042763 6.290800 5.551664
v 102.567154 5.599437 8.212865
v 103.687607 6.251739 6.737772
v 103.023987 5.895451 7.783076
v 103.928955 6.274836 6.120302
v 102.179329 5.213096 8.530853
v 103.424309 6.094849 7.263558
v 104.059547 6.218281 5.487666
v 102.661766 5.584688 8.191233
v 103.744133 6.197149 6.678938
v 103.109398 5.866236 7.744507
v 103.964279 6.209271 6.056352
v 102.277229 5.209331 8.524692
v 103.495407 6.051340 7.211706
v 104.071564 6.145233 5.423200
v 102.754974 5.567342 8.165791
v 103.796654 6.140739 6.618143
v 103.192337 5.834525 7.702643
v 103.995071 6.142545 5.991270
v 102.374657 5.203064 8.514438
v 103.563095 6.005641 7.157244
v 104.078781 6.071830 5.358421
v 102.846558 5.547440 8.136600
v 103.845039 6.082644 6.555532
v 103.272591 5.800396 7.657586
v 104.021255 6.074818 5.925210
v 102.471375 5.194314 8.500117
v 103.627213 5.957861 7.100302
v 102.936302 5.525031 8.103732
v 103.889175 6.023005 6.491255
v 103.349983 5.763929 7.609444
v 104.042763 6.006252 5.858333
v 102.567154 5.183098 8.481765
v 103.687607 5.908117 7.041020
v 103.023987 5.500168 8.067266
v 103.928955 5.961964 6.425468
v 102.179329 4.781388 8.780100
v 103.424309 5.725214 7.558332
v 104.059547 5.937014 5.790800
v 102.661766 5.169446 8.459424
v 103.744133 5.856528 6.979538
v 103.109398 5.472912 8.027287
v 103.964279 5.899669 6.358330
v 102.277229 4.777934 8.773758
v 103.495407 5.684344 7.504375
v 104.071564 5.867269 5.722773
v 102.754974 5.153390 8.433149
v 103.796654 5.803219 6.916007
v 103.192337 5.443327 7.983895
v 103.995071 5.836269 6.290002
v 102.374657 4.772187 8.763205
v 103.563095 5.641416 7.447703
v 104.078781 5.797187 5.654416
v 104.081192 5.726935 5.585895
v 104.081192 5.441382 5.864415
v 102.846558 5.134968 8.403003
v 103.845039 5.748317 6.850577
v 103.272591 5.411486 7.937192
v 104.021255 5.771919 6.220649
v 102.471375 4.764161 8.748466
v 103.627213 5.596534 7.388451
v 102.936302 5.114225 8.369059
v 103.889175 5.691955 6.783408
v 103.349983 5.377465 7.887292
v 104.042763 5.706772 6.150438
v 102.567154 4.753874 8.729577
v 103.687607 5.549807 7.326763
v 103.023987 5.091211 8.331398
v 103.928955 5.634269 6.714661
v 102.179329 4.337792 9.007518
v 103.424309 5.341346 7.834315
v 104.059547 5.640986 6.079537
v 102.661766 4.741353 8.706584
v 103.744133 5.501347 7.262786
v 103.109398 5.065981 8.290111
v 103.964279 5.575398 6.644501
v 102.277229 4.334659 9.001012
v 103.495407 5.303216 7.778389
v 104.071564 5.574719 6.008118
v 102.754974 4.726626 8.679542
v 103.796654 5.451270 7.196676
v 103.192337 5.038597 8.245298
v 103.995071 5.515484 6.573098
v 102.374657 4.329445 8.990186
v 103.563095 5.263166 7.719646
v 104.078781 5.508131 5.936353
v 102.846558 4.709730 8.648515
v 103.845039 5.399698 7.128592
v 103.272591 5.009123 8.197066
v 104.021255 5.454670 6.500623
v 102.471375 4.322164 8.975065
v 103.627213 5.221293 7.658231
v 102.936302 4.690705 8.613579
v 103.889175 5.346755 7.058696
v 103.349983 4.977632 8.145533
v 104.042763 5.393104 6.427251
v 102.567154 4.312831 8.955687
v 103.687607 5.177699 7.594290
v 103.023987 4.669597 8.574817
v 103.928955 5.292567 6.987159
v 102.179329 3.883412 9.212543
v 103.424309 4.944198 8.090820
v 104.059547 5.330934 6.353160
v 102.661766 4.301472 8.932097
v 103.744133 5.132488 7.527977
v 103.109398 4.646456 8.532324
v 103.964279 5.237267 6.914152
v 102.277229 3.880607 9.205888
v 103.495407 4.908902 8.033063
v 104.071564 5.268309 6.278526
v 102.754974 4.288111 8.904355
v 103.796654 5.085769 7.459454
v 103.192337 4.621339 8.486201
v 103.995071 5.180985 6.839851
v 102.374657 3.875940 9.194815
v 103.563095 4.871830 7.972397
v 104.078781 5.205381 6.203532
v 104.081192 5.142301 6.128356
v 104.081192 4.830435 6.377060
v 102.846558 4.272782 8.872524
v 103.845039 5.037655 7.388883
v 103.272591 4.594306 8.436561
v 104.021255 5.123860 6.764435
v 102.471375 3.869421 9.179350
v 103.627213 4.833072 7.908971
v 102.936302 4.255522 8.836683
v 103.889175 4.988261 7.316435
v 103.349983 4.565423 8.383521
v 104.042763 5.066028 6.688086
v 102.567154 3.861066 9.159532
v 103.687607 4.792719 7.842937
v 103.023987 4.236372 8.796918
v 103.928955 4.937707 7.242286
v 102.179329 3.419378 9.394663
v 103.424309 4.534758 8.327211
v 104.059547 5.007628 6.610987
v 102.661766 3.850896 9.135406
v 103.744133 4.750869 7.774453
v 103.109398 4.215379 8.753325
v 103.964279 4.886114 7.166613
v 102.277229 3.416908 9.387877
v 103.495407 4.502385 8.267765
v 104.071564 4.948802 6.533325
v 102.754974 3.838935 9.107031
v 103.796654 4.707624 7.703685
v 103.192337 4.192592 8.706007
v 103.995071 4.833607 7.089599
v 102.374657 3.412798 9.376585
v 103.563095 4.468383 8.205328
v 104.078781 4.889690 6.455287
v 102.846558 3.825212 9.074475
v 103.845039 4.663087 7.630804
v 103.272591 4.168067 8.655081
v 104.021255 4.780312 7.011429
v 102.471375 3.407058 9.360814
v 103.627213 4.432834 8.140048
v 102.936302 3.809760 9.037819
v 103.889175 4.617366 7.555985
v 103.349983 4.141863 8.600668
v 104.042763 4.726357 6.932292
v 102.567154 3.399702 9.340604
v 103.687607 4.395823 8.072084
v 103.023987 3.792616 8.997149
v 103.928955 4.570571 7.479408
v 102.179329 2.946842 9.553426
v 103.424309 4.114043 8.542899
v 104.059547 4.671873 6.852379
v 102.661766 3.390747 9.316001
v 103.744133 4.357439 8.001600
v 103.109398 3.773822 8.952562
v 103.964279 4.522814 7.401257
v 102.277229 2.944713 9.546525
v 103.495407 4.084674 8.481914
v 104.071564 4.616991 6.771881
v 102.754974 3.380215 9.287065
v 103.796654 4.317775 7.928765
v 103.192337 3.753422 8.904169
v 103.995071 4.474211 7.321722
v 102.374657 2.941171 9.535043
v 103.563095 4.053827 8.417858
v 104.078781 4.561842 6.690993
v 104.081192 4.506560 6.609910
v 104.081192 4.171482 6.826327
v 102.846558 3.368132 9.253866
v 103.845039 4.276927 7.853754
v 103.272591 3.731466 8.852083
v 104.021255 4.424879 7.240993
v 102.471375 2.936224 9.519006
v 103.627213 4.021576 8.350888
v 102.936302 3.354526 9.216485
v 103.889175 4.234992 7.776749
v 103.349983 3.708007 8.796432
v 104.042763 4.374936 7.159265
v 102.567154 2.929885 9.498453
v 103.687607 3.987998 8.281164
v 103.023987 3.339431 9.175011
v 103.928955 4.192071 7.697934
v 102.179329 2.466980 9.688438
v 103.424309 3.683101 8.737348
v 104.059547 4.324502 7.076735
v 102.661766 2.922168 9.473434
v 103.744133 3.953176 8.208854
v 103.109398 3.322882 9.129543
v 103.964279 4.148270 7.617500
v 102.277229 2.465198 9.681440
v 103.495407 3.656808 8.674973
v 104.071564 4.273701 6.993601
v 102.754974 2.913091 9.444010
v 103.796654 3.917192 8.134132
v 103.192337 3.304920 9.080193
v 103.995071 4.103692 7.535641
v 102.374657 2.462232 9.669795
v 103.563095 3.629192 8.609461
v 104.078781 4.222653 6.910065
v 102.846558 2.902678 9.410251
v 103.845039 3.880133 8.057178
v 103.272591 3.285588 9.027078
v 104.021255 4.058444 7.452553
v 102.471375 2.458091 9.653532
v 103.627213 3.600319 8.540966
v 102.936302 2.890952 9.372237
v 103.889175 3.842088 7.978179
v 103.349983 3.264931 8.970325
v 104.042763 4.012637 7.368438
v 102.567154 2.452784 9.632689
v 103.687607 3.570259 8.469655
v 103.023987 2.877943 9.330063
v 103.928955 3.803150 7.897323
v 102.179329 1.980984 9.799363
v 103.424309 3.243001 8.910073
v 104.059547 3.966381 7.283496
v 102.661766 2.446323 9.607317
v 103.744133 3.539084 8.395700
v 103.109398 2.863681 9.283827
v 103.964279 3.763412 7.814806
v 102.277229 1.979553 9.792285
v 103.495407 3.219851 8.846467
v 104.071564 3.919786 7.197934
v 102.754974 2.438725 9.577477
v 103.796654 3.506869 8.319277
v 103.192337 2.848201 9.233642
v 103.995071 3.722970 7.730826
v 102.374657 1.977172 9.780507
v 103.563095 3.195534 8.779659
v 104.078781 3.872965 7.111957
v 104.081192 3.826032 7.025773
v 104.081192 3.471070 7.207751
v 102.846558 2.430007 9.543240
v 103.845039 3.473692 8.240571
v 103.272591 2.831541 9.179629
v 104.021255 3.681920 7.645586
v 102.471375 1.973847 9.764057
v 103.627213 3.170112 8.709810
v 102.936302 2.420191 9.504689
v 103.889175 3.439633 8.159774
v 103.349983 2.813739 9.121918
v 104.042763 3.640363 7.559291
v 102.567154 1.969585 9.742976
v 103.687607 3.143643 8.637090
v 103.023987 2.409300 9.461918
v 103.928955 3.404773 8.077077
v 102.179329 1.490064 9.885926
v 103.424309 2.794840 9.060648
v 104.059547 3.598398 7.472150
v 102.661766 1.964397 9.717313
v 103.744133 3.116194 8.561671
v 103.109398 2.397361 9.415029
v 103.964279 3.369198 7.992682
v 102.277229 1.488987 9.878785
v 103.495407 2.774888 8.995967
v 104.071564 3.556126 7.384372
v 102.754974 1.958296 9.687131
v 103.796654 3.087828 8.483738
v 103.192337 2.384402 9.364135
v 103.995071 3.332992 7.906791
v 102.374657 1.487196 9.866903
v 103.563095 2.753932 8.928029
v 104.078781 3.513649 7.296168
v 102.846558 1.951295 9.652502
v 103.845039 3.058615 8.403477
v 103.272591 2.370454 9.309359
v 104.021255 3.296242 7.819611
v 102.471375 1.484695 9.850308
v 103.627213 2.732023 8.857000
v 102.936302 1.943413 9.613511
v 103.889175 3.028626 8.321082
v 103.349983 2.355551 9.250832
v 104.042763 3.259038 7.731352
v 102.567154 1.481489 9.829041
v 103.687607 2.709212 8.783051
v 103.023987 1.934668 9.570250
v 103.928955 2.997932 8.236751
v 102.179329 0.995439 9.947910
v 103.424309 2.339730 9.188696
v 104.059547 3.221469 7.642227
v 102.661766 1.477587 9.803151
v 103.744133 2.685556 8.706358
v 103.109398 1.925080 9.522824
v 103.964279 2.966607 8.150687
v 102.277229 0.994720 9.940725
v 103.495407 2.323027 9.123100
v 104.071564 3.183625 7.552451
v 102.754974 1.472998 9.772702
v 103.796654 2.661110 8.627108
v 103.192337 1.914674 9.471347
v 103.995071 2.934728 8.063098
v 102.374657 0.993523 9.928768
v 103.563095 2.305484 9.054203
v 104.078781 3.145597 7.462239
v 104.081192 3.107478 7.371809
v 102.846558 1.467732 9.737768
v 103.845039 2.635935 8.545490
v 103.272591 1.903474 9.415944
v 104.021255 2.902369 7.974195
v 102.471375 0.991852 9.912069
v 103.627213 2.287142 8.982170
v 102.936302 1.461803 9.698432
v 103.889175 2.610090 8.461702
v 103.349983 1.891507 9.356747
v 104.042763 2.869611 7.884191
v 102.567154 0.989711 9.890668
v 103.687607 2.268046 8.907176
v 103.023987 1.455225 9.654788
v 103.928955 2.583637 8.375946
v 102.179329 0.498339 9.985163
v 103.424309 1.878802 9.293900
v 104.059547 2.836531 7.793304
v 102.661766 0.987104 9.864616
v 103.744133 2.248241 8.829399
v 103.109398 1.448014 9.606943
v 103.964279 2.556641 8.288428
v 102.277229 0.497979 9.977951
v 103.495407 1.865390 9.227553
v 104.071564 2.803209 7.701753
v 102.754974 0.984038 9.833977
v 103.796654 2.227777 8.749029
v 103.192337 1.440186 9.555012
v 103.995071 2.529167 8.199359
v 102.374657 0.497380 9.965949
v 103.563095 1.851303 9.157867
v 104.078781 2.769725 7.609758
v 104.081192 2.736161 7.517541
v 102.846558 0.980520 9.798823
v 103.845039 2.206701 8.666258
v 103.272591 1.431762 9.499120
v 104.021255 2.501281 8.108953
v 102.471375 0.496543 9.949187
v 103.627213 1.836574 9.085010
v 102.936302 0.976559 9.759240
v 103.889175 2.185064 8.581286
v 103.349983 1.422761 9.439400
v 104.042763 2.473049 8.017428
v 102.567154 0.495471 9.927706
v 103.687607 1.821240 9.009156
v 103.023987 0.972165 9.715323
v 103.928955 2.162919 8.494318
v 103.424309 1.413204 9.375998
v 104.059547 2.444541 7.925006
v 102.661766 0.494166 9.901557
v 103.744133 1.805337 8.930490
v 103.109398 0.967347 9.667179
v 103.964279 2.140319 8.405563
v 103.495407 1.403116 9.309065
v 104.071564 2.415823 7.831907
v 102.754974 0.492631 9.870803
v 103.796654 1.788904 8.849198
v 103.192337 0.962118 9.614922
v 103.995071 2.117319 8.315235
v 103.563095 1.392519 9.238763
v 104.078781 2.386967 7.738358
v 104.081192 2.358041 7.644582
v 104.081192 1.974059 7.752618
v 102.846558 0.490870 9.835518
v 103.845039 1.771980 8.765480
v 103.272591 0.956490 9.558679
v 104.021255 2.093973 8.223552
v 103.627213 1.381441 9.165262
v 102.936302 0.488887 9.795787
v 103.889175 1.754606 8.679535
v 103.349983 0.950477 9.498585
v 104.042763 2.070339 8.130733
v 103.687607 1.369907 9.088738
v 103.023987 0.486687 9.751705
v 103.928955 1.736824 8.591572
v 103.424309 0.944093 9.434785
v 104.059547 2.046473 8.037004
v 103.744133 1.357945 9.009377
v 103.109398 0.484276 9.703381
v 103.964279 1.718676 8.501801
v 103.495407 0.937353 9.367433
v 104.071564 2.022432 7.942591
v 103.796654 1.345584 8.927368
v 103.192337 0.481658 9.650928
v 103.995071 1.700207 8.410438
v 103.563095 0.930274 9.296690
v 104.078781 1.998275 7.847719
v 103.845039 1.332854 8.842910
v 103.272591 0.478840 9.594474
v 104.021255 1.681460 8.317705
v 103.627213 0.922873 9.222728
v 103.889175 1.319786 8.756206
v 103.349983 0.475830 9.534155
v 104.042763 1.662482 8.223825
v 103.687607 0.915168 9.145724
v 103.928955 1.306410 8.667465
v 103.424309 0.472634 9.470116
v 104.059547 1.643317 8.129023
v 103.744133 0.907177 9.065866
v 103.964279 1.292760 8.576900
v 103.495407 0.469260 9.402511
v 104.071564 1.624013 8.033527
v 103.796654 0.898919 8.983342
v 103.995071 1.278867 8.484732
v 103.563095 0.465716 9.331504
v 104.078781 1.604614 7.937570
v 104.081192 1.585169 7.841380
v 103.845039 0.890415 8.898355
v 104.021255 1.264767 8.391179
v 103.627213 0.462011 9.257265
v 103.889175 0.881684 8.811107
v 104.042763 1.250491 8.296470
v 103.687607 0.458153 9.179973
v 103.928955 0.872749 8.721809
v 104.059547 1.236076 8.200830
v 103.744133 0.454153 9.099814
v 103.964279 0.863630 8.630678
v 104.071564 1.221555 8.104491
v 103.796654 0.450019 9.016983
v 103.995071 0.854349 8.537930
v 104.078781 1.206964 8.007686
v 104.081192 1.192338 7.910646
v 103.845039 0.445761 8.931677
v 104.021255 0.844929 8.443791
v 103.889175 0.441391 8.844103
v 104.042763 0.835392 8.348488
v 103.928955 0.436917 8.754471
v 104.059547 0.825762 8.252249
v 103.964279 0.432352 8.662997
v 104.071564 0.816061 8.155307
v 103.995071 0.427706 8.569903
v 104.078781 0.806314 8.057894
v 104.081192 0.796543 7.960246
v 104.021255 0.422990 8.475411
v 104.042763 0.418216 8.379751
v 104.059547 0.413395 8.283152
v 104.071564 0.408539 8.185846
v 104.078781 0.403659 8.088069
v -16.763390 0.440283 -9.567584
v -16.763390 0.286876 9.573412
v -16.411499 0.447421 -9.722690
v -16.763390 0.879690 -9.537226
v -16.339083 0.448665 -9.749737
v -15.893546 0.923612 -9.849789
v -15.435593 0.473603 -9.962089
v -15.358713 0.473991 -9.970248
v -16.763390 1.752099 -9.416088
v -16.339083 1.623871 -9.624020
v -16.763390 1.317275 -9.486692
v -16.339083 1.402119 -9.658818
v -16.339083 1.844769 -9.584130
v -15.893546 1.929946 -9.702925
v -16.763390 2.183232 -9.325560
v -16.339083 2.064695 -9.539169
v -16.763390 2.609753 -9.215300
v -16.339083 2.283531 -9.489162
v -15.435593 1.447750 -9.867703
v -15.435593 1.647333 -9.836353
v -15.435593 1.846243 -9.800967
v -15.435593 2.044399 -9.761558
v -15.435593 2.241718 -9.718142
v -15.893546 2.798402 -9.488961
v -16.763390 3.445344 -8.936562
v -16.339083 3.202749 -9.219604
v -16.763390 3.030756 -9.085542
v -15.435593 2.438118 -9.670736
v -16.339083 3.413938 -9.143506
v -16.763390 3.852640 -8.768675
v -16.339083 3.623320 -9.062572
v -15.893546 3.786025 -9.139879
v -16.339083 3.830784 -8.976845
v -16.763390 4.251780 -8.582239
v -16.339083 4.036221 -8.886369
v -16.339083 4.239521 -8.791194
v -15.435593 3.563816 -9.314866
v -15.435593 3.374391 -9.385149
v -15.435593 3.751777 -9.240762
v -15.435593 3.938198 -9.162865
v -15.435593 4.123002 -9.081207
v -15.435593 4.306112 -8.995825
v -16.763390 5.022229 -8.155344
v -16.339083 5.080862 -8.333271
v -16.763390 4.641918 -8.377651
v -15.893546 5.496518 -8.225543
v -15.893546 4.769622 -8.667295
v -16.763390 5.391910 -7.915789
v -16.339083 5.271157 -8.214223
v -16.339083 5.458663 -8.090832
v -16.339083 5.643281 -7.963161
v -16.763390 5.750179 -7.659494
v -15.435593 5.167193 -8.530388
v -16.339083 5.824911 -7.831281
v -15.435593 5.338925 -8.423970
v -15.435593 5.508464 -8.314097
v -15.435593 5.675742 -8.200813
v -15.435593 5.840690 -8.084166
v -15.435593 6.003240 -7.964201
v -15.893546 6.995654 -6.995153
v -15.893546 6.345611 -7.589763
v -16.339083 6.564474 -7.222622
v -16.339083 6.728826 -7.069761
v -16.763390 6.749076 -6.795767
v -16.763390 6.429480 -7.098890
v -16.339083 6.889617 -6.913161
v -16.339083 7.046765 -6.752906
v -16.763390 7.054394 -6.478274
v -16.339083 7.200185 -6.589082
v -15.435593 6.754973 -7.337423
v -15.435593 6.902205 -7.199099
v -15.435593 7.046604 -7.057822
v -15.435593 7.188110 -6.913650
v -15.893546 7.557461 -6.384057
v -15.435593 7.326668 -6.766642
v -15.893546 8.225889 -5.496019
v -15.893546 7.685215 -6.229679
v -16.339083 7.811339 -5.851642
v -16.339083 7.943830 -5.670478
v -16.763390 7.878387 -5.446431
v -16.763390 7.619647 -5.802892
v -16.339083 8.072119 -5.486316
v -16.763390 8.120464 -5.078453
v -16.339083 8.196139 -5.299253
v -16.763390 8.345366 -4.699734
v -16.339083 8.315825 -5.109387
v -15.435593 8.074833 -5.853603
v -15.435593 8.191734 -5.688857
v -15.435593 8.305275 -5.521777
v -15.435593 8.415408 -5.352432
v -15.893546 8.642895 -4.813717
v -15.435593 8.522089 -5.180891
v -16.763390 8.741778 -3.913301
v -16.339083 8.872424 -4.066800
v -16.763390 8.552616 -4.311076
v -15.893546 8.751297 -4.613708
v -15.893546 9.140010 -3.785721
v -16.763390 8.912452 -3.507248
v -16.339083 8.963591 -3.861710
v -16.339083 9.050017 -3.654578
v -16.763390 9.064277 -3.093777
v -16.339083 9.131658 -3.445514
v -15.435593 8.988845 -4.320682
v -16.339083 9.208469 -3.234627
v -15.435593 9.074511 -4.137739
v -15.435593 9.156452 -3.953098
v -15.435593 9.234638 -3.766836
v -15.435593 9.309035 -3.579029
v -15.435593 9.379614 -3.389753
v -16.763390 9.310133 -2.248090
v -16.339083 9.481161 -2.316510
v -16.763390 9.196930 -2.673761
v -16.339083 9.531920 -2.097883
v -16.763390 9.403646 -1.817663
v -16.339083 9.577639 -1.878147
v -15.893546 9.702918 -1.929948
v -16.339083 9.618293 -1.657418
v -16.763390 9.477270 -1.383391
v -15.435593 9.666685 -2.454115
v -16.339083 9.653860 -1.435812
v -15.435593 9.714407 -2.257825
v -15.435593 9.758142 -2.060608
v -15.435593 9.797875 -1.862546
v -15.435593 9.833589 -1.663720
v -15.435593 9.865267 -1.464211
v -16.763390 9.577470 -0.066718
v -16.339083 9.756625 -0.258412
v -16.763390 9.564274 -0.506991
v -16.339083 9.748104 -0.482693
v -16.339083 9.759988 -0.033994
v -15.893546 9.892989 -0.000000
v -16.763390 9.570409 0.373697
v -16.339083 9.758189 0.190442
v -16.763390 9.543107 0.813321
v -16.339083 9.751230 0.414777
v -15.435593 9.961276 -0.490236
v -15.435593 9.969162 -0.288381
v -15.435593 9.972958 -0.086407
v -15.435593 9.972662 0.115602
v -15.435593 9.968275 0.317563
v -15.893546 9.848744 0.934601
v -15.435593 9.959799 0.519395
v -16.763390 9.428056 1.686480
v -16.339083 9.629604 1.590378
v -16.763390 9.495623 1.251224
v -16.339083 9.663628 1.368529
v -16.339083 9.590489 1.811385
v -15.893546 9.702918 1.929948
v -16.339083 9.546303 2.031434
v -16.763390 9.340549 2.118168
v -16.339083 9.497067 2.250409
v -16.763390 9.233286 2.545376
v -16.339083 9.442811 2.468193
v -15.435593 9.828676 1.692500
v -15.435593 9.860938 1.493084
v -15.435593 9.792381 1.891221
v -15.435593 9.752069 2.089166
v -15.435593 9.707756 2.286253
v -15.435593 9.659460 2.482403
v -16.763390 8.960447 3.382745
v -16.339083 9.155437 3.381821
v -16.763390 9.106497 2.967199
v -15.893546 9.140010 3.785721
v -15.893546 9.418805 3.026141
v -16.339083 9.075254 3.591449
v -16.763390 8.795447 3.791136
v -16.339083 8.990273 3.799178
v -16.339083 8.900537 4.004898
v -16.763390 8.611845 4.191509
v -15.435593 9.369650 3.417196
v -16.339083 8.806095 4.208499
v -15.435593 9.298518 3.606265
v -15.435593 9.223572 3.793854
v -15.435593 9.144841 3.979886
v -15.435593 9.062359 4.164286
v -15.893546 8.757275 4.602351
v -15.893546 8.225889 5.496019
v -15.893546 8.662265 4.778773
v -16.339083 8.351214 5.051337
v -16.763390 7.953499 5.336146
v -16.339083 8.232854 5.242031
v -16.763390 8.190426 4.964831
v -16.339083 8.110140 5.429954
v -16.339083 7.983137 5.615005
v -16.763390 7.699750 5.696177
v -16.339083 7.851912 5.797087
v -15.435593 8.506886 5.205816
v -15.435593 8.399704 5.377044
v -15.435593 8.289075 5.546066
v -15.435593 8.175046 5.712812
v -15.893546 7.710311 6.198591
v -15.435593 8.057662 5.877216
v -16.763390 6.843099 6.701081
v -16.339083 7.093636 6.703655
v -16.763390 7.143963 6.379366
v -16.339083 7.245910 6.538765
v -16.339083 6.937608 6.865000
v -15.893546 6.995654 6.995153
v -16.763390 6.527757 7.008626
v -16.339083 6.777912 7.022716
v -15.435593 7.442816 6.638676
v -16.339083 6.614629 7.176718
v -16.763390 6.198605 7.301351
v -15.435593 7.306827 6.788062
v -15.435593 7.167840 6.934663
v -15.435593 7.025911 7.078420
v -15.435593 6.881099 7.219275
v -15.893546 6.376213 7.564073
v -15.435593 6.733463 7.357167
v -16.763390 5.856337 7.578637
v -16.339083 5.698618 7.923655
v -16.339083 5.879326 7.790513
v -16.763390 5.501675 7.839897
v -16.339083 5.514896 8.052608
v -15.893546 5.496518 8.225543
v -16.339083 5.328255 8.177301
v -16.763390 5.135369 8.084578
v -16.339083 5.138793 8.297672
v -15.435593 5.979898 7.981742
v -16.339083 4.946613 8.413655
v -16.763390 4.758194 8.312161
v -15.435593 5.816997 8.101231
v -15.435593 5.651709 8.217395
v -15.435593 5.484099 8.330189
v -15.435593 5.314239 8.439566
v -15.435593 5.142196 8.545480
v -15.893546 4.604439 8.756166
v -16.339083 4.098033 8.858033
v -15.893546 3.786025 9.139879
v -16.763390 3.974445 8.714142
v -16.763390 4.370946 8.522164
v -16.763390 3.569530 8.887687
v -16.339083 3.893233 8.949938
v -16.339083 3.686372 9.037108
v -16.339083 3.477559 9.119499
v -16.763390 3.157058 9.042429
v -15.435593 4.279756 9.008393
v -16.339083 3.266906 9.197065
v -15.435593 4.096395 9.093241
v -15.435593 3.911354 9.174356
v -15.435593 3.724705 9.251707
v -15.435593 3.536528 9.325261
v -15.435593 3.346898 9.394988
v -15.893546 2.836707 9.477580
v -16.339083 2.349587 9.473023
v -15.893546 1.929946 9.702925
v -16.763390 2.312959 9.294234
v -16.339083 2.131104 9.524553
v -16.763390 1.883127 9.390761
v -16.339083 1.911495 9.571045
v -16.339083 1.690879 9.612473
v -16.763390 1.449324 9.467419
v -16.763390 1.012476 9.524045
v -16.339083 1.469373 9.648816
v -15.435593 2.409793 9.677834
v -15.435593 2.213255 9.724663
v -15.435593 2.015810 9.767501
v -15.435593 1.817540 9.806331
v -15.435593 1.618527 9.841134
v -16.411499 0.515132 9.719337
v -16.763390 0.573522 9.560522
v -15.435593 1.418855 9.871900
v -16.411499 0.291527 9.728612
v -16.339083 0.516564 9.746375
v -15.435593 0.444441 9.963432
v -15.358713 0.444805 9.971593
v -16.339083 0.903820 -9.718117
v -15.435593 0.938655 -9.929071
v -15.893546 1.428652 -9.789299
v -16.339083 2.710157 -9.376234
v -15.435593 2.872795 -9.550634
v -15.893546 3.296839 -9.327500
v -15.893546 4.284349 -8.917157
v -16.339083 4.717915 -8.543996
v -15.435593 4.795691 -8.744642
v -15.893546 5.929595 -7.919038
v -16.339083 6.236372 -7.507745
v -16.763390 6.096279 -7.387002
v -15.435593 6.421571 -7.630913
v -16.339083 7.470283 -6.281207
v -16.763390 7.344789 -6.147082
v -16.339083 7.533514 -6.205230
v -15.435593 7.604105 -6.453304
v -15.435593 7.669071 -6.375962
v -15.435593 7.796637 -6.219326
v -16.339083 8.515524 -4.769133
v -16.339083 8.569797 -4.670907
v -16.339083 8.674934 -4.472617
v -15.435593 8.724510 -4.832242
v -15.435593 8.779493 -4.731609
v -15.893546 9.319070 -3.320599
v -15.893546 9.474477 -2.847048
v -16.339083 9.359688 -2.766755
v -15.435593 9.538426 -2.913065
v -15.893546 9.599655 -2.391228
v -15.893546 9.785575 -1.453892
v -15.893546 9.844890 -0.974368
v -16.339083 9.712449 -0.962740
v -16.763390 9.530850 -0.946192
v -15.435593 9.924991 -0.980783
v -15.893546 9.880957 -0.487777
v -16.339083 9.720708 0.875433
v -15.893546 9.788490 1.434129
v -15.435593 9.924096 0.989796
v -15.893546 9.576559 2.482114
v -16.339083 9.286073 3.004589
v -15.435593 9.501554 3.031174
v -16.339083 8.605114 4.605518
v -16.763390 8.410029 4.583016
v -16.339083 8.558031 4.692429
v -15.435593 8.863127 4.573031
v -15.435593 8.768688 4.751603
v -15.435593 8.720118 4.840163
v -16.763390 7.429715 6.044162
v -16.339083 7.588964 6.137290
v -15.435593 7.790986 6.226404
v -15.893546 7.363763 6.606541
v -16.339083 6.303583 7.451404
v -15.435593 6.414638 7.636743
v -15.893546 5.945575 7.907048
v -15.893546 5.057446 8.502560
v -16.339083 4.498421 8.661571
v -15.435593 4.686821 8.803473
v -15.893546 3.315670 9.320823
v -16.339083 2.794308 9.351501
v -16.763390 2.737904 9.178041
v -15.435593 2.864119 9.553240
v -16.339083 0.991103 9.709603
v -15.893546 0.963384 9.845979
v -15.893546 1.448418 9.786394
v -15.893546 0.482234 9.881236
v -15.435593 0.929637 9.929919
v 104.081192 1.000000 5.500000
v 104.081192 1.049068 5.498796
v 104.081192 1.098017 5.495185
v 104.081192 1.146730 5.489176
v 104.081192 1.195090 5.480785
v 104.081192 1.242980 5.470031
v 104.081192 1.290285 5.456940
v 104.081192 1.336890 5.441544
v 104.081192 1.382683 5.423880
v 104.081192 1.427555 5.403989
v 104.081192 1.471397 5.381921
v 104.081192 1.514103 5.357728
v 104.081192 1.555570 5.331470
v 104.081192 1.595699 5.303207
v 104.081192 1.634393 5.273010
v 104.081192 1.671559 5.240951
v 104.081192 1.707107 5.207107
v 104.081192 1.740951 5.171559
v 104.081192 1.773010 5.134393
v 104.081192 1.803208 5.095699
v 104.081192 1.831470 5.055570
v 104.081192 1.857729 5.014103
v 104.081192 1.881921 4.971397
v 104.081192 1.903989 4.927555
v 104.081192 1.923880 4.882683
v 104.081192 1.941544 4.836890
v 104.081192 1.970031 4.742980
v 104.081192 1.980785 4.695090
v 104.081192 1.956940 4.790285
v 104.081192 1.989177 4.646730
v 104.081192 1.995185 4.598017
v 104.081192 1.998796 4.549067
v 104.081192 2.000000 4.500000
v 104.081192 2.000000 -4.500000
v 104.081192 1.000000 -5.500000
v 104.081192 1.098017 -5.495185
v 104.081192 1.049068 -5.498796
v 104.081192 1.146730 -5.489176
v 104.081192 1.195090 -5.480785
v 104.081192 1.242980 -5.470031
v 104.081192 1.290285 -5.456940
v 104.081192 1.336890 -5.441544
v 104.081192 1.382683 -5.423880
v 104.081192 1.427555 -5.403989
v 104.081192 1.471397 -5.381921
v 104.081192 1.514103 -5.357728
v 104.081192 1.555570 -5.331470
v 104.081192 1.595699 -5.303207
v 104.081192 1.634393 -5.273010
v 104.081192 1.671559 -5.240951
v 104.081192 1.707107 -5.207107
v 104.081192 1.740951 -5.171559
v 104.081192 1.773010 -5.134393
v 104.081192 1.803208 -5.095699
v 104.081192 1.831470 -5.055570
v 104.081192 1.857729 -5.014103
v 104.081192 1.881921 -4.971397
v 104.081192 1.903989 -4.927555
v 104.081192 1.923880 -4.882683
v 104.081192 1.941544 -4.836890
v 104.081192 1.956940 -4.790285
v 104.081192 1.970031 -4.742980
v 104.081192 1.980785 -4.695090
v 104.081192 1.989177 -4.646730
v 104.081192 1.995185 -4.598017
v 104.081192 1.998796 -4.549067
v -34.003265 0.186852 -0.939368
v -34.003265 0.093878 -0.953159
v -34.003265 0.278026 -0.916530
v -34.003265 0.366523 -0.884865
v -34.003265 0.451490 -0.844679
v -32.087723 0.187756 -1.906318
v -34.003265 0.532109 -0.796357
v -32.087723 0.373704 -1.878735
v -34.003265 0.607603 -0.740367
v -32.087723 0.556052 -1.833059
v -34.003265 0.677246 -0.677246
v -32.087723 0.733046 -1.769730
v -34.003265 0.740367 -0.607603
v -32.087723 0.902980 -1.689357
v -34.003265 0.796357 -0.532109
v -30.172180 0.281634 -2.859477
v -32.087723 1.064218 -1.592715
v -34.003265 0.844679 -0.451490
v -30.172180 0.560555 -2.818103
v -32.087723 1.215207 -1.480734
v -34.003265 0.884865 -0.366523
v -30.172180 0.834079 -2.749589
v -32.087723 1.354493 -1.354493
v -34.003265 0.916530 -0.278026
v -30.172180 1.099569 -2.654595
v -32.087723 1.480734 -1.215207
v -34.003265 0.939368 -0.186852
v -30.172180 1.354470 -2.534035
v -32.087723 1.592715 -1.064218
v -28.256639 0.375512 -3.812636
v -34.003265 0.953159 -0.093878
v -30.172180 1.596327 -2.389072
v -32.087723 1.689357 -0.902980
v -28.256639 0.747407 -3.757470
v -34.003265 0.957771 0.000000
v -30.172180 1.822810 -2.221101
v -32.087723 1.769730 -0.733046
v -28.256639 1.112105 -3.666118
v -34.003265 0.953159 0.093878
v -30.172180 2.031739 -2.031739
v -32.087723 1.833059 -0.556052
v -28.256639 1.466092 -3.539460
v -34.003265 0.939368 0.186852
v -30.172180 2.221101 -1.822810
v -32.087723 1.878735 -0.373704
v -28.256639 1.805960 -3.378714
v -34.003265 0.916530 0.278026
v -30.172180 2.389072 -1.596327
v -26.341097 0.469390 -4.765795
v -32.087723 1.906318 -0.187756
v -28.256639 2.128436 -3.185430
v -34.003265 0.884865 0.366523
v -30.172180 2.534035 -1.354470
v -26.341097 0.934259 -4.696838
v -32.087723 1.915542 0.000000
v -28.256639 2.430414 -2.961468
v -34.003265 0.844679 0.451490
v -30.172180 2.654595 -1.099569
v -26.341097 1.390131 -4.582648
v -32.087723 1.906318 0.187756
v -28.256639 2.708985 -2.708985
v -34.003265 0.796357 0.532109
v -30.172180 2.749589 -0.834079
v -26.341097 1.832615 -4.424325
v -32.087723 1.878735 0.373704
v -28.256639 2.961468 -2.430414
v -34.003265 0.740367 0.607603
v -30.172180 2.818103 -0.560555
v -26.341097 2.257450 -4.223392
v -32.087723 1.833059 0.556052
v -28.256639 3.185430 -2.128436
v -24.425556 0.563268 -5.718954
v -34.003265 0.677246 0.677246
v -30.172180 2.859477 -0.281634
v -26.341097 2.660545 -3.981787
v -32.087723 1.769730 0.733046
v -28.256639 3.378714 -1.805960
v -24.425556 1.121111 -5.636206
v -34.003265 0.607603 0.740367
v -30.172180 2.873313 0.000000
v -26.341097 3.038017 -3.701834
v -32.087723 1.689357 0.902980
v -28.256639 3.539460 -1.466092
v -24.425556 1.668157 -5.499177
v -34.003265 0.532109 0.796357
v -30.172180 2.859477 0.281634
v -26.341097 3.386231 -3.386231
v -32.087723 1.592715 1.064218
v -28.256639 3.666118 -1.112105
v -24.425556 2.199138 -5.309189
v -34.003265 0.451490 0.844679
v -30.172180 2.818103 0.560555
v -26.341097 3.701834 -3.038017
v -32.087723 1.480734 1.215207
v -28.256639 3.757470 -0.747407
v -24.425556 2.708941 -5.068071
v -34.003265 0.366523 0.884865
v -30.172180 2.749589 0.834079
v -26.341097 3.981787 -2.660545
v -22.510014 0.657146 -6.672112
v -32.087723 1.354493 1.354493
v -28.256639 3.812636 -0.375512
v -24.425556 3.192654 -4.778144
v -34.003265 0.278026 0.916530
v -30.172180 2.654595 1.099569
v -26.341097 4.223392 -2.257450
v -22.510014 1.307963 -6.575573
v -32.087723 1.215207 1.480734
v -28.256639 3.831084 0.000000
v -24.425556 3.645621 -4.442202
v -34.003265 0.186852 0.939368
v -30.172180 2.534035 1.354470
v -26.341097 4.424325 -1.832615
v -22.510014 1.946183 -6.415707
v -32.087723 1.064218 1.592715
v -28.256639 3.812636 0.375512
v -24.425556 4.063478 -4.063478
v -34.003265 0.093878 0.953159
v -30.172180 2.389072 1.596327
v -26.341097 4.582648 -1.390131
v -22.510014 2.565661 -6.194055
v -32.087723 0.902980 1.689357
v -28.256639 3.757470 0.747407
v -24.425556 4.442202 -3.645621
v -30.172180 2.221101 1.822810
v -26.341097 4.696838 -0.934259
v -22.510014 3.160430 -5.912749
v -32.087723 0.733046 1.769730
v -28.256639 3.666118 1.112105
v -24.425556 4.778144 -3.192654
v -20.594473 0.751024 -7.625272
v -30.172180 2.031739 2.031739
v -26.341097 4.765795 -0.469390
v -22.510014 3.724763 -5.574502
v -32.087723 0.556052 1.833059
v -28.256639 3.539460 1.466092
v -24.425556 5.068071 -2.708941
v -20.594473 1.494815 -7.514941
v -30.172180 1.822810 2.221101
v -26.341097 4.788855 0.000000
v -22.510014 4.253224 -5.182568
v -32.087723 0.373704 1.878735
v -28.256639 3.378714 1.805960
v -24.425556 5.309189 -2.199138
v -20.594473 2.224210 -7.332237
v -30.172180 1.596327 2.389072
v -26.341097 4.765795 0.469390
v -22.510014 4.740724 -4.740724
v -32.087723 0.187756 1.906318
v -28.256639 3.185430 2.128436
v -24.425556 5.499177 -1.668157
v -20.594473 2.932184 -7.078919
v -30.172180 1.354470 2.534035
v -26.341097 4.696838 0.934259
v -22.510014 5.182568 -4.253224
v -28.256639 2.961468 2.430414
v -24.425556 5.636206 -1.121111
v -20.594473 3.611921 -6.757428
v -30.172180 1.099569 2.654595
v -26.341097 4.582648 1.390131
v -22.510014 5.574502 -3.724763
v -18.678930 0.844902 -8.578430
v -28.256639 2.708985 2.708985
v -24.425556 5.718954 -0.563268
v -20.594473 4.256872 -6.370859
v -30.172180 0.834079 2.749589
v -26.341097 4.424325 1.832615
v -22.510014 5.912749 -3.160430
v -18.678930 1.681666 -8.454309
v -28.256639 2.430414 2.961468
v -24.425556 5.746625 0.000000
v -20.594473 4.860827 -5.922935
v -30.172180 0.560555 2.818103
v -26.341097 4.223392 2.257450
v -22.510014 6.194055 -2.565661
v -18.678930 2.502236 -8.248766
v -28.256639 2.128436 3.185430
v -24.425556 5.718954 0.563268
v -20.594473 5.417970 -5.417970
v -30.172180 0.281634 2.859477
v -26.341097 3.981787 2.660545
v -22.510014 6.415707 -1.946183
v -18.678930 3.298707 -7.963784
v -28.256639 1.805960 3.378714
v -24.425556 5.636206 1.121111
v -20.594473 5.922935 -4.860827
v -26.341097 3.701834 3.038017
v -22.510014 6.575573 -1.307963
v -18.678930 4.063411 -7.602107
v -28.256639 1.466092 3.539460
v -24.425556 5.499177 1.668157
v -20.594473 6.370859 -4.256872
v -26.341097 3.386231 3.386231
v -22.510014 6.672112 -0.657146
v -18.678930 4.788981 -7.167216
v -28.256639 1.112105 3.666118
v -24.425556 5.309189 2.199138
v -20.594473 6.757428 -3.611921
v -26.341097 3.038017 3.701834
v -22.510014 6.704396 0.000000
v -18.678930 5.468431 -6.663302
v -28.256639 0.747407 3.757470
v -24.425556 5.068071 2.708941
v -20.594473 7.078919 -2.932184
v -26.341097 2.660545 3.981787
v -22.510014 6.672112 0.657146
v -18.678930 6.095217 -6.095217
v -28.256639 0.375512 3.812636
v -24.425556 4.778144 3.192654
v -20.594473 7.332237 -2.224210
v -26.341097 2.257450 4.223392
v -22.510014 6.575573 1.307963
v -18.678930 6.663302 -5.468431
v -24.425556 4.442202 3.645621
v -20.594473 7.514941 -1.494815
v -26.341097 1.832615 4.424325
v -22.510014 6.415707 1.946183
v -18.678930 7.167216 -4.788981
v -24.425556 4.063478 4.063478
v -20.594473 7.625272 -0.751024
v -26.341097 1.390131 4.582648
v -22.510014 6.194055 2.565661
v -18.678930 7.602107 -4.063411
v -24.425556 3.645621 4.442202
v -20.594473 7.662167 0.000000
v -26.341097 0.934259 4.696838
v -22.510014 5.912749 3.160430
v -18.678930 7.963784 -3.298707
v -24.425556 3.192654 4.778144
v -20.594473 7.625272 0.751024
v -26.341097 0.469390 4.765795
v -22.510014 5.574502 3.724763
v -18.678930 8.248766 -2.502236
v -24.425556 2.708941 5.068071
v -20.594473 7.514941 1.494815
v -22.510014 5.182568 4.253224
v -18.678930 8.454309 -1.681666
v -24.425556 2.199138 5.309189
v -20.594473 7.332237 2.224210
v -22.510014 4.740724 4.740724
v -18.678930 8.578430 -0.844902
v -24.425556 1.668157 5.499177
v -20.594473 7.078919 2.932184
v -22.510014 4.253224 5.182568
v -18.678930 8.619938 0.000000
v -24.425556 1.121111 5.636206
v -20.594473 6.757428 3.611921
v -22.510014 3.724763 5.574502
v -18.678930 8.578430 0.844902
v -24.425556 0.563268 5.718954
v -20.594473 6.370859 4.256872
v -22.510014 3.160430 5.912749
v -18.678930 8.454309 1.681666
v -20.594473 5.922935 4.860827
v -22.510014 2.565661 6.194055
v -18.678930 8.248766 2.502236
v -20.594473 5.417970 5.417970
v -22.510014 1.946183 6.415707
v -18.678930 7.963784 3.298707
v -20.594473 4.860827 5.922935
v -22.510014 1.307963 6.575573
v -18.678930 7.602107 4.063411
v -20.594473 4.256872 6.370859
v -22.510014 0.657146 6.672112
v -18.678930 7.167216 4.788981
v -20.594473 3.611921 6.757428
v -18.678930 6.663302 5.468431
v -20.594473 2.932184 7.078919
v -18.678930 6.095217 6.095217
v -20.594473 2.224210 7.332237
v -18.678930 5.468431 6.663302
v -20.594473 1.494815 7.514941
v -18.678930 4.788981 7.167216
v -20.594473 0.751024 7.625272
v -18.678930 4.063411 7.602107
v -18.678930 3.298707 7.963784
v -18.678930 2.502236 8.248766
v -18.678930 1.681666 8.454309
v -18.678930 0.844902 8.578430
v 103.081192 1.000000 5.500000
v 103.081192 1.671559 5.240951
v 103.081192 2.000000 9.000000
v 103.081192 1.707107 5.207107
v 103.081192 1.740951 5.171559
v 103.081192 1.773010 5.134393
v 103.081192 1.634393 5.273010
v 103.081192 1.803208 5.095699
v 103.081192 1.595699 5.303207
v 103.081192 1.831470 5.055570
v 103.081192 1.555570 5.331470
v 103.081192 1.857729 5.014103
v 103.081192 1.514103 5.357728
v 103.081192 1.881921 4.971397
v 103.081192 1.471397 5.381921
v 103.081192 1.903989 4.927555
v 103.081192 1.427555 5.403989
v 103.081192 1.923880 4.882683
v 103.081192 1.382683 5.423880
v 103.081192 1.941544 4.836890
v 103.081192 1.336890 5.441544
v 103.081192 1.956940 4.790285
v 103.081192 1.290285 5.456940
v 103.081192 1.970031 4.742980
v 103.081192 1.242980 5.470031
v 103.081192 1.980785 4.695090
v 103.081192 1.195090 5.480785
v 103.081192 1.989177 4.646730
v 103.081192 1.146730 5.489176
v 103.081192 1.995185 4.598017
v 103.081192 1.098017 5.495185
v 103.081192 1.049068 5.498796
v 103.081192 2.000000 4.500000
v 103.081192 1.998796 4.549067
v 103.010483 2.000000 9.000000
v 103.010483 -2.000000 8.004390
v 103.010483 -1.300000 9.004390
v 103.010483 -2.000000 8.304390
v 103.010483 2.000000 8.004390
v -15.989516 -1.300000 9.004390
v -15.989516 -2.000000 8.004390
v -15.989516 -2.000000 8.304390
v -15.989516 2.000000 8.964644
v -15.989516 2.000000 8.004390
v 103.081192 1.000000 -5.500000
v -22.752232 2.000000 5.583288
v 103.081192 2.000000 -8.000799
v 103.081192 1.049068 -5.498796
v 103.081192 1.098017 -5.495185
v 103.081192 1.146730 -5.489176
v 103.081192 1.195090 -5.480785
v 103.081192 1.242980 -5.470031
v 103.081192 1.290285 -5.456940
v 103.081192 1.336890 -5.441544
v 103.081192 1.382683 -5.423880
v 103.081192 1.427555 -5.403989
v 103.081192 1.471397 -5.381921
v 103.081192 1.514103 -5.357728
v 103.081192 1.555570 -5.331470
v 103.081192 1.595699 -5.303207
v 103.081192 1.634393 -5.273010
v 103.081192 1.671559 -5.240951
v 103.081192 1.707107 -5.207107
v 103.081192 1.740951 -5.171559
v 103.081192 1.773010 -5.134393
v 103.081192 1.803208 -5.095699
v 103.081192 1.831470 -5.055570
v 103.081192 1.857729 -5.014103
v 103.081192 1.881921 -4.971397
v 103.081192 1.903989 -4.927555
v 103.081192 1.923880 -4.882683
v 103.081192 1.941544 -4.836890
v 103.081192 1.956940 -4.790285
v 103.081192 1.970031 -4.742980
v 103.081192 1.980785 -4.695090
v 103.081192 1.989177 -4.646730
v 103.081192 2.000000 -4.500000
v 103.081192 1.998796 -4.549067
v 103.081192 1.995185 -4.598017
v -22.752232 2.000000 -5.583288
v 103.081192 -1.300000 -9.000799
v 103.081192 -2.000000 -8.000799
v 103.081192 -2.000000 -8.300799
v -15.918806 2.000000 -9.000000
v -15.918806 -2.000000 -8.000799
v -15.918806 -1.300000 -9.000799
v -15.918806 -2.000000 -8.300799
v -15.918806 2.000000 -8.000799
v 16.150000 2.000000 2.050000
v 12.050000 2.000000 2.050000
v 12.050000 2.000000 -2.050000
v 16.150000 2.000000 -2.050000
v -2.050000 2.000000 2.139496
v -2.050000 2.000000 -1.960504
v 2.050000 2.000000 -1.960504
v 2.050000 2.000000 2.139496
v 95.456596 8.400000 2.300000
v 84.456596 8.400000 2.300000
v 95.456596 8.400000 -2.300000
v 84.456596 8.400000 -2.300000
v 79.456596 2.000000 -2.978762
v 79.456596 2.000000 3.021238
v 101.065712 2.000000 3.021238
v 101.065712 2.000000 -2.978762
v 79.456596 8.400000 -2.978762
v 79.456596 8.400000 3.021238
v 101.065712 8.400000 -2.978762
v 101.065712 8.400000 3.021238
vn 0.000000 -1.000000 -0.000000
vn 0.000000 -1.000000 0.000000
vn -0.000000 -1.000000 0.000000
vn -0.000000 -1.000000 0.000000
vn -0.000000 -1.000000 0.000000
vn -0.000000 -1.000000 0.000000
vn -0.000000 -1.000000 0.000000
vn -0.000000 -1.000000 0.000000
vn -0.000000 -1.000000 0.000000
vn -0.000000 -1.000000 0.000000
vn -0.000000 -1.000000 0.000000
vn -0.000000 -1.000000 0.000000
vn -0.000000 -1.000000 0.000000
vn 0.000000 -1.000000 -0.000000
vn -0.000000 -1.000000 -0.000000
vn 0.000000 -1.000000 0.000000
vn -0.000000 -1.000000 -0.000000
vn -0.000000 -1.000000 -0.000000
vn 0.000000 -1.000000 -0.000000
vn -0.000000 -1.000000 0.000000
vn -0.000000 -1.000000 -0.000000
vn -0.000000 -1.000000 -0.000000
vn -0.000000 -1.000000 -0.000000
vn -0.000000 -1.000000 -0.000000
vn -0.000000 -1.000000 -0.000000
vn -0.000000 -1.000000 -0.000000
vn -0.000000 -1.000000 -0.000000
vn -0.000000 -1.000000 -0.000000
vn -0.000000 -1.000000 -0.000000
vn -0.000000 -1.000000 -0.000000
vn 0.000000 -1.000000 0.000000
vn 0.000000 -1.000000 0.000000
vn -0.000000 -1.000000 -0.000000
vn -0.000000 -1.000000 -0.000000
vn -0.000000 -1.000000 -0.000000
vn -0.000000 -1.000000 -0.000000
vn -0.000000 -1.000000 -0.000000
vn -0.000000 -1.000000 -0.000000
vn -0.000000 -1.000000 -0.000000
vn -0.000000 -1.000000 -0.000000
vn -0.000000 -1.000000 -0.000000
vn -0.000000 -1.000000 -0.000000
vn -0.000000 -1.000000 -0.000000
vn -0.000000 -1.000000 -0.000000
vn -0.000000 -1.000000 -0.000000
vn -0.000000 -1.000000 -0.000000
vn -0.000000 -1.000000 -0.000000
vn -0.000000 -1.000000 -0.000000
vn -0.000000 -1.000000 -0.000000
vn -0.000000 -1.000000 -0.000000
vn -0.000000 -1.000000 -0.000000
vn -0.000000 -1.000000 -0.000000
vn -0.000000 -1.000000 -0.000000
vn -0.000000 -1.000000 -0.000000
vn -0.000000 -1.000000 -0.000000
vn -0.000000 -1.000000 -0.000000
vn -0.000000 -1.000000 -0.000000
vn -0.000000 -1.000000 -0.000000
vn -0.000000 -1.000000 -0.000000
vn -0.000000 -1.000000 -0.000000
vn -0.000000 -1.000000 -0.000000
vn -0.000000 -1.000000 -0.000000
vn 0.000000 -1.000000 0.000000
vn -0.000000 -1.000000 -0.000000
vn 0.000000 -1.000000 -0.000000
vn 0.000000 -1.000000 0.000000
vn -0.000000 -1.000000 0.000000
vn 0.000000 -1.000000 0.000000
vn -0.000000 -1.000000 0.000000
vn 0.000000 -1.000000 -0.000000
vn -0.000000 -1.000000 0.000000
vn 0.000000 -1.000000 -0.000000
vn -0.000000 -1.000000 0.000000
vn 0.000000 -1.000000 -0.000000
vn -0.000000 -1.000000 0.000000
vn 0.000000 -1.000000 -0.000000
vn -0.000000 -1.000000 0.000000
vn 0.000000 -1.000000 -0.000000
vn -0.000000 -1.000000 0.000000
vn 0.000000 -1.000000 0.000000
vn 0.000000 -1.000000 -0.000000
vn 0.000000 -1.000000 -0.000000
vn -0.000000 -1.000000 0.000000
vn -0.000000 -1.000000 0.000000
vn 0.000000 -1.000000 -0.000000
vn -0.000000 -1.000000 0.000000
vn 0.000000 -1.000000 -0.000000
vn -0.000000 -1.000000 0.000000
vn 0.000000 -1.000000 -0.000000
vn -0.000000 -1.000000 0.000000
vn 0.000000 -1.000000 -0.000000
vn -0.000000 -1.000000 0.000000
vn -0.000000 -1.000000 -0.000000
vn 0.000000 -1.000000 -0.000000
vn -0.000000 -1.000000 0.000000
vn -0.000000 -1.000000 0.000000
vn -0.000000 -1.000000 0.000000
vn -0.000000 -1.000000 0.000000
vn -0.000000 -1.000000 0.000000
vn -0.000000 -1.000000 0.000000
vn 0.000000 -1.000000 -0.000000
vn -0.000000 -1.000000 -0.000000
vn -0.000000 -1.000000 0.000000
vn 0.000000 -1.000000 -0.000000
vn -0.000000 -1.000000 -0.000000
vn 0.000000 -1.000000 -0.000000
vn 0.000000 -1.000000 -0.000000
vn 0.000000 0.024931 -0.999689
vn -0.000000 0.025000 -0.999687
vn 0.000000 0.072443 -0.997373
vn -0.000007 0.115014 -0.993364
vn 0.000009 0.074729 -0.997204
vn -0.000016 0.155154 -0.987890
vn 0.000022 0.124343 -0.992239
vn -0.000017 0.195042 -0.980795
vn 0.000026 0.173650 -0.984807
vn -0.000011 0.234610 -0.972090
vn 0.000024 0.222520 -0.974928
vn 0.000003 0.273795 -0.961788
vn -0.000003 0.312528 -0.949909
vn 0.000014 0.270841 -0.962624
vn -0.000014 0.350751 -0.936469
vn 0.000018 0.318487 -0.947927
vn -0.000018 0.388394 -0.921494
vn 0.000026 0.365341 -0.930874
vn -0.000014 0.425402 -0.905004
vn 0.000026 0.411287 -0.911506
vn -0.000003 0.461710 -0.887031
vn 0.000003 0.497259 -0.867602
vn 0.000018 0.456210 -0.889872
vn -0.000011 0.531991 -0.846750
vn 0.000014 0.500001 -0.866025
vn -0.000017 0.565851 -0.824508
vn 0.000024 0.542546 -0.840026
vn -0.000016 0.598780 -0.800914
vn 0.000026 0.583743 -0.811938
vn -0.000007 0.630727 -0.776005
vn 0.000009 0.661638 -0.749824
vn 0.000021 0.623490 -0.781832
vn -0.000007 0.691463 -0.722412
vn 0.000009 0.661686 -0.749781
vn -0.000016 0.720153 -0.693815
vn 0.000022 0.698237 -0.715867
vn -0.000017 0.747662 -0.664080
vn 0.000026 0.733052 -0.680173
vn -0.000011 0.773944 -0.633254
vn 0.000024 0.766044 -0.642788
vn 0.000003 0.798956 -0.601390
vn -0.000003 0.822657 -0.568538
vn 0.000014 0.797133 -0.603804
vn -0.000014 0.845007 -0.534755
vn 0.000018 0.826239 -0.563320
vn -0.000017 0.865972 -0.500092
vn 0.000026 0.853290 -0.521436
vn 0.000026 0.878222 -0.478253
vn -0.000014 0.885515 -0.464611
vn 0.000018 0.900968 -0.433885
vn -0.000002 0.903605 -0.428366
vn 0.000003 0.920212 -0.391420
vn 0.000014 0.921476 -0.388434
vn -0.000011 0.935311 -0.353828
vn 0.000024 0.939693 -0.342020
vn -0.000017 0.948872 -0.315661
vn -0.000032 0.978694 -0.205326
vn 0.000000 0.979687 -0.200534
vn 0.000000 0.977362 -0.211572
vn 0.000116 0.971307 -0.237829
vn -0.000157 0.980142 -0.198297
vn 0.000026 0.955573 -0.294755
vn -0.000016 0.960878 -0.276972
vn 0.000018 0.968308 -0.249760
vn -0.000044 0.973459 -0.228861
vn -0.000136 0.987369 -0.158440
vn 0.000000 0.968123 -0.250475
vn 0.000244 0.969077 -0.246757
vn 0.000039 0.978266 -0.207355
vn -0.000038 0.983207 -0.182495
vn -0.000093 0.992975 -0.118325
vn 0.000325 0.980172 -0.198147
vn -0.000038 0.990542 -0.137207
vn 0.000039 0.986833 -0.161742
vn -0.000028 0.996952 -0.078012
vn 0.000388 0.988831 -0.149041
vn -0.000038 0.995793 -0.091634
vn 0.000039 0.993275 -0.115777
vn -0.000051 0.999996 0.002926
vn 0.000433 0.995031 -0.099569
vn -0.000039 0.998948 -0.045864
vn 0.000039 0.997577 -0.069568
vn -0.000109 0.999057 0.043423
vn 0.000460 0.998757 -0.049846
vn 0.000039 0.999731 -0.023205
vn -0.000039 1.000000 0.000000
vn -0.000145 0.996479 0.083848
vn 0.000469 1.000000 0.000000
vn 0.000039 0.999731 0.023205
vn -0.000039 0.998948 0.045864
vn -0.000159 0.992265 0.124135
vn 0.000460 0.998757 0.049846
vn -0.000038 0.995793 0.091634
vn 0.000039 0.997577 0.069568
vn -0.000150 0.986424 0.164218
vn 0.000039 0.993275 0.115777
vn -0.000038 0.990542 0.137207
vn 0.000433 0.995031 0.099569
vn -0.000119 0.978964 0.204032
vn 0.000000 0.975748 0.218898
vn 0.000000 0.977814 0.209476
vn 0.000150 0.969897 0.243514
vn -0.000038 0.983207 0.182495
vn 0.000039 0.986833 0.161742
vn 0.000388 0.988831 0.149041
vn 0.000020 0.977178 0.212422
vn -0.000032 0.971372 0.237562
vn 0.000039 0.978266 0.207355
vn 0.000325 0.980172 0.198147
vn 0.000012 0.968249 0.249987
vn 0.000244 0.969077 0.246757
vn -0.000011 0.959240 0.282592
vn 0.000000 0.968123 0.250475
vn 0.000024 0.955573 0.294755
vn -0.000017 0.947008 0.321210
vn 0.000026 0.939693 0.342020
vn -0.000016 0.933223 0.359299
vn 0.000021 0.921476 0.388434
vn -0.000007 0.917905 0.396799
vn 0.000009 0.901082 0.433650
vn 0.000010 0.900968 0.433885
vn -0.000007 0.882779 0.469788
vn -0.000016 0.863029 0.505154
vn 0.000022 0.878222 0.478253
vn -0.000017 0.841862 0.539693
vn 0.000027 0.853290 0.521436
vn -0.000011 0.819314 0.573346
vn 0.000024 0.826239 0.563320
vn 0.000003 0.795421 0.606057
vn -0.000003 0.770223 0.637775
vn 0.000014 0.797133 0.603804
vn -0.000014 0.743761 0.668445
vn 0.000019 0.766044 0.642788
vn -0.000018 0.716079 0.698020
vn 0.000026 0.733052 0.680173
vn -0.000014 0.687221 0.726448
vn 0.000025 0.698237 0.715867
vn -0.000002 0.657236 0.753685
vn 0.000002 0.626172 0.779685
vn 0.000018 0.661686 0.749781
vn -0.000011 0.594081 0.804405
vn 0.000014 0.623490 0.781832
vn -0.000017 0.561012 0.827808
vn 0.000024 0.583743 0.811938
vn -0.000016 0.527025 0.849850
vn 0.000026 0.542546 0.840026
vn 0.000021 0.500001 0.866025
vn -0.000007 0.492170 0.870499
vn 0.000008 0.456508 0.889719
vn 0.000010 0.456210 0.889872
vn -0.000008 0.420096 0.907480
vn 0.000022 0.411287 0.911506
vn -0.000016 0.382991 0.923752
vn 0.000026 0.365341 0.930874
vn -0.000017 0.345262 0.938506
vn 0.000024 0.318487 0.947927
vn -0.000011 0.306961 0.951722
vn 0.000014 0.270841 0.962624
vn 0.000003 0.268155 0.963376
vn -0.000003 0.228914 0.973447
vn 0.000019 0.222520 0.974928
vn -0.000014 0.189296 0.981920
vn 0.000026 0.173650 0.984807
vn -0.000017 0.149366 0.988782
vn 0.000026 0.124343 0.992239
vn -0.000014 0.109195 0.994020
vn 0.000018 0.074729 0.997204
vn -0.000002 0.068849 0.997627
vn 0.000001 0.036479 0.999334
vn 0.000027 0.024931 0.999689
vn 0.000000 0.012162 0.999926
vn 0.000168 0.983207 -0.182495
vn 0.000168 0.990542 -0.137207
vn 0.000168 0.995793 -0.091634
vn 0.000168 0.998948 -0.045864
vn 0.000168 1.000000 0.000000
vn 0.000168 0.998948 0.045864
vn 0.000168 0.995793 0.091634
vn 0.000168 0.990542 0.137207
vn 0.000168 0.983207 0.182495
vn 0.000194 0.984833 -0.173504
vn 0.000162 0.991755 -0.128151
vn 0.000107 0.996589 -0.082528
vn 0.000057 0.999325 -0.036730
vn 0.000030 0.999294 -0.037572
vn 0.000127 0.999958 0.009144
vn 0.000174 0.998486 0.054998
vn 0.000199 0.994913 0.100739
vn 0.000202 0.989245 0.146267
vn 0.000182 0.981496 0.191484
vn -0.000168 0.984833 -0.173504
vn -0.000168 0.991755 -0.128151
vn -0.000168 0.996589 -0.082528
vn -0.000168 0.999325 -0.036730
vn -0.000168 0.999958 0.009144
vn -0.000168 0.998486 0.054998
vn -0.000168 0.994913 0.100739
vn -0.000168 0.989245 0.146267
vn -0.000168 0.981496 0.191484
vn -0.000225 0.978266 -0.207355
vn -0.000296 0.986833 -0.161742
vn -0.000350 0.993275 -0.115777
vn -0.000386 0.997577 -0.069568
vn -0.000404 0.999731 -0.023205
vn -0.000404 0.999731 0.023205
vn -0.000386 0.997577 0.069568
vn -0.000350 0.993275 0.115777
vn -0.000296 0.986833 0.161742
vn -0.000225 0.978266 0.207355
vn 0.024532 0.024924 0.999388
vn 0.999698 0.000612 0.024560
vn 0.024532 0.024924 -0.999388
vn 0.024534 0.024924 -0.999388
vn 0.073538 0.024863 -0.996982
vn 0.073533 0.024864 -0.996983
vn 0.122381 0.024743 -0.992175
vn 0.122377 0.024743 -0.992175
vn 0.170907 0.024565 -0.984981
vn 0.170915 0.024563 -0.984980
vn 0.219039 0.024326 -0.975413
vn 0.219039 0.024326 -0.975413
vn 0.024534 0.074707 -0.996904
vn 0.024538 0.074707 -0.996904
vn 0.266631 0.024027 -0.963499
vn 0.266623 0.024029 -0.963501
vn 0.073535 0.074528 -0.994504
vn 0.073533 0.074528 -0.994504
vn 0.313597 0.023673 -0.949261
vn 0.313598 0.023672 -0.949261
vn 0.122377 0.074169 -0.989708
vn 0.122377 0.074169 -0.989708
vn 0.359809 0.023261 -0.932736
vn 0.359810 0.023261 -0.932736
vn 0.170911 0.073631 -0.982531
vn 0.170915 0.073630 -0.982531
vn 0.405133 0.022792 -0.913974
vn 0.405131 0.022793 -0.913974
vn 0.219039 0.072915 -0.972988
vn 0.219039 0.072915 -0.972988
vn 0.449494 0.022271 -0.893006
vn 0.449498 0.022270 -0.893004
vn 0.024534 0.124306 -0.991941
vn 0.024538 0.124305 -0.991941
vn 0.266626 0.072024 -0.961105
vn 0.266623 0.072025 -0.961106
vn 0.492789 0.021692 -0.869879
vn 0.492782 0.021694 -0.869882
vn 0.073544 0.124006 -0.989552
vn 0.073535 0.124008 -0.989553
vn 0.313601 0.070960 -0.946900
vn 0.313598 0.070961 -0.946901
vn 0.534859 0.021065 -0.844679
vn 0.534862 0.021064 -0.844677
vn 0.122368 0.123410 -0.984782
vn 0.122377 0.123408 -0.984781
vn 0.359810 0.069726 -0.930417
vn 0.359810 0.069726 -0.930417
vn 0.575711 0.020384 -0.817399
vn 0.575709 0.020384 -0.817401
vn 0.170912 0.122513 -0.977640
vn 0.170911 0.122514 -0.977640
vn 0.405131 0.068324 -0.911702
vn 0.405135 0.068323 -0.911700
vn 0.615091 0.019655 -0.788211
vn 0.615089 0.019656 -0.788213
vn 0.219038 0.121324 -0.968144
vn 0.219039 0.121323 -0.968144
vn 0.449498 0.066755 -0.890783
vn 0.449494 0.066757 -0.890785
vn 0.073544 0.173179 -0.982141
vn 0.024533 0.173597 -0.984511
vn 0.024534 0.173597 -0.984511
vn 0.653084 0.018879 -0.757050
vn 0.653087 0.018878 -0.757047
vn 0.266626 0.119842 -0.956320
vn 0.266627 0.119841 -0.956320
vn 0.492782 0.065027 -0.867720
vn 0.492782 0.065027 -0.867719
vn 0.073540 0.173178 -0.982141
vn 0.689417 0.018058 -0.724140
vn 0.689416 0.018059 -0.724141
vn 0.313603 0.118071 -0.942185
vn 0.313601 0.118071 -0.942186
vn 0.534862 0.063143 -0.842577
vn 0.534863 0.063143 -0.842576
vn 0.122369 0.172344 -0.977407
vn 0.122370 0.172343 -0.977406
vn 0.724143 0.017193 -0.689436
vn 0.724141 0.017193 -0.689437
vn 0.359810 0.116015 -0.925785
vn 0.359807 0.116016 -0.925786
vn 0.575708 0.061104 -0.815369
vn 0.575709 0.061104 -0.815368
vn 0.170916 0.171094 -0.970317
vn 0.170912 0.171094 -0.970317
vn 0.757114 0.016286 -0.653079
vn 0.757114 0.016286 -0.653080
vn 0.405132 0.113682 -0.907163
vn 0.405135 0.113681 -0.907162
vn 0.615089 0.058922 -0.786253
vn 0.615089 0.058922 -0.786253
vn 0.219031 0.169433 -0.960894
vn 0.266627 0.167362 -0.949157
vn 0.219038 0.169431 -0.960893
vn 0.788252 0.015342 -0.615161
vn 0.788256 0.015340 -0.615157
vn 0.449501 0.111072 -0.886347
vn 0.449494 0.111074 -0.886351
vn 0.024533 0.222453 -0.974635
vn 0.024533 0.222453 -0.974635
vn 0.653087 0.056592 -0.755165
vn 0.653084 0.056592 -0.755167
vn 0.266634 0.167363 -0.949155
vn 0.817492 0.014359 -0.575761
vn 0.817490 0.014359 -0.575763
vn 0.492782 0.108199 -0.863399
vn 0.492786 0.108198 -0.863397
vn 0.073540 0.221917 -0.972288
vn 0.073540 0.221917 -0.972288
vn 0.689417 0.054131 -0.722339
vn 0.689414 0.054132 -0.722342
vn 0.313599 0.164890 -0.935130
vn 0.313603 0.164889 -0.935128
vn 0.844764 0.013341 -0.534973
vn 0.844764 0.013341 -0.534972
vn 0.575708 0.101670 -0.811310
vn 0.534859 0.105064 -0.838383
vn 0.534863 0.105063 -0.838381
vn 0.122377 0.220847 -0.967600
vn 0.122370 0.220849 -0.967601
vn 0.724141 0.051538 -0.687723
vn 0.724145 0.051536 -0.687720
vn 0.359807 0.162020 -0.918851
vn 0.359814 0.162018 -0.918849
vn 0.870020 0.012292 -0.492863
vn 0.870021 0.012291 -0.492862
vn 0.575705 0.101670 -0.811312
vn 0.170916 0.219246 -0.960583
vn 0.170909 0.219247 -0.960584
vn 0.757114 0.048821 -0.651456
vn 0.757116 0.048820 -0.651454
vn 0.788256 0.045986 -0.613627
vn 0.405132 0.158759 -0.900369
vn 0.405125 0.158761 -0.900371
vn 0.893169 0.011212 -0.449581
vn 0.893168 0.011212 -0.449584
vn 0.653085 0.094164 -0.751408
vn 0.615093 0.098039 -0.782336
vn 0.615089 0.098040 -0.782339
vn 0.219042 0.217116 -0.951252
vn 0.219031 0.217119 -0.951254
vn 0.817490 0.043040 -0.574332
vn 0.788253 0.045985 -0.613630
vn 0.449499 0.155117 -0.879710
vn 0.449501 0.155116 -0.879709
vn 0.914167 0.010105 -0.405213
vn 0.914167 0.010105 -0.405213
vn 0.024534 0.270759 -0.962334
vn 0.024533 0.270760 -0.962334
vn 0.653084 0.094164 -0.751409
vn 0.266634 0.214464 -0.939634
vn 0.266622 0.214467 -0.939636
vn 0.817489 0.043040 -0.574334
vn 0.492786 0.151098 -0.856931
vn 0.492781 0.151100 -0.856934
vn 0.932972 0.008974 -0.359837
vn 0.932973 0.008973 -0.359836
vn 0.073540 0.270108 -0.960017
vn 0.073542 0.270108 -0.960017
vn 0.689414 0.090071 -0.718746
vn 0.689415 0.090071 -0.718745
vn 0.313599 0.211295 -0.925748
vn 0.313601 0.211295 -0.925748
vn 0.844764 0.039992 -0.533642
vn 0.844767 0.039990 -0.533638
vn 0.534859 0.146722 -0.832105
vn 0.534865 0.146720 -0.832101
vn 0.949500 0.007822 -0.313670
vn 0.949499 0.007823 -0.313671
vn 0.170909 0.266855 -0.948461
vn 0.122377 0.268804 -0.955389
vn 0.122369 0.268806 -0.955389
vn 0.724145 0.085754 -0.684296
vn 0.724146 0.085753 -0.684295
vn 0.359813 0.207617 -0.909632
vn 0.359813 0.207617 -0.909631
vn 0.870021 0.036843 -0.491637
vn 0.870020 0.036844 -0.491638
vn 0.575706 0.141984 -0.805235
vn 0.575705 0.141985 -0.805236
vn 0.963749 0.006651 -0.266727
vn 0.963749 0.006652 -0.266727
vn 0.170915 0.266856 -0.948460
vn 0.757116 0.081231 -0.648211
vn 0.757112 0.081232 -0.648215
vn 0.405132 0.203441 -0.891336
vn 0.405125 0.203443 -0.891339
vn 0.893169 0.033608 -0.448464
vn 0.893168 0.033609 -0.448466
vn 0.914167 0.030292 -0.404205
vn 0.615094 0.136914 -0.776475
vn 0.615093 0.136914 -0.776476
vn 0.975689 0.005464 -0.219091
vn 0.975689 0.005464 -0.219091
vn 0.219038 0.264264 -0.939248
vn 0.219042 0.264263 -0.939247
vn 0.788254 0.076514 -0.610575
vn 0.788253 0.076515 -0.610575
vn 0.449499 0.198773 -0.870884
vn 0.449495 0.198775 -0.870886
vn 0.914166 0.030291 -0.404207
vn 0.073542 0.317623 -0.945361
vn 0.024526 0.318391 -0.947642
vn 0.024534 0.318390 -0.947642
vn 0.653084 0.131502 -0.745780
vn 0.653084 0.131502 -0.745781
vn 0.985265 0.004264 -0.170982
vn 0.985265 0.004264 -0.170982
vn 0.313601 0.257179 -0.914064
vn 0.266628 0.261036 -0.927777
vn 0.266622 0.261038 -0.927778
vn 0.817491 0.071614 -0.571471
vn 0.817489 0.071616 -0.571474
vn 0.492781 0.193629 -0.848336
vn 0.492788 0.193626 -0.848333
vn 0.932971 0.026900 -0.358945
vn 0.932973 0.026898 -0.358941
vn 0.073545 0.317623 -0.945361
vn 0.689415 0.125785 -0.713362
vn 0.689412 0.125786 -0.713364
vn 0.992475 0.003053 -0.122409
vn 0.992475 0.003053 -0.122409
vn 0.313601 0.257179 -0.914064
vn 0.844767 0.066540 -0.530981
vn 0.844765 0.066541 -0.530985
vn 0.534865 0.188016 -0.823753
vn 0.534858 0.188018 -0.823757
vn 0.949499 0.023448 -0.312891
vn 0.949501 0.023447 -0.312888
vn 0.122370 0.316092 -0.940803
vn 0.122369 0.316093 -0.940804
vn 0.724146 0.119755 -0.679170
vn 0.724143 0.119756 -0.679172
vn 0.999698 0.000612 -0.024560
vn 0.997292 0.001833 -0.073523
vn 0.999698 0.000612 -0.024560
vn 0.997292 0.001834 -0.073523
vn 0.359813 0.252701 -0.898152
vn 0.359808 0.252703 -0.898153
vn 0.870020 0.061303 -0.489190
vn 0.870021 0.061303 -0.489189
vn 0.575706 0.181946 -0.797156
vn 0.575710 0.181945 -0.797154
vn 0.975689 0.016378 -0.218547
vn 0.963749 0.019939 -0.266064
vn 0.963749 0.019939 -0.266064
vn 0.170915 0.313801 -0.933979
vn 0.170919 0.313800 -0.933979
vn 0.757116 0.113440 -0.643356
vn 0.757112 0.113442 -0.643360
vn 0.405134 0.247618 -0.880086
vn 0.405132 0.247619 -0.880087
vn 0.449495 0.241938 -0.859896
vn 0.893169 0.055920 -0.446231
vn 0.893169 0.055920 -0.446231
vn 0.615094 0.175447 -0.768685
vn 0.615093 0.175448 -0.768687
vn 0.975689 0.016378 -0.218546
vn 0.219038 0.310751 -0.924909
vn 0.219031 0.310753 -0.924910
vn 0.788252 0.106855 -0.606004
vn 0.788254 0.106854 -0.606002
vn 0.449487 0.241937 -0.859900
vn 0.492788 0.235671 -0.837627
vn 0.914165 0.050402 -0.402196
vn 0.914166 0.050401 -0.402194
vn 0.024526 0.365231 -0.930594
vn 0.024526 0.365231 -0.930594
vn 0.653084 0.168512 -0.738299
vn 0.653084 0.168512 -0.738298
vn 0.992475 0.009151 -0.122105
vn 0.985265 0.012782 -0.170557
vn 0.985265 0.012782 -0.170557
vn 0.266628 0.306956 -0.913612
vn 0.266628 0.306956 -0.913612
vn 0.817490 0.100011 -0.567192
vn 0.817491 0.100011 -0.567191
vn 0.492789 0.235671 -0.837627
vn 0.932971 0.044758 -0.357158
vn 0.932973 0.044757 -0.357153
vn 0.073544 0.364352 -0.928353
vn 0.073545 0.364352 -0.928353
vn 0.689415 0.161187 -0.706205
vn 0.689412 0.161188 -0.706207
vn 0.992475 0.009150 -0.122105
vn 0.313601 0.302421 -0.900109
vn 0.313607 0.302419 -0.900107
vn 0.844765 0.092926 -0.527008
vn 0.844767 0.092925 -0.527004
vn 0.534863 0.228843 -0.813359
vn 0.534858 0.228845 -0.813361
vn 0.575710 0.221454 -0.787094
vn 0.949501 0.039015 -0.311330
vn 0.949500 0.039016 -0.311333
vn 0.170919 0.359966 -0.917176
vn 0.122374 0.362595 -0.923877
vn 0.122370 0.362596 -0.923877
vn 0.724143 0.153462 -0.672358
vn 0.724144 0.153462 -0.672358
vn 0.997292 0.005496 -0.073340
vn 0.999698 0.001836 -0.024499
vn 0.997292 0.005496 -0.073340
vn 0.999698 0.001836 -0.024498
vn 0.359808 0.297157 -0.884441
vn 0.359810 0.297156 -0.884440
vn 0.870019 0.085612 -0.485527
vn 0.870021 0.085611 -0.485525
vn 0.575706 0.221454 -0.787097
vn 0.615092 0.213545 -0.758986
vn 0.963749 0.033176 -0.264740
vn 0.963749 0.033176 -0.264740
vn 0.170916 0.359966 -0.917176
vn 0.757116 0.145369 -0.636901
vn 0.757115 0.145370 -0.636902
vn 0.405134 0.291178 -0.866650
vn 0.405129 0.291180 -0.866651
vn 0.893169 0.078093 -0.442889
vn 0.893169 0.078093 -0.442889
vn 0.615094 0.213545 -0.758985
vn 0.975689 0.027251 -0.217459
vn 0.975689 0.027251 -0.217458
vn 0.266628 0.352116 -0.897176
vn 0.219029 0.356470 -0.908270
vn 0.219031 0.356470 -0.908270
vn 0.788250 0.136930 -0.599927
vn 0.788252 0.136928 -0.599924
vn 0.817490 0.128159 -0.561502
vn 0.449487 0.284501 -0.846771
vn 0.449495 0.284498 -0.846768
vn 0.914165 0.070387 -0.399184
vn 0.914165 0.070387 -0.399185
vn 0.024536 0.411163 -0.911232
vn 0.024527 0.411165 -0.911231
vn 0.653084 0.205103 -0.728982
vn 0.653084 0.205103 -0.728981
vn 0.689415 0.196188 -0.697293
vn 0.985265 0.021267 -0.169707
vn 0.985265 0.021267 -0.169708
vn 0.266629 0.352116 -0.897175
vn 0.817493 0.128159 -0.561499
vn 0.492786 0.277132 -0.824839
vn 0.492789 0.277131 -0.824838
vn 0.932972 0.062504 -0.354480
vn 0.932973 0.062504 -0.354478
vn 0.073538 0.410175 -0.909037
vn 0.073544 0.410174 -0.909037
vn 0.689412 0.196187 -0.697296
vn 0.992475 0.015226 -0.121497
vn 0.992475 0.015226 -0.121497
vn 0.313607 0.346909 -0.883914
vn 0.313600 0.346912 -0.883916
vn 0.844767 0.119078 -0.521717
vn 0.844764 0.119080 -0.521721
vn 0.534859 0.269103 -0.800943
vn 0.534863 0.269101 -0.800941
vn 0.949500 0.054486 -0.309001
vn 0.949501 0.054484 -0.308998
vn 0.122374 0.408195 -0.904655
vn 0.122369 0.408196 -0.904655
vn 0.757115 0.176935 -0.628864
vn 0.724144 0.186785 -0.663873
vn 0.724147 0.186783 -0.663869
vn 0.997292 0.009145 -0.072975
vn 0.999698 0.003055 -0.024377
vn 0.999698 0.003055 -0.024377
vn 0.997292 0.009145 -0.072975
vn 0.359810 0.340873 -0.868529
vn 0.359817 0.340870 -0.868527
vn 0.870021 0.109705 -0.480654
vn 0.870019 0.109707 -0.480657
vn 0.575706 0.260413 -0.775079
vn 0.575707 0.260412 -0.775078
vn 0.963749 0.046331 -0.262757
vn 0.963748 0.046332 -0.262759
vn 0.219029 0.401299 -0.889374
vn 0.170916 0.405234 -0.898094
vn 0.170912 0.405235 -0.898094
vn 0.788250 0.166663 -0.592356
vn 0.757113 0.176935 -0.628867
vn 0.405129 0.334017 -0.851060
vn 0.449494 0.326353 -0.831534
vn 0.405128 0.334017 -0.851060
vn 0.893169 0.100072 -0.438446
vn 0.893167 0.100073 -0.438449
vn 0.615093 0.251112 -0.747397
vn 0.615092 0.251113 -0.747399
vn 0.975689 0.038057 -0.215830
vn 0.975689 0.038056 -0.215829
vn 0.219043 0.401300 -0.889370
vn 0.817493 0.155988 -0.554413
vn 0.788253 0.166663 -0.592352
vn 0.449495 0.326353 -0.831534
vn 0.914167 0.090196 -0.395176
vn 0.914165 0.090198 -0.395180
vn 0.024537 0.456072 -0.889604
vn 0.024536 0.456073 -0.889604
vn 0.653084 0.241186 -0.717852
vn 0.653088 0.241184 -0.717849
vn 0.985265 0.029700 -0.168437
vn 0.985265 0.029699 -0.168436
vn 0.266628 0.396400 -0.878508
vn 0.266629 0.396399 -0.878508
vn 0.817491 0.155988 -0.554415
vn 0.492788 0.317901 -0.809999
vn 0.492786 0.317902 -0.810000
vn 0.932972 0.080097 -0.350925
vn 0.932972 0.080096 -0.350924
vn 0.073540 0.454975 -0.887463
vn 0.073538 0.454975 -0.887462
vn 0.689413 0.230702 -0.686649
vn 0.689412 0.230703 -0.686649
vn 0.992475 0.021262 -0.120586
vn 0.992475 0.021263 -0.120587
vn 0.313594 0.390542 -0.865526
vn 0.313600 0.390540 -0.865525
vn 0.844765 0.144937 -0.515136
vn 0.870021 0.133529 -0.474588
vn 0.844764 0.144937 -0.515137
vn 0.534854 0.308693 -0.786536
vn 0.534860 0.308691 -0.786534
vn 0.949500 0.069819 -0.305900
vn 0.949501 0.069819 -0.305898
vn 0.122374 0.452782 -0.883184
vn 0.122369 0.452783 -0.883184
vn 0.724147 0.219642 -0.653734
vn 0.724142 0.219645 -0.653738
vn 0.997292 0.012771 -0.072429
vn 0.999698 0.004266 -0.024194
vn 0.999698 0.004266 -0.024194
vn 0.997292 0.012771 -0.072429
vn 0.359817 0.383740 -0.850456
vn 0.359815 0.383741 -0.850457
vn 0.870020 0.133529 -0.474590
vn 0.615092 0.288055 -0.733953
vn 0.575712 0.298721 -0.761132
vn 0.575708 0.298723 -0.761134
vn 0.963749 0.059371 -0.260122
vn 0.963748 0.059371 -0.260123
vn 0.170912 0.449498 -0.876778
vn 0.170909 0.449499 -0.876779
vn 0.757113 0.208062 -0.619265
vn 0.757116 0.208060 -0.619262
vn 0.449495 0.367396 -0.814233
vn 0.405131 0.376022 -0.833352
vn 0.405128 0.376023 -0.833353
vn 0.893167 0.121804 -0.432915
vn 0.893168 0.121803 -0.432914
vn 0.653088 0.276666 -0.704934
vn 0.615089 0.288055 -0.733954
vn 0.975689 0.048767 -0.213663
vn 0.985265 0.038059 -0.166747
vn 0.975689 0.048767 -0.213664
vn 0.219042 0.445132 -0.868262
vn 0.219043 0.445132 -0.868261
vn 0.788252 0.195982 -0.583310
vn 0.788253 0.195981 -0.583309
vn 0.449495 0.367396 -0.814232
vn 0.914166 0.109783 -0.390190
vn 0.914166 0.109782 -0.390189
vn 0.932972 0.097489 -0.346496
vn 0.024530 0.499851 -0.865764
vn 0.024537 0.499849 -0.865765
vn 0.653086 0.276666 -0.704936
vn 0.985265 0.038059 -0.166747
vn 0.266628 0.439695 -0.857659
vn 0.266623 0.439696 -0.857659
vn 0.817492 0.183429 -0.545949
vn 0.817491 0.183430 -0.545950
vn 0.492785 0.357882 -0.793148
vn 0.492788 0.357881 -0.793146
vn 0.949500 0.084981 -0.302039
vn 0.932972 0.097489 -0.346496
vn 0.073536 0.498646 -0.863681
vn 0.073540 0.498645 -0.863681
vn 0.122374 0.496241 -0.859517
vn 0.689417 0.264639 -0.674292
vn 0.689413 0.264642 -0.674296
vn 0.992475 0.027247 -0.119377
vn 0.992475 0.027247 -0.119376
vn 0.313598 0.433197 -0.844984
vn 0.313594 0.433198 -0.844984
vn 0.359815 0.425655 -0.830272
vn 0.844765 0.170434 -0.507271
vn 0.844765 0.170434 -0.507271
vn 0.534862 0.347512 -0.770167
vn 0.534854 0.347516 -0.770171
vn 0.949500 0.084981 -0.302039
vn 0.122377 0.496242 -0.859516
vn 0.757116 0.238670 -0.608121
vn 0.724142 0.251958 -0.641977
vn 0.724142 0.251958 -0.641977
vn 0.999698 0.005467 -0.023951
vn 0.997292 0.016366 -0.071702
vn 0.999698 0.005467 -0.023951
vn 0.997292 0.016366 -0.071702
vn 0.359812 0.425655 -0.830273
vn 0.870020 0.157019 -0.467344
vn 0.870020 0.157019 -0.467343
vn 0.575712 0.336290 -0.745295
vn 0.575708 0.336292 -0.745297
vn 0.975689 0.059357 -0.210967
vn 0.963749 0.072263 -0.256837
vn 0.963749 0.072264 -0.256839
vn 0.170910 0.492644 -0.853283
vn 0.170914 0.492643 -0.853283
vn 0.757116 0.238671 -0.608122
vn 0.405131 0.417094 -0.813573
vn 0.405131 0.417094 -0.813573
vn 0.893169 0.143230 -0.426304
vn 0.893167 0.143232 -0.426307
vn 0.615089 0.324282 -0.718684
vn 0.615088 0.324283 -0.718685
vn 0.975689 0.059357 -0.210968
vn 0.219042 0.487857 -0.844995
vn 0.219037 0.487859 -0.844995
vn 0.788252 0.224814 -0.572816
vn 0.788252 0.224814 -0.572815
vn 0.492785 0.396972 -0.774323
vn 0.449500 0.407523 -0.794905
vn 0.449495 0.407525 -0.794907
vn 0.914166 0.129095 -0.384233
vn 0.914167 0.129094 -0.384231
vn 0.024531 0.542383 -0.839773
vn 0.024532 0.542383 -0.839773
vn 0.653085 0.311461 -0.690269
vn 0.653086 0.311461 -0.690269
vn 0.985265 0.046323 -0.164643
vn 0.992475 0.033164 -0.117871
vn 0.985265 0.046323 -0.164643
vn 0.266627 0.481899 -0.834675
vn 0.266623 0.481901 -0.834676
vn 0.817490 0.210416 -0.536130
vn 0.817492 0.210414 -0.536127
vn 0.492785 0.396972 -0.774323
vn 0.932972 0.114639 -0.341206
vn 0.932972 0.114639 -0.341206
vn 0.073536 0.541078 -0.837751
vn 0.073536 0.541078 -0.837751
vn 0.689415 0.297922 -0.660265
vn 0.689417 0.297921 -0.660263
vn 0.992475 0.033163 -0.117870
vn 0.313598 0.474778 -0.822339
vn 0.313599 0.474778 -0.822339
vn 0.844766 0.195507 -0.498144
vn 0.844765 0.195507 -0.498145
vn 0.870020 0.180119 -0.458935
vn 0.534860 0.385471 -0.751889
vn 0.534862 0.385470 -0.751888
vn 0.949500 0.099930 -0.297428
vn 0.949500 0.099930 -0.297428
vn 0.122375 0.538469 -0.833712
vn 0.122377 0.538468 -0.833712
vn 0.724146 0.283642 -0.628617
vn 0.724142 0.283645 -0.628620
vn 0.999698 0.006654 -0.023649
vn 0.997292 0.019919 -0.070798
vn 0.999698 0.006654 -0.023649
vn 0.997292 0.019919 -0.070797
vn 0.359815 0.466512 -0.808022
vn 0.359812 0.466513 -0.808023
vn 0.870021 0.180118 -0.458934
vn 0.615088 0.359704 -0.701627
vn 0.575711 0.373022 -0.727607
vn 0.575708 0.373024 -0.727608
vn 0.963749 0.084975 -0.252916
vn 0.963749 0.084976 -0.252917
vn 0.170914 0.534563 -0.827666
vn 0.170914 0.534563 -0.827666
vn 0.757116 0.268685 -0.595470
vn 0.757113 0.268688 -0.595472
vn 0.405131 0.457130 -0.791771
vn 0.405130 0.457131 -0.791771
vn 0.893167 0.164303 -0.418638
vn 0.893167 0.164303 -0.418638
vn 0.653085 0.345482 -0.673886
vn 0.615090 0.359704 -0.701625
vn 0.975689 0.069799 -0.207747
vn 0.975689 0.069799 -0.207746
vn 0.219037 0.529371 -0.819627
vn 0.219037 0.529371 -0.819627
vn 0.788252 0.253086 -0.560897
vn 0.788253 0.253086 -0.560897
vn 0.449500 0.446639 -0.773604
vn 0.449492 0.446643 -0.773606
vn 0.914167 0.148086 -0.377318
vn 0.914167 0.148087 -0.377319
vn 0.932972 0.131504 -0.335068
vn 0.024532 0.583568 -0.811694
vn 0.024530 0.583568 -0.811694
vn 0.024530 0.623302 -0.781596
vn 0.653082 0.345483 -0.673889
vn 0.985265 0.054473 -0.162129
vn 0.985265 0.054472 -0.162129
vn 0.266627 0.522906 -0.809617
vn 0.313599 0.515178 -0.797651
vn 0.266627 0.522906 -0.809617
vn 0.817490 0.236879 -0.524976
vn 0.817492 0.236876 -0.524973
vn 0.492791 0.435073 -0.753570
vn 0.492785 0.435076 -0.753573
vn 0.932972 0.131504 -0.335066
vn 0.949500 0.114632 -0.292077
vn 0.073542 0.582163 -0.809740
vn 0.073536 0.582164 -0.809739
vn 0.689418 0.330463 -0.644591
vn 0.689415 0.330465 -0.644593
vn 0.992475 0.038998 -0.116071
vn 0.992475 0.038997 -0.116070
vn 0.313600 0.515178 -0.797651
vn 0.844764 0.220096 -0.487781
vn 0.844766 0.220094 -0.487780
vn 0.534860 0.422469 -0.731740
vn 0.534854 0.422473 -0.731743
vn 0.949500 0.114632 -0.292078
vn 0.122372 0.579357 -0.805835
vn 0.122375 0.579356 -0.805835
vn 0.170914 0.575154 -0.799991
vn 0.724146 0.314623 -0.613697
vn 0.724141 0.314627 -0.613702
vn 0.999698 0.007824 -0.023288
vn 0.999698 0.008975 -0.022869
vn 0.997292 0.023423 -0.069716
vn 0.999698 0.007824 -0.023288
vn 0.997292 0.023424 -0.069717
vn 0.359811 0.506210 -0.783765
vn 0.359815 0.506208 -0.783764
vn 0.870021 0.202770 -0.449385
vn 0.870021 0.202771 -0.449387
vn 0.575714 0.408825 -0.708107
vn 0.575711 0.408826 -0.708109
vn 0.975689 0.080068 -0.204009
vn 0.963749 0.097477 -0.248367
vn 0.963749 0.097477 -0.248367
vn 0.219037 0.569568 -0.792221
vn 0.170912 0.575154 -0.799992
vn 0.788253 0.280730 -0.547584
vn 0.757117 0.298033 -0.581336
vn 0.757113 0.298036 -0.581339
vn 0.405130 0.496028 -0.768001
vn 0.405132 0.496027 -0.768001
vn 0.893168 0.184965 -0.409925
vn 0.893167 0.184967 -0.409928
vn 0.615088 0.394229 -0.682825
vn 0.615090 0.394228 -0.682824
vn 0.985265 0.062486 -0.159212
vn 0.975689 0.080068 -0.204009
vn 0.219040 0.569568 -0.792221
vn 0.788252 0.280730 -0.547584
vn 0.449492 0.484648 -0.750382
vn 0.449492 0.484648 -0.750382
vn 0.914167 0.166710 -0.369468
vn 0.914166 0.166712 -0.369470
vn 0.024531 0.623302 -0.781596
vn 0.653082 0.378645 -0.655830
vn 0.653088 0.378640 -0.655826
vn 0.985265 0.062486 -0.159213
vn 0.313600 0.554297 -0.770980
vn 0.266626 0.562613 -0.782546
vn 0.266627 0.562612 -0.782546
vn 0.817492 0.262750 -0.512513
vn 0.844765 0.244136 -0.476204
vn 0.817490 0.262751 -0.512515
vn 0.492791 0.472095 -0.730947
vn 0.492788 0.472096 -0.730948
vn 0.932972 0.148042 -0.328095
vn 0.932972 0.148042 -0.328095
vn 0.073542 0.621801 -0.779715
vn 0.073540 0.621802 -0.779714
vn 0.689412 0.362186 -0.627322
vn 0.689418 0.362181 -0.627318
vn 0.992475 0.044735 -0.113982
vn 0.992475 0.044735 -0.113983
vn 0.313600 0.554297 -0.770980
vn 0.844766 0.244135 -0.476202
vn 0.534861 0.458418 -0.709772
vn 0.534854 0.458422 -0.709775
vn 0.949500 0.129048 -0.286000
vn 0.949500 0.129049 -0.286001
vn 0.122373 0.618804 -0.775956
vn 0.122372 0.618804 -0.775956
vn 0.724145 0.344823 -0.597253
vn 0.724141 0.344826 -0.597256
vn 0.997292 0.026870 -0.068462
vn 0.997292 0.026869 -0.068462
vn 0.999698 0.008975 -0.022869
vn 0.359811 0.544648 -0.757559
vn 0.359811 0.544648 -0.757559
vn 0.870020 0.224919 -0.438721
vn 0.870021 0.224919 -0.438720
vn 0.575710 0.443616 -0.686850
vn 0.575714 0.443614 -0.686848
vn 0.963749 0.109736 -0.243200
vn 0.963749 0.109736 -0.243199
vn 0.170915 0.614316 -0.770328
vn 0.170912 0.614316 -0.770328
vn 0.757117 0.326640 -0.565757
vn 0.757115 0.326641 -0.565758
vn 0.405131 0.533693 -0.742321
vn 0.405132 0.533692 -0.742321
vn 0.893168 0.205168 -0.400195
vn 0.914166 0.184921 -0.360701
vn 0.893168 0.205168 -0.400195
vn 0.615089 0.427775 -0.662325
vn 0.615088 0.427775 -0.662325
vn 0.975689 0.090137 -0.199764
vn 0.975689 0.090137 -0.199764
vn 0.219040 0.608349 -0.762846
vn 0.219036 0.608350 -0.762846
vn 0.788253 0.307676 -0.532910
vn 0.788253 0.307676 -0.532910
vn 0.449492 0.521449 -0.725291
vn 0.449495 0.521448 -0.725290
vn 0.932972 0.164212 -0.320308
vn 0.914166 0.184920 -0.360700
vn 0.024531 0.661487 -0.749555
vn 0.024534 0.661486 -0.749556
vn 0.024534 0.698027 -0.715651
vn 0.653088 0.410860 -0.636137
vn 0.653085 0.410862 -0.636139
vn 0.985265 0.070345 -0.155900
vn 0.985265 0.070345 -0.155900
vn 0.266625 0.600920 -0.753529
vn 0.266627 0.600919 -0.753529
vn 0.817491 0.287971 -0.498780
vn 0.817490 0.287971 -0.498781
vn 0.492788 0.507944 -0.706507
vn 0.492786 0.507945 -0.706508
vn 0.534861 0.493228 -0.686039
vn 0.932972 0.164212 -0.320308
vn 0.073539 0.659894 -0.747751
vn 0.073540 0.659894 -0.747751
vn 0.689412 0.393004 -0.608489
vn 0.689413 0.393003 -0.608489
vn 0.992475 0.050361 -0.111611
vn 0.992475 0.050361 -0.111611
vn 0.313601 0.592038 -0.742392
vn 0.313601 0.592038 -0.742392
vn 0.870020 0.246508 -0.426964
vn 0.844766 0.267568 -0.463441
vn 0.844766 0.267568 -0.463441
vn 0.534861 0.493229 -0.686039
vn 0.949500 0.143144 -0.279213
vn 0.949500 0.143144 -0.279212
vn 0.122373 0.656713 -0.744146
vn 0.122373 0.656713 -0.744146
vn 0.170915 0.651950 -0.738749
vn 0.724144 0.374166 -0.579323
vn 0.724145 0.374166 -0.579322
vn 0.999698 0.010104 -0.022393
vn 0.997292 0.030249 -0.067038
vn 0.997292 0.030249 -0.067038
vn 0.999698 0.010104 -0.022393
vn 0.359808 0.581733 -0.729469
vn 0.359811 0.581731 -0.729469
vn 0.870019 0.246509 -0.426966
vn 0.893168 0.224861 -0.389471
vn 0.575709 0.477301 -0.663885
vn 0.575710 0.477300 -0.663884
vn 0.963749 0.121722 -0.237427
vn 0.975689 0.099982 -0.195023
vn 0.963749 0.121722 -0.237427
vn 0.219036 0.645618 -0.731574
vn 0.170914 0.651950 -0.738749
vn 0.757116 0.354435 -0.548773
vn 0.757115 0.354435 -0.548774
vn 0.405132 0.570030 -0.714796
vn 0.405131 0.570031 -0.714796
vn 0.893168 0.224862 -0.389473
vn 0.653085 0.442060 -0.614868
vn 0.615089 0.460257 -0.640179
vn 0.615090 0.460256 -0.640178
vn 0.975689 0.099982 -0.195023
vn 0.219036 0.645618 -0.731574
vn 0.788253 0.333857 -0.516911
vn 0.788254 0.333856 -0.516910
vn 0.449495 0.556953 -0.698397
vn 0.449495 0.556952 -0.698397
vn 0.914166 0.202670 -0.351035
vn 0.914166 0.202669 -0.351035
vn 0.073539 0.696346 -0.713929
vn 0.024532 0.732831 -0.679968
vn 0.024532 0.698027 -0.715652
vn 0.653085 0.442060 -0.614868
vn 0.985265 0.078028 -0.152200
vn 0.985265 0.078028 -0.152200
vn 0.266627 0.637733 -0.722639
vn 0.266630 0.637732 -0.722639
vn 0.844766 0.290336 -0.449527
vn 0.817490 0.312476 -0.483806
vn 0.817491 0.312475 -0.483806
vn 0.492786 0.542530 -0.680311
vn 0.492786 0.542530 -0.680311
vn 0.932972 0.179974 -0.311725
vn 0.932972 0.179974 -0.311724
vn 0.073541 0.696346 -0.713928
vn 0.689413 0.422846 -0.588142
vn 0.689415 0.422845 -0.588141
vn 0.724144 0.402579 -0.559952
vn 0.992475 0.055862 -0.108962
vn 0.992475 0.055862 -0.108962
vn 0.313601 0.628307 -0.711959
vn 0.313599 0.628308 -0.711959
vn 0.359808 0.617370 -0.699566
vn 0.844765 0.290336 -0.449529
vn 0.534860 0.526812 -0.660601
vn 0.534862 0.526811 -0.660601
vn 0.949500 0.156884 -0.271731
vn 0.949500 0.156883 -0.271730
vn 0.170914 0.687963 -0.705334
vn 0.122373 0.692989 -0.710487
vn 0.122370 0.692989 -0.710487
vn 0.724144 0.402579 -0.559951
vn 0.999698 0.011208 -0.021862
vn 0.999698 0.011208 -0.021862
vn 0.997292 0.033553 -0.065447
vn 0.997292 0.033553 -0.065447
vn 0.359810 0.617370 -0.699565
vn 0.870019 0.267485 -0.414147
vn 0.870020 0.267484 -0.414146
vn 0.575707 0.509800 -0.639269
vn 0.575709 0.509799 -0.639268
vn 0.963749 0.133405 -0.231065
vn 0.963749 0.133406 -0.231065
vn 0.975689 0.109579 -0.189797
vn 0.170914 0.687963 -0.705334
vn 0.757113 0.381351 -0.530425
vn 0.757116 0.381348 -0.530423
vn 0.788254 0.359207 -0.499627
vn 0.405134 0.604951 -0.685493
vn 0.405132 0.604952 -0.685493
vn 0.449496 0.591073 -0.669766
vn 0.893168 0.243996 -0.377780
vn 0.893168 0.243996 -0.377779
vn 0.615090 0.491594 -0.616440
vn 0.615091 0.491594 -0.616440
vn 0.975689 0.109579 -0.189797
vn 0.219040 0.681280 -0.698483
vn 0.219036 0.681282 -0.698483
vn 0.817490 0.336202 -0.467630
vn 0.788253 0.359207 -0.499627
vn 0.449494 0.591073 -0.669767
vn 0.914166 0.219916 -0.340496
vn 0.914166 0.219915 -0.340496
vn 0.024533 0.732831 -0.679968
vn 0.653088 0.472157 -0.592067
vn 0.653085 0.472159 -0.592068
vn 0.985265 0.085518 -0.148121
vn 0.985265 0.085518 -0.148121
vn 0.266626 0.672961 -0.689952
vn 0.266630 0.672960 -0.689952
vn 0.817491 0.336202 -0.467629
vn 0.534862 0.559085 -0.633520
vn 0.492786 0.575766 -0.652422
vn 0.492787 0.575766 -0.652422
vn 0.932972 0.195288 -0.302365
vn 0.949500 0.170233 -0.263572
vn 0.932972 0.195288 -0.302365
vn 0.073541 0.731067 -0.678331
vn 0.073541 0.731067 -0.678331
vn 0.122370 0.727543 -0.675061
vn 0.689415 0.451635 -0.566333
vn 0.689413 0.451636 -0.566334
vn 0.992475 0.061223 -0.106042
vn 0.992475 0.061223 -0.106042
vn 0.359810 0.651473 -0.667922
vn 0.313599 0.663015 -0.679755
vn 0.313603 0.663013 -0.679755
vn 0.844766 0.312383 -0.434498
vn 0.844765 0.312383 -0.434498
vn 0.534860 0.559085 -0.633521
vn 0.949500 0.170233 -0.263572
vn 0.122371 0.727543 -0.675061
vn 0.170914 0.722266 -0.670164
vn 0.724143 0.429990 -0.539190
vn 0.724144 0.429988 -0.539189
vn 0.997292 0.036773 -0.063693
vn 0.999698 0.012284 -0.021276
vn 0.999698 0.012284 -0.021276
vn 0.997292 0.036773 -0.063693
vn 0.359809 0.651473 -0.667922
vn 0.870020 0.287795 -0.400298
vn 0.870019 0.287796 -0.400299
vn 0.575707 0.541031 -0.613063
vn 0.575707 0.541032 -0.613063
vn 0.615091 0.521710 -0.591170
vn 0.963749 0.144758 -0.224128
vn 0.963749 0.144757 -0.224128
vn 0.170913 0.722266 -0.670165
vn 0.219040 0.715250 -0.663655
vn 0.757117 0.407313 -0.510755
vn 0.757113 0.407316 -0.510757
vn 0.405130 0.638370 -0.654488
vn 0.405133 0.638368 -0.654487
vn 0.449494 0.623723 -0.639472
vn 0.893168 0.262522 -0.365147
vn 0.893168 0.262523 -0.365147
vn 0.914166 0.236615 -0.329111
vn 0.615092 0.521710 -0.591169
vn 0.975689 0.118904 -0.184099
vn 0.975689 0.118904 -0.184099
vn 0.219040 0.715251 -0.663655
vn 0.788253 0.383665 -0.481101
vn 0.788251 0.383667 -0.481103
vn 0.449496 0.623723 -0.639471
vn 0.492787 0.607571 -0.622912
vn 0.914166 0.236614 -0.329110
vn 0.932972 0.210117 -0.292255
vn 0.024533 0.765813 -0.642595
vn 0.024533 0.765813 -0.642595
vn 0.653088 0.501083 -0.567796
vn 0.653087 0.501084 -0.567797
vn 0.985265 0.092795 -0.143674
vn 0.985265 0.092795 -0.143674
vn 0.266625 0.706516 -0.655550
vn 0.266626 0.706516 -0.655551
vn 0.817491 0.359093 -0.450289
vn 0.817491 0.359093 -0.450289
vn 0.492786 0.607571 -0.622912
vn 0.534860 0.589969 -0.604865
vn 0.932972 0.210118 -0.292256
vn 0.073541 0.763970 -0.641047
vn 0.073545 0.763970 -0.641047
vn 0.724143 0.456332 -0.517087
vn 0.689413 0.479304 -0.543117
vn 0.689414 0.479304 -0.543117
vn 0.997292 0.039902 -0.061781
vn 0.992475 0.066433 -0.102858
vn 0.992475 0.066433 -0.102858
vn 0.359810 0.683956 -0.634619
vn 0.313603 0.696072 -0.645861
vn 0.313601 0.696073 -0.645861
vn 0.844766 0.333652 -0.418387
vn 0.844765 0.333652 -0.418387
vn 0.534860 0.589969 -0.604865
vn 0.949500 0.183159 -0.254759
vn 0.963749 0.155749 -0.216634
vn 0.949500 0.183160 -0.254759
vn 0.122371 0.760287 -0.637957
vn 0.122371 0.760287 -0.637957
vn 0.724143 0.456332 -0.517086
vn 0.999698 0.013329 -0.020637
vn 0.999698 0.013329 -0.020637
vn 0.997292 0.039902 -0.061781
vn 0.359811 0.683956 -0.634619
vn 0.870020 0.307391 -0.385456
vn 0.870020 0.307391 -0.385456
vn 0.575707 0.570918 -0.585333
vn 0.615092 0.550529 -0.564429
vn 0.575709 0.570916 -0.585332
vn 0.963749 0.155749 -0.216634
vn 0.170913 0.754773 -0.633329
vn 0.170914 0.754773 -0.633330
vn 0.757114 0.432268 -0.489819
vn 0.757117 0.432265 -0.489817
vn 0.788251 0.407170 -0.461381
vn 0.405132 0.670198 -0.621854
vn 0.405129 0.670200 -0.621854
vn 0.893168 0.280398 -0.351608
vn 0.893168 0.280397 -0.351607
vn 0.615091 0.550529 -0.564429
vn 0.975689 0.127932 -0.177943
vn 0.975689 0.127932 -0.177943
vn 0.219040 0.747442 -0.627178
vn 0.219037 0.747442 -0.627178
vn 0.788254 0.407169 -0.461378
vn 0.817491 0.381092 -0.431829
vn 0.449496 0.654823 -0.607586
vn 0.449496 0.654823 -0.607586
vn 0.914166 0.252725 -0.316907
vn 0.914166 0.252725 -0.316907
vn 0.073544 0.794974 -0.602169
vn 0.024532 0.796893 -0.603622
vn 0.024533 0.796893 -0.603622
vn 0.653086 0.528763 -0.542114
vn 0.653086 0.528763 -0.542114
vn 0.985265 0.099841 -0.138870
vn 0.985265 0.099841 -0.138870
vn 0.266626 0.738313 -0.619519
vn 0.266625 0.738314 -0.619519
vn 0.817491 0.381092 -0.431830
vn 0.534860 0.619385 -0.574706
vn 0.492786 0.637865 -0.591852
vn 0.492785 0.637866 -0.591853
vn 0.932972 0.224424 -0.281419
vn 0.932972 0.224424 -0.281419
vn 0.122371 0.791141 -0.599267
vn 0.073541 0.794974 -0.602170
vn 0.689414 0.505780 -0.518551
vn 0.724143 0.481539 -0.493698
vn 0.689413 0.505781 -0.518551
vn 0.997292 0.042932 -0.059715
vn 0.992475 0.071477 -0.099419
vn 0.992475 0.071477 -0.099419
vn 0.313601 0.727401 -0.610362
vn 0.359811 0.714739 -0.599737
vn 0.313600 0.727401 -0.610362
vn 0.844765 0.354092 -0.401236
vn 0.844764 0.354094 -0.401237
vn 0.534861 0.619385 -0.574705
vn 0.949500 0.195630 -0.245313
vn 0.949500 0.195631 -0.245314
vn 0.122374 0.791142 -0.599266
vn 0.724144 0.481538 -0.493696
vn 0.999698 0.014341 -0.019947
vn 0.999698 0.014341 -0.019947
vn 0.997292 0.042932 -0.059715
vn 0.359812 0.714739 -0.599737
vn 0.870020 0.326222 -0.369654
vn 0.870020 0.326222 -0.369654
vn 0.615091 0.577979 -0.536286
vn 0.575708 0.599384 -0.556147
vn 0.575709 0.599383 -0.556146
vn 0.963749 0.166353 -0.208600
vn 0.963749 0.166354 -0.208601
vn 0.170912 0.785404 -0.594920
vn 0.219037 0.777775 -0.589142
vn 0.170914 0.785403 -0.594920
vn 0.757114 0.456146 -0.467663
vn 0.757114 0.456146 -0.467663
vn 0.788254 0.429660 -0.440509
vn 0.405132 0.700362 -0.587674
vn 0.449496 0.684294 -0.574191
vn 0.405129 0.700364 -0.587675
vn 0.893168 0.297576 -0.337194
vn 0.893168 0.297575 -0.337194
vn 0.615091 0.577979 -0.536286
vn 0.975689 0.136643 -0.171345
vn 0.975689 0.136643 -0.171345
vn 0.219033 0.777776 -0.589143
vn 0.817491 0.402143 -0.412297
vn 0.788253 0.429661 -0.440510
vn 0.449498 0.684293 -0.574190
vn 0.914166 0.268207 -0.303916
vn 0.914167 0.268207 -0.303916
vn 0.932972 0.238172 -0.269882
vn 0.024533 0.825990 -0.563150
vn 0.073540 0.824002 -0.561794
vn 0.024532 0.825990 -0.563150
vn 0.653086 0.555128 -0.515084
vn 0.653085 0.555129 -0.515084
vn 0.985265 0.106639 -0.133721
vn 0.985265 0.106639 -0.133721
vn 0.266631 0.768275 -0.581947
vn 0.266626 0.768276 -0.581947
vn 0.844764 0.373653 -0.383088
vn 0.817491 0.402143 -0.412297
vn 0.492784 0.666575 -0.559323
vn 0.492785 0.666574 -0.559322
vn 0.932972 0.238173 -0.269883
vn 0.073543 0.824002 -0.561794
vn 0.689413 0.531000 -0.492696
vn 0.689413 0.530999 -0.492696
vn 0.992475 0.076344 -0.095732
vn 0.992475 0.076344 -0.095733
vn 0.313600 0.756921 -0.573346
vn 0.313599 0.756922 -0.573346
vn 0.844766 0.373652 -0.383086
vn 0.534861 0.647261 -0.543117
vn 0.534861 0.647262 -0.543117
vn 0.963749 0.176544 -0.200049
vn 0.949500 0.207616 -0.235257
vn 0.949500 0.207615 -0.235256
vn 0.122375 0.820028 -0.559087
vn 0.122368 0.820030 -0.559086
vn 0.724144 0.505548 -0.469080
vn 0.724143 0.505549 -0.469081
vn 0.997292 0.045855 -0.057501
vn 0.997292 0.045855 -0.057501
vn 0.999698 0.015317 -0.019207
vn 0.999698 0.015317 -0.019207
vn 0.405128 0.728786 -0.552034
vn 0.359812 0.743744 -0.563365
vn 0.359812 0.743744 -0.563365
vn 0.870020 0.344243 -0.352934
vn 0.893168 0.314013 -0.321942
vn 0.870020 0.344242 -0.352934
vn 0.575708 0.626360 -0.525579
vn 0.575709 0.626359 -0.525578
vn 0.963749 0.176545 -0.200050
vn 0.170912 0.814082 -0.555031
vn 0.170917 0.814081 -0.555032
vn 0.757116 0.478889 -0.444344
vn 0.757114 0.478890 -0.444345
vn 0.405132 0.728785 -0.552033
vn 0.893168 0.314013 -0.321941
vn 0.615091 0.603992 -0.506810
vn 0.615090 0.603993 -0.506810
vn 0.975689 0.145014 -0.164321
vn 0.975689 0.145014 -0.164321
vn 0.219033 0.806176 -0.549640
vn 0.219038 0.806175 -0.549640
vn 0.788253 0.451085 -0.418545
vn 0.817491 0.422195 -0.391739
vn 0.788253 0.451084 -0.418545
vn 0.449496 0.712065 -0.539367
vn 0.449498 0.712063 -0.539367
vn 0.492784 0.693626 -0.525401
vn 0.914167 0.283023 -0.290169
vn 0.914166 0.283023 -0.290169
vn 0.932972 0.251329 -0.257675
vn 0.024536 0.853033 -0.521279
vn 0.024536 0.877958 -0.478109
vn 0.024533 0.853034 -0.521279
vn 0.653086 0.580113 -0.486773
vn 0.653085 0.580114 -0.486773
vn 0.985265 0.113171 -0.128239
vn 0.992475 0.081021 -0.091808
vn 0.985265 0.113172 -0.128239
vn 0.266622 0.796331 -0.542927
vn 0.266631 0.796328 -0.542927
vn 0.313599 0.784560 -0.534904
vn 0.817491 0.422195 -0.391740
vn 0.492784 0.693626 -0.525401
vn 0.932972 0.251329 -0.257675
vn 0.073543 0.850980 -0.520024
vn 0.073542 0.850980 -0.520024
vn 0.724143 0.528303 -0.443298
vn 0.689414 0.554898 -0.465615
vn 0.689413 0.554898 -0.465615
vn 0.992475 0.081021 -0.091808
vn 0.359812 0.770901 -0.525591
vn 0.313600 0.784559 -0.534903
vn 0.844765 0.392283 -0.363986
vn 0.844765 0.392283 -0.363986
vn 0.534861 0.673529 -0.510179
vn 0.534860 0.673530 -0.510179
vn 0.963749 0.186297 -0.191001
vn 0.949500 0.219083 -0.224615
vn 0.949500 0.219084 -0.224616
vn 0.122374 0.846877 -0.517517
vn 0.122368 0.846879 -0.517516
vn 0.724143 0.528302 -0.443298
vn 0.999698 0.016256 -0.018420
vn 0.999698 0.016256 -0.018420
vn 0.997292 0.048665 -0.055144
vn 0.997292 0.048665 -0.055144
vn 0.359810 0.770902 -0.525592
vn 0.870020 0.361406 -0.335336
vn 0.870020 0.361407 -0.335337
vn 0.575709 0.651779 -0.493703
vn 0.575711 0.651778 -0.493703
vn 0.963749 0.186297 -0.191001
vn 0.219038 0.832570 -0.508773
vn 0.170911 0.840736 -0.513763
vn 0.170917 0.840735 -0.513763
vn 0.757115 0.500442 -0.419921
vn 0.757114 0.500444 -0.419922
vn 0.788253 0.471386 -0.395540
vn 0.405134 0.755395 -0.515020
vn 0.405133 0.755395 -0.515020
vn 0.893168 0.329670 -0.305889
vn 0.893168 0.329670 -0.305889
vn 0.615089 0.628505 -0.476074
vn 0.615090 0.628505 -0.476074
vn 0.975689 0.153025 -0.156889
vn 0.975689 0.153025 -0.156888
vn 0.219035 0.832570 -0.508774
vn 0.788253 0.471386 -0.395540
vn 0.449498 0.738064 -0.503203
vn 0.449496 0.738065 -0.503204
vn 0.492784 0.718953 -0.490173
vn 0.914166 0.297135 -0.275701
vn 0.914166 0.297135 -0.275701
vn 0.932972 0.263861 -0.244827
vn 0.024534 0.877958 -0.478109
vn 0.073542 0.875844 -0.476958
vn 0.653086 0.603655 -0.457251
vn 0.653087 0.603655 -0.457251
vn 0.985265 0.119423 -0.122438
vn 0.985265 0.119423 -0.122438
vn 0.992475 0.085497 -0.087656
vn 0.266632 0.822400 -0.502559
vn 0.266622 0.822403 -0.502559
vn 0.817491 0.441196 -0.370208
vn 0.817491 0.441197 -0.370208
vn 0.492785 0.718953 -0.490173
vn 0.932972 0.263861 -0.244828
vn 0.073538 0.875844 -0.476959
vn 0.689414 0.577417 -0.437376
vn 0.689413 0.577418 -0.437377
vn 0.992475 0.085497 -0.087656
vn 0.313600 0.810247 -0.495132
vn 0.313596 0.810248 -0.495132
vn 0.844766 0.409938 -0.343979
vn 0.844765 0.409939 -0.343979
vn 0.534857 0.698125 -0.475973
vn 0.534860 0.698122 -0.475972
vn 0.949500 0.230008 -0.213416
vn 0.949500 0.230007 -0.213415
vn 0.122374 0.871621 -0.474659
vn 0.122377 0.871621 -0.474659
vn 0.757114 0.520753 -0.394455
vn 0.724144 0.549742 -0.416413
vn 0.724143 0.549742 -0.416413
vn 0.997292 0.051353 -0.052649
vn 0.999698 0.017154 -0.017587
vn 0.999698 0.017154 -0.017587
vn 0.997292 0.051353 -0.052649
vn 0.359810 0.796142 -0.486513
vn 0.359810 0.796142 -0.486513
vn 0.870020 0.377673 -0.316905
vn 0.870020 0.377673 -0.316905
vn 0.575711 0.675577 -0.460600
vn 0.615089 0.651454 -0.444154
vn 0.575714 0.675575 -0.460600
vn 0.975689 0.160655 -0.149066
vn 0.963749 0.195587 -0.181478
vn 0.963749 0.195586 -0.181477
vn 0.170912 0.865300 -0.471217
vn 0.170907 0.865301 -0.471217
vn 0.757115 0.520752 -0.394454
vn 0.405136 0.780127 -0.476726
vn 0.405134 0.780128 -0.476726
vn 0.893168 0.344507 -0.289076
vn 0.893168 0.344509 -0.289077
vn 0.615089 0.651455 -0.444154
vn 0.653087 0.625697 -0.426593
vn 0.975689 0.160654 -0.149065
vn 0.219037 0.856895 -0.466641
vn 0.219035 0.856896 -0.466641
vn 0.788253 0.490517 -0.371552
vn 0.788253 0.490516 -0.371551
vn 0.449497 0.762230 -0.465789
vn 0.449498 0.762229 -0.465788
vn 0.914166 0.310508 -0.260547
vn 0.914166 0.310508 -0.260547
vn 0.024534 0.900697 -0.433754
vn 0.024537 0.900697 -0.433754
vn 0.653086 0.625697 -0.426593
vn 0.985265 0.125378 -0.116334
vn 0.985265 0.125377 -0.116333
vn 0.992475 0.089760 -0.083285
vn 0.266632 0.846429 -0.460940
vn 0.266633 0.846428 -0.460940
vn 0.817491 0.459101 -0.347756
vn 0.817491 0.459102 -0.347756
vn 0.492785 0.742492 -0.453728
vn 0.492785 0.742492 -0.453728
vn 0.932972 0.275737 -0.231370
vn 0.932972 0.275737 -0.231371
vn 0.073538 0.898529 -0.432709
vn 0.073540 0.898529 -0.432709
vn 0.689413 0.598502 -0.408051
vn 0.689413 0.598501 -0.408051
vn 0.992475 0.089760 -0.083285
vn 0.313597 0.833921 -0.454129
vn 0.313595 0.833921 -0.454129
vn 0.844766 0.426575 -0.323118
vn 0.844766 0.426574 -0.323118
vn 0.534858 0.720981 -0.440583
vn 0.534857 0.720982 -0.440583
vn 0.949500 0.240359 -0.201685
vn 0.949500 0.240359 -0.201685
vn 0.122370 0.894198 -0.430623
vn 0.122377 0.894196 -0.430624
vn 0.724145 0.569814 -0.388493
vn 0.724144 0.569815 -0.388493
vn 0.999698 0.018009 -0.016710
vn 0.997292 0.053913 -0.050024
vn 0.999698 0.018009 -0.016710
vn 0.997292 0.053913 -0.050024
vn 0.359810 0.819404 -0.446222
vn 0.359815 0.819402 -0.446222
vn 0.870020 0.393000 -0.297686
vn 0.870020 0.392999 -0.297686
vn 0.575714 0.697694 -0.426353
vn 0.575709 0.697697 -0.426354
vn 0.975689 0.167885 -0.140872
vn 0.963749 0.204390 -0.171503
vn 0.963749 0.204389 -0.171503
vn 0.170907 0.887714 -0.427499
vn 0.170920 0.887710 -0.427500
vn 0.788253 0.508427 -0.346640
vn 0.757115 0.539767 -0.368007
vn 0.757115 0.539767 -0.368007
vn 0.405129 0.802923 -0.437247
vn 0.405136 0.802920 -0.437247
vn 0.893168 0.358489 -0.271545
vn 0.893168 0.358489 -0.271545
vn 0.615089 0.672784 -0.411130
vn 0.615093 0.672781 -0.411129
vn 0.975689 0.167885 -0.140872
vn 0.219037 0.879091 -0.423347
vn 0.219036 0.879091 -0.423347
vn 0.788252 0.508428 -0.346640
vn 0.449493 0.784501 -0.427216
vn 0.449497 0.784499 -0.427216
vn 0.914167 0.323108 -0.244745
vn 0.914166 0.323110 -0.244746
vn 0.024537 0.921199 -0.388318
vn 0.024537 0.921199 -0.388318
vn 0.073540 0.918981 -0.387383
vn 0.653086 0.646184 -0.394874
vn 0.653086 0.646183 -0.394874
vn 0.985265 0.131021 -0.109939
vn 0.985265 0.131021 -0.109940
vn 0.313597 0.855520 -0.411997
vn 0.266633 0.868352 -0.418177
vn 0.266627 0.868354 -0.418176
vn 0.817491 0.475866 -0.324439
vn 0.817491 0.475865 -0.324439
vn 0.492784 0.764186 -0.416154
vn 0.492784 0.764185 -0.416154
vn 0.932972 0.286927 -0.217339
vn 0.932972 0.286927 -0.217338
vn 0.073543 0.918981 -0.387382
vn 0.724145 0.588470 -0.359607
vn 0.689413 0.618097 -0.377711
vn 0.689412 0.618098 -0.377712
vn 0.992475 0.093799 -0.078707
vn 0.992475 0.093800 -0.078707
vn 0.997292 0.056340 -0.047275
vn 0.313599 0.855520 -0.411997
vn 0.359815 0.840625 -0.404824
vn 0.844766 0.442151 -0.301453
vn 0.844766 0.442151 -0.301453
vn 0.870020 0.407350 -0.277726
vn 0.534864 0.742042 -0.404096
vn 0.534858 0.742047 -0.404096
vn 0.949500 0.250113 -0.189454
vn 0.949500 0.250113 -0.189453
vn 0.122370 0.914551 -0.385514
vn 0.122372 0.914551 -0.385515
vn 0.724145 0.588470 -0.359606
vn 0.999698 0.018820 -0.015792
vn 0.999698 0.019583 -0.014834
vn 0.997292 0.056340 -0.047275
vn 0.999698 0.018820 -0.015791
vn 0.359813 0.840626 -0.404825
vn 0.893168 0.371579 -0.253338
vn 0.870020 0.407350 -0.277726
vn 0.575709 0.718082 -0.391046
vn 0.575707 0.718084 -0.391047
vn 0.963749 0.212685 -0.161102
vn 0.963749 0.212684 -0.161102
vn 0.219036 0.899100 -0.379003
vn 0.170920 0.907916 -0.382720
vn 0.170911 0.907919 -0.382719
vn 0.757115 0.557440 -0.340644
vn 0.757115 0.557439 -0.340644
vn 0.405128 0.823720 -0.396683
vn 0.405129 0.823719 -0.396683
vn 0.893168 0.371579 -0.253338
vn 0.615093 0.692438 -0.377082
vn 0.615091 0.692440 -0.377082
vn 0.975689 0.174698 -0.132329
vn 0.985265 0.136338 -0.103272
vn 0.975689 0.174698 -0.132329
vn 0.219039 0.899099 -0.379002
vn 0.788251 0.525076 -0.320867
vn 0.788252 0.525075 -0.320866
vn 0.449498 0.804818 -0.387581
vn 0.492784 0.783980 -0.377544
vn 0.449493 0.804821 -0.387581
vn 0.914167 0.334906 -0.228335
vn 0.914167 0.334907 -0.228336
vn 0.024537 0.939410 -0.341917
vn 0.024537 0.939410 -0.341917
vn 0.653087 0.665062 -0.362174
vn 0.653086 0.665062 -0.362174
vn 0.985265 0.136338 -0.103272
vn 0.266629 0.888118 -0.374373
vn 0.266627 0.888119 -0.374373
vn 0.817491 0.491445 -0.300316
vn 0.817491 0.491445 -0.300316
vn 0.492787 0.783979 -0.377543
vn 0.949500 0.259246 -0.176751
vn 0.932972 0.297404 -0.202767
vn 0.932972 0.297403 -0.202766
vn 0.073543 0.937148 -0.341095
vn 0.073541 0.937148 -0.341094
vn 0.122372 0.932630 -0.339450
vn 0.689413 0.636156 -0.346432
vn 0.689412 0.636157 -0.346433
vn 0.992475 0.097607 -0.073934
vn 0.992475 0.097606 -0.073934
vn 0.997292 0.058626 -0.044408
vn 0.313597 0.874993 -0.368840
vn 0.313599 0.874993 -0.368841
vn 0.844766 0.456627 -0.279039
vn 0.844765 0.456628 -0.279040
vn 0.534864 0.761262 -0.366606
vn 0.575707 0.736682 -0.354769
vn 0.534855 0.761269 -0.366607
vn 0.949500 0.259246 -0.176751
vn 0.122372 0.932630 -0.339450
vn 0.724142 0.605666 -0.329828
vn 0.724145 0.605663 -0.329827
vn 0.997292 0.058626 -0.044408
vn 0.999698 0.019583 -0.014834
vn 0.359813 0.859759 -0.362420
vn 0.359807 0.859762 -0.362420
vn 0.870021 0.420685 -0.257076
vn 0.870020 0.420687 -0.257076
vn 0.575711 0.736680 -0.354767
vn 0.615091 0.710375 -0.342099
vn 0.963749 0.220450 -0.150300
vn 0.963749 0.220450 -0.150300
vn 0.219039 0.916873 -0.333715
vn 0.170911 0.925866 -0.336988
vn 0.170911 0.925866 -0.336988
vn 0.757117 0.573724 -0.312434
vn 0.757115 0.573726 -0.312435
vn 0.405128 0.842469 -0.355130
vn 0.405136 0.842465 -0.355130
vn 0.893168 0.383745 -0.234501
vn 0.893168 0.383744 -0.234501
vn 0.653087 0.682289 -0.328573
vn 0.615092 0.710374 -0.342098
vn 0.985265 0.141316 -0.096347
vn 0.975689 0.181077 -0.123456
vn 0.975689 0.181077 -0.123456
vn 0.219042 0.916873 -0.333714
vn 0.788251 0.540417 -0.294295
vn 0.788252 0.540416 -0.294295
vn 0.449495 0.823139 -0.346981
vn 0.492787 0.801823 -0.337997
vn 0.449498 0.823137 -0.346982
vn 0.914166 0.345873 -0.211359
vn 0.914167 0.345872 -0.211358
vn 0.024537 0.955285 -0.294666
vn 0.024536 0.955285 -0.294666
vn 0.653083 0.682291 -0.328575
vn 0.992475 0.101170 -0.068977
vn 0.985265 0.141316 -0.096347
vn 0.266629 0.905675 -0.329639
vn 0.313597 0.892291 -0.324767
vn 0.266627 0.905676 -0.329639
vn 0.817491 0.505804 -0.275446
vn 0.817491 0.505804 -0.275446
vn 0.492783 0.801824 -0.337998
vn 0.932973 0.307140 -0.187689
vn 0.932972 0.307140 -0.187690
vn 0.073539 0.952985 -0.293957
vn 0.073541 0.952985 -0.293957
vn 0.689416 0.652631 -0.314291
vn 0.689413 0.652634 -0.314292
vn 0.724142 0.621354 -0.299228
vn 0.992475 0.101171 -0.068977
vn 0.313600 0.892290 -0.324766
vn 0.359807 0.876758 -0.319113
vn 0.844767 0.469966 -0.255930
vn 0.844765 0.469970 -0.255931
vn 0.534864 0.778590 -0.328204
vn 0.534855 0.778596 -0.328205
vn 0.949500 0.267735 -0.163609
vn 0.949500 0.267734 -0.163609
vn 0.122372 0.948391 -0.292541
vn 0.122370 0.948391 -0.292540
vn 0.724144 0.621352 -0.299227
vn 0.999698 0.020298 -0.013839
vn 0.999698 0.020963 -0.012810
vn 0.997292 0.060767 -0.041430
vn 0.997292 0.060767 -0.041430
vn 0.999698 0.020298 -0.013839
vn 0.359810 0.876758 -0.319113
vn 0.870021 0.432976 -0.235786
vn 0.870019 0.432979 -0.235787
vn 0.575706 0.753452 -0.317605
vn 0.575711 0.753448 -0.317605
vn 0.963749 0.227667 -0.139124
vn 0.963749 0.227668 -0.139125
vn 0.170914 0.941512 -0.290419
vn 0.170911 0.941513 -0.290418
vn 0.757116 0.588586 -0.283448
vn 0.757117 0.588585 -0.283447
vn 0.405133 0.859122 -0.312694
vn 0.405136 0.859120 -0.312694
vn 0.893168 0.394956 -0.215082
vn 0.893168 0.394957 -0.215082
vn 0.615092 0.726543 -0.306263
vn 0.615094 0.726541 -0.306263
vn 0.975689 0.187006 -0.114277
vn 0.975689 0.187006 -0.114277
vn 0.219038 0.932368 -0.287598
vn 0.219042 0.932367 -0.287598
vn 0.788252 0.554414 -0.266991
vn 0.817491 0.518905 -0.249891
vn 0.788253 0.554413 -0.266991
vn 0.449493 0.839412 -0.305521
vn 0.449496 0.839411 -0.305521
vn 0.914166 0.355979 -0.193855
vn 0.914167 0.355977 -0.193855
vn 0.024536 0.968786 -0.246683
vn 0.024535 0.968786 -0.246683
vn 0.073539 0.966453 -0.246089
vn 0.653083 0.697822 -0.294156
vn 0.653082 0.697822 -0.294156
vn 0.985265 0.145942 -0.089184
vn 0.985265 0.145943 -0.089184
vn 0.266627 0.920981 -0.284085
vn 0.266631 0.920979 -0.284085
vn 0.313600 0.907369 -0.279886
vn 0.817490 0.518907 -0.249893
vn 0.492783 0.817676 -0.297610
vn 0.492781 0.817677 -0.297610
vn 0.932972 0.316116 -0.172147
vn 0.932972 0.316114 -0.172147
vn 0.073537 0.966453 -0.246089
vn 0.689417 0.667485 -0.281368
vn 0.689416 0.667486 -0.281368
vn 0.992475 0.104483 -0.063848
vn 0.992475 0.104483 -0.063848
vn 0.313596 0.907370 -0.279888
vn 0.844767 0.482139 -0.232187
vn 0.844766 0.482141 -0.232187
vn 0.534863 0.793982 -0.288986
vn 0.534864 0.793982 -0.288986
vn 0.575706 0.768346 -0.279656
vn 0.949500 0.275557 -0.150061
vn 0.949500 0.275556 -0.150060
vn 0.122370 0.961794 -0.244903
vn 0.122370 0.961794 -0.244903
vn 0.724144 0.635495 -0.267883
vn 0.724144 0.635496 -0.267883
vn 0.997292 0.062756 -0.038349
vn 0.999698 0.020963 -0.012810
vn 0.997292 0.062756 -0.038349
vn 0.359814 0.891572 -0.275015
vn 0.359810 0.891574 -0.275014
vn 0.870019 0.444194 -0.213912
vn 0.893168 0.405187 -0.195127
vn 0.870021 0.444190 -0.213911
vn 0.575707 0.768346 -0.279655
vn 0.615094 0.740904 -0.269667
vn 0.963749 0.234319 -0.127603
vn 0.963749 0.234319 -0.127603
vn 0.170914 0.954818 -0.243126
vn 0.170919 0.954817 -0.243126
vn 0.757114 0.601985 -0.253757
vn 0.757116 0.601983 -0.253757
vn 0.449494 0.853597 -0.263300
vn 0.405133 0.873640 -0.269482
vn 0.405133 0.873640 -0.269482
vn 0.893168 0.405187 -0.195128
vn 0.615095 0.740904 -0.269667
vn 0.975689 0.192470 -0.104813
vn 0.975689 0.192469 -0.104813
vn 0.219033 0.945546 -0.240765
vn 0.219038 0.945545 -0.240765
vn 0.788253 0.567032 -0.239024
vn 0.788254 0.567031 -0.239023
vn 0.492781 0.831495 -0.256483
vn 0.449492 0.853598 -0.263301
vn 0.914167 0.365197 -0.175870
vn 0.914166 0.365199 -0.175870
vn 0.024535 0.979877 -0.198087
vn 0.024536 0.979877 -0.198087
vn 0.653082 0.711617 -0.259007
vn 0.653084 0.711616 -0.259007
vn 0.689417 0.680680 -0.247747
vn 0.985265 0.150207 -0.081798
vn 0.985265 0.150207 -0.081798
vn 0.266631 0.933995 -0.237826
vn 0.266625 0.933997 -0.237825
vn 0.817490 0.530718 -0.223716
vn 0.817490 0.530718 -0.223716
vn 0.492784 0.831494 -0.256482
vn 0.949500 0.282694 -0.136138
vn 0.932972 0.324302 -0.156176
vn 0.932972 0.324303 -0.156176
vn 0.073537 0.977519 -0.197610
vn 0.073539 0.977518 -0.197610
vn 0.724144 0.648058 -0.235874
vn 0.689416 0.680681 -0.247748
vn 0.992475 0.107535 -0.058561
vn 0.992475 0.107535 -0.058561
vn 0.313602 0.920191 -0.234311
vn 0.313596 0.920194 -0.234310
vn 0.844766 0.493115 -0.207865
vn 0.844765 0.493116 -0.207865
vn 0.534863 0.807400 -0.249050
vn 0.534861 0.807402 -0.249050
vn 0.949500 0.282694 -0.136138
vn 0.170919 0.965750 -0.195230
vn 0.122370 0.972806 -0.196656
vn 0.122375 0.972805 -0.196657
vn 0.724142 0.648059 -0.235875
vn 0.997292 0.064590 -0.035174
vn 0.997292 0.064590 -0.035174
vn 0.999698 0.021576 -0.011749
vn 0.999698 0.021575 -0.011749
vn 0.359814 0.904172 -0.230230
vn 0.359816 0.904172 -0.230230
vn 0.870021 0.454300 -0.191504
vn 0.870020 0.454303 -0.191504
vn 0.575713 0.781326 -0.241008
vn 0.575707 0.781330 -0.241007
vn 0.963749 0.240389 -0.115765
vn 0.963749 0.240388 -0.115765
vn 0.975689 0.197455 -0.095089
vn 0.170910 0.965751 -0.195232
vn 0.219033 0.956371 -0.193336
vn 0.757113 0.613886 -0.223437
vn 0.757114 0.613885 -0.223437
vn 0.405133 0.885987 -0.225600
vn 0.405131 0.885987 -0.225600
vn 0.893168 0.414409 -0.174688
vn 0.893168 0.414410 -0.174688
vn 0.615095 0.753424 -0.232401
vn 0.615090 0.753428 -0.232401
vn 0.975689 0.197455 -0.095089
vn 0.985265 0.154097 -0.074209
vn 0.219035 0.956371 -0.193335
vn 0.788254 0.578240 -0.210463
vn 0.788255 0.578239 -0.210463
vn 0.817490 0.541209 -0.196984
vn 0.449489 0.865663 -0.220425
vn 0.449492 0.865661 -0.220425
vn 0.914166 0.373511 -0.157448
vn 0.914167 0.373510 -0.157448
vn 0.024536 0.988533 -0.148998
vn 0.024528 0.988533 -0.148997
vn 0.024528 0.994731 -0.099539
vn 0.653084 0.723641 -0.223214
vn 0.653083 0.723642 -0.223214
vn 0.689416 0.692184 -0.213511
vn 0.985265 0.154098 -0.074210
vn 0.313602 0.930727 -0.188150
vn 0.266631 0.944689 -0.190973
vn 0.266625 0.944691 -0.190972
vn 0.817489 0.541210 -0.196985
vn 0.492783 0.843245 -0.214716
vn 0.492789 0.843241 -0.214716
vn 0.932972 0.331684 -0.139817
vn 0.932972 0.331686 -0.139817
vn 0.073539 0.986154 -0.148638
vn 0.073546 0.986153 -0.148639
vn 0.689415 0.692185 -0.213511
vn 0.992475 0.110321 -0.053128
vn 0.997292 0.066263 -0.031910
vn 0.992475 0.110320 -0.053128
vn 0.313602 0.930727 -0.188150
vn 0.844765 0.502865 -0.183027
vn 0.844768 0.502860 -0.183027
vn 0.534861 0.818812 -0.208496
vn 0.534857 0.818815 -0.208495
vn 0.949500 0.289128 -0.121878
vn 0.949500 0.289128 -0.121878
vn 0.122369 0.981400 -0.147921
vn 0.122375 0.981399 -0.147923
vn 0.724144 0.659009 -0.203278
vn 0.724142 0.659011 -0.203278
vn 0.997292 0.066263 -0.031911
vn 0.999698 0.022134 -0.010659
vn 0.999698 0.022134 -0.010659
vn 0.359816 0.914524 -0.184876
vn 0.359807 0.914527 -0.184875
vn 0.870019 0.463285 -0.168622
vn 0.893168 0.422601 -0.153814
vn 0.870020 0.463284 -0.168621
vn 0.575713 0.792368 -0.201762
vn 0.575711 0.792369 -0.201762
vn 0.963749 0.245860 -0.103639
vn 0.963749 0.245860 -0.103639
vn 0.170913 0.974281 -0.146850
vn 0.170910 0.974282 -0.146849
vn 0.219035 0.964819 -0.145423
vn 0.757113 0.624261 -0.192558
vn 0.757115 0.624258 -0.192558
vn 0.405130 0.896131 -0.181158
vn 0.405131 0.896131 -0.181158
vn 0.449489 0.875574 -0.177002
vn 0.893168 0.422601 -0.153814
vn 0.615090 0.764076 -0.194558
vn 0.615090 0.764075 -0.194558
vn 0.975689 0.201950 -0.085129
vn 0.975689 0.201949 -0.085129
vn 0.219039 0.964818 -0.145422
vn 0.788252 0.588014 -0.181378
vn 0.788255 0.588011 -0.181377
vn 0.449495 0.875571 -0.177000
vn 0.914165 0.380897 -0.138635
vn 0.914167 0.380893 -0.138635
vn 0.932972 0.338242 -0.123111
vn 0.024533 0.994731 -0.099538
vn 0.073546 0.992336 -0.099298
vn 0.653084 0.733869 -0.186866
vn 0.653088 0.733865 -0.186866
vn 0.985265 0.157606 -0.066436
vn 0.985265 0.157605 -0.066436
vn 0.266631 0.953034 -0.143646
vn 0.266631 0.953034 -0.143646
vn 0.844768 0.511359 -0.157733
vn 0.817489 0.550356 -0.169762
vn 0.817490 0.550355 -0.169762
vn 0.492789 0.852896 -0.172417
vn 0.492787 0.852897 -0.172417
vn 0.949500 0.294844 -0.107314
vn 0.932973 0.338239 -0.123108
vn 0.073540 0.992336 -0.099299
vn 0.689413 0.701969 -0.178743
vn 0.689415 0.701967 -0.178743
vn 0.992475 0.112832 -0.047563
vn 0.992475 0.112832 -0.047563
vn 0.313602 0.938949 -0.141525
vn 0.313594 0.938952 -0.141524
vn 0.844768 0.511359 -0.157733
vn 0.575711 0.801441 -0.162014
vn 0.534857 0.828190 -0.167421
vn 0.534863 0.828186 -0.167422
vn 0.963749 0.250721 -0.091255
vn 0.949499 0.294846 -0.107315
vn 0.122373 0.987552 -0.098821
vn 0.122369 0.987553 -0.098820
vn 0.724143 0.668324 -0.170176
vn 0.724144 0.668323 -0.170176
vn 0.997292 0.067771 -0.028568
vn 0.997292 0.067771 -0.028568
vn 0.999698 0.022638 -0.009543
vn 0.999698 0.022638 -0.009543
vn 0.359808 0.922605 -0.139060
vn 0.359814 0.922603 -0.139061
vn 0.870019 0.471114 -0.145320
vn 0.870019 0.471115 -0.145320
vn 0.575708 0.801444 -0.162015
vn 0.963749 0.250720 -0.091255
vn 0.170913 0.980390 -0.098102
vn 0.219039 0.970868 -0.097149
vn 0.170918 0.980389 -0.098103
vn 0.757115 0.633080 -0.161203
vn 0.757115 0.633080 -0.161203
vn 0.405130 0.904048 -0.136263
vn 0.405130 0.904047 -0.136263
vn 0.893168 0.429743 -0.132558
vn 0.893168 0.429742 -0.132558
vn 0.615091 0.772823 -0.156229
vn 0.615090 0.772824 -0.156229
vn 0.975689 0.205942 -0.074957
vn 0.975689 0.205941 -0.074957
vn 0.985265 0.160721 -0.058498
vn 0.219039 0.970868 -0.097149
vn 0.788254 0.596321 -0.151842
vn 0.788252 0.596324 -0.151842
vn 0.449496 0.883305 -0.133137
vn 0.449495 0.883306 -0.133137
vn 0.914167 0.387330 -0.119476
vn 0.914165 0.387334 -0.119476
vn 0.024533 0.998456 -0.049831
vn 0.024530 0.998456 -0.049831
vn 0.653086 0.742269 -0.150052
vn 0.653088 0.742267 -0.150052
vn 0.689413 0.710006 -0.143530
vn 0.985265 0.160720 -0.058497
vn 0.266631 0.959009 -0.095965
vn 0.266620 0.959013 -0.095963
vn 0.817490 0.558133 -0.142117
vn 0.817491 0.558131 -0.142117
vn 0.492787 0.860431 -0.129689
vn 0.492787 0.860431 -0.129689
vn 0.932973 0.343955 -0.106096
vn 0.932973 0.343956 -0.106096
vn 0.073540 0.996053 -0.049711
vn 0.073542 0.996052 -0.049711
vn 0.689412 0.710007 -0.143531
vn 0.992475 0.115062 -0.041879
vn 0.992475 0.115062 -0.041879
vn 0.997292 0.069111 -0.025154
vn 0.313594 0.944839 -0.094544
vn 0.313608 0.944834 -0.094546
vn 0.844765 0.518590 -0.132048
vn 0.844768 0.518586 -0.132048
vn 0.534863 0.835501 -0.125932
vn 0.534862 0.835502 -0.125931
vn 0.949499 0.299829 -0.092485
vn 0.949500 0.299827 -0.092484
vn 0.122373 0.991250 -0.049470
vn 0.122380 0.991250 -0.049471
vn 0.724143 0.675976 -0.136651
vn 0.724145 0.675974 -0.136651
vn 0.997292 0.069111 -0.025154
vn 0.999698 0.023086 -0.008403
vn 0.999698 0.023086 -0.008402
vn 0.359813 0.928388 -0.092899
vn 0.359806 0.928391 -0.092898
vn 0.870019 0.477773 -0.121656
vn 0.870019 0.477773 -0.121656
vn 0.575708 0.808523 -0.121865
vn 0.575711 0.808521 -0.121865
vn 0.963749 0.254957 -0.078644
vn 0.963749 0.254957 -0.078644
vn 0.170918 0.984060 -0.049112
vn 0.170911 0.984062 -0.049111
vn 0.757115 0.640329 -0.129445
vn 0.757115 0.640329 -0.129445
vn 0.788254 0.603149 -0.121929
vn 0.405130 0.909716 -0.091031
vn 0.405130 0.909716 -0.091031
vn 0.893168 0.435817 -0.110972
vn 0.893169 0.435814 -0.110972
vn 0.615088 0.779652 -0.117513
vn 0.615091 0.779649 -0.117514
vn 0.975689 0.209423 -0.064598
vn 0.975689 0.209422 -0.064598
vn 0.219039 0.974503 -0.048635
vn 0.219039 0.974503 -0.048636
vn 0.788252 0.603152 -0.121930
vn 0.817491 0.564521 -0.114121
vn 0.449497 0.888843 -0.088942
vn 0.449496 0.888844 -0.088942
vn 0.914167 0.392804 -0.100020
vn 0.914166 0.392807 -0.100020
vn 0.024530 0.999699 0.000000
vn 0.024530 0.999699 0.000000
vn 0.653088 0.748824 -0.112867
vn 0.653086 0.748825 -0.112867
vn 0.985265 0.163437 -0.050413
vn 0.985265 0.163437 -0.050413
vn 0.266627 0.962602 -0.048042
vn 0.313608 0.948372 -0.047330
vn 0.266620 0.962604 -0.048040
vn 0.817490 0.564523 -0.114122
vn 0.492788 0.865826 -0.086639
vn 0.492787 0.865826 -0.086639
vn 0.932972 0.348819 -0.088820
vn 0.932973 0.348817 -0.088820
vn 0.073542 0.997292 0.000000
vn 0.073542 0.997292 0.000000
vn 0.689412 0.716278 -0.107962
vn 0.689410 0.716281 -0.107962
vn 0.992475 0.117007 -0.036092
vn 0.992475 0.117007 -0.036092
vn 0.359806 0.931867 -0.046509
vn 0.313598 0.948376 -0.047332
vn 0.870019 0.483243 -0.097690
vn 0.844767 0.524523 -0.106036
vn 0.844765 0.524527 -0.106035
vn 0.534862 0.840741 -0.084129
vn 0.575711 0.813590 -0.081412
vn 0.534859 0.840743 -0.084129
vn 0.949500 0.304063 -0.077425
vn 0.949500 0.304065 -0.077425
vn 0.122380 0.992483 0.000000
vn 0.122380 0.992483 0.000000
vn 0.724145 0.681945 -0.102787
vn 0.724145 0.681945 -0.102787
vn 0.997292 0.070279 -0.021678
vn 0.999698 0.023476 -0.007241
vn 0.997292 0.070279 -0.021678
vn 0.999698 0.023476 -0.007241
vn 0.359814 0.931864 -0.046507
vn 0.870019 0.483243 -0.097689
vn 0.575709 0.813591 -0.081413
vn 0.963749 0.258560 -0.065838
vn 0.963749 0.258562 -0.065838
vn 0.170911 0.985286 0.000000
vn 0.170911 0.985286 0.000000
vn 0.757114 0.645986 -0.097367
vn 0.757115 0.645985 -0.097367
vn 0.405130 0.913123 -0.045571
vn 0.405132 0.913122 -0.045571
vn 0.449497 0.892171 -0.044525
vn 0.893169 0.440805 -0.089110
vn 0.893169 0.440804 -0.089111
vn 0.615091 0.784538 -0.078505
vn 0.615088 0.784541 -0.078505
vn 0.975690 0.212380 -0.054079
vn 0.975689 0.212383 -0.054079
vn 0.219039 0.975716 0.000000
vn 0.219039 0.975716 0.000000
vn 0.266627 0.963800 0.000000
vn 0.788252 0.608480 -0.091713
vn 0.788255 0.608475 -0.091714
vn 0.449489 0.892175 -0.044527
vn 0.914166 0.397304 -0.080317
vn 0.914166 0.397303 -0.080317
vn 0.024533 0.998456 0.049831
vn 0.024530 0.998456 0.049831
vn 0.073542 0.996052 0.049711
vn 0.653084 0.753522 -0.075401
vn 0.653088 0.753518 -0.075402
vn 0.985265 0.165747 -0.042204
vn 0.985265 0.165746 -0.042204
vn 0.266627 0.963800 0.000000
vn 0.817489 0.569512 -0.085840
vn 0.817490 0.569510 -0.085840
vn 0.492787 0.869068 -0.043374
vn 0.492788 0.869068 -0.043374
vn 0.949500 0.307545 -0.062171
vn 0.932972 0.352812 -0.071322
vn 0.932972 0.352812 -0.071322
vn 0.073540 0.996053 0.049711
vn 0.689413 0.720769 -0.072125
vn 0.689410 0.720772 -0.072124
vn 0.992475 0.118660 -0.030215
vn 0.992475 0.118660 -0.030215
vn 0.313598 0.949556 0.000000
vn 0.313598 0.949556 0.000000
vn 0.844766 0.529158 -0.079758
vn 0.844767 0.529157 -0.079758
vn 0.534859 0.843891 -0.042117
vn 0.575709 0.816638 -0.040757
vn 0.534860 0.843890 -0.042117
vn 0.949500 0.307546 -0.062172
vn 0.963749 0.261522 -0.052868
vn 0.170911 0.984062 0.049111
vn 0.122380 0.991250 0.049470
vn 0.122373 0.991250 0.049471
vn 0.724145 0.686221 -0.068667
vn 0.724145 0.686221 -0.068667
vn 0.997292 0.071272 -0.018148
vn 0.999698 0.023807 -0.006062
vn 0.999698 0.023807 -0.006062
vn 0.997292 0.071272 -0.018148
vn 0.359814 0.933024 0.000000
vn 0.359814 0.933024 0.000000
vn 0.870019 0.487512 -0.073480
vn 0.870020 0.487510 -0.073480
vn 0.575714 0.816635 -0.040756
vn 0.963749 0.261520 -0.052867
vn 0.975690 0.214812 -0.043425
vn 0.170918 0.984060 0.049112
vn 0.757114 0.650036 -0.065046
vn 0.757114 0.650037 -0.065046
vn 0.405132 0.914258 0.000000
vn 0.405132 0.914258 0.000000
vn 0.893169 0.444699 -0.067028
vn 0.893168 0.444700 -0.067028
vn 0.615089 0.787478 -0.039301
vn 0.615091 0.787476 -0.039301
vn 0.975689 0.214814 -0.043426
vn 0.266627 0.962602 0.048042
vn 0.219039 0.974503 0.048635
vn 0.219039 0.974503 0.048636
vn 0.788255 0.612291 -0.061270
vn 0.817489 0.573082 -0.057347
vn 0.788252 0.612295 -0.061269
vn 0.449489 0.893286 0.000000
vn 0.449489 0.893286 0.000000
vn 0.914166 0.400813 -0.060413
vn 0.914166 0.400814 -0.060413
vn 0.024528 0.994731 0.099539
vn 0.024533 0.994731 0.099538
vn 0.689413 0.723468 -0.036107
vn 0.653084 0.756344 -0.037748
vn 0.653083 0.756345 -0.037748
vn 0.985265 0.167643 -0.033890
vn 0.985265 0.167644 -0.033890
vn 0.992475 0.120019 -0.024262
vn 0.313598 0.948376 0.047330
vn 0.266620 0.962604 0.048040
vn 0.817493 0.573077 -0.057345
vn 0.492787 0.870150 0.000000
vn 0.492787 0.870150 0.000000
vn 0.932972 0.355927 -0.053648
vn 0.932972 0.355928 -0.053648
vn 0.073540 0.992336 0.099299
vn 0.073546 0.992336 0.099298
vn 0.689416 0.723465 -0.036106
vn 0.992475 0.120019 -0.024262
vn 0.313608 0.948372 0.047332
vn 0.844766 0.532476 -0.053283
vn 0.870020 0.490566 -0.049089
vn 0.844764 0.532479 -0.053282
vn 0.534860 0.844941 0.000000
vn 0.534860 0.844941 0.000000
vn 0.949500 0.310261 -0.046764
vn 0.949500 0.310263 -0.046764
vn 0.122373 0.987552 0.098820
vn 0.122369 0.987553 0.098821
vn 0.724145 0.688791 -0.034376
vn 0.724143 0.688792 -0.034375
vn 0.999698 0.024080 -0.004868
vn 0.997292 0.072088 -0.014573
vn 0.999698 0.024080 -0.004868
vn 0.997292 0.072088 -0.014573
vn 0.359806 0.931867 0.046509
vn 0.359814 0.931864 0.046507
vn 0.870021 0.490565 -0.049088
vn 0.575714 0.817651 0.000000
vn 0.575714 0.817651 0.000000
vn 0.963749 0.263830 -0.039766
vn 0.963749 0.263831 -0.039766
vn 0.170913 0.980390 0.098103
vn 0.170918 0.980389 0.098102
vn 0.788252 0.614588 -0.030672
vn 0.757114 0.652471 -0.032563
vn 0.757115 0.652469 -0.032563
vn 0.405132 0.913122 0.045571
vn 0.405130 0.913123 0.045571
vn 0.449489 0.892175 0.044525
vn 0.893167 0.447490 -0.044778
vn 0.893168 0.447488 -0.044778
vn 0.615089 0.788458 0.000000
vn 0.615089 0.788458 0.000000
vn 0.975689 0.216712 -0.032664
vn 0.975689 0.216712 -0.032664
vn 0.219039 0.970868 0.097149
vn 0.219039 0.970868 0.097149
vn 0.788253 0.614586 -0.030672
vn 0.817493 0.575223 -0.028707
vn 0.449497 0.892171 0.044527
vn 0.914166 0.403327 -0.040359
vn 0.914167 0.403324 -0.040359
vn 0.024528 0.988533 0.148998
vn 0.024536 0.988533 0.148997
vn 0.024536 0.979877 0.198087
vn 0.653083 0.757286 0.000000
vn 0.653083 0.757286 0.000000
vn 0.985265 0.169124 -0.025492
vn 0.985265 0.169125 -0.025491
vn 0.266631 0.959009 0.095962
vn 0.266620 0.959012 0.095965
vn 0.817489 0.575228 -0.028709
vn 0.492788 0.869068 0.043374
vn 0.492787 0.869068 0.043374
vn 0.932973 0.358158 -0.035839
vn 0.932972 0.358159 -0.035839
vn 0.073539 0.986153 0.148639
vn 0.073546 0.986153 0.148638
vn 0.689416 0.724365 0.000000
vn 0.689416 0.724365 0.000000
vn 0.992475 0.121078 -0.018250
vn 0.992475 0.121079 -0.018250
vn 0.313594 0.944839 0.094547
vn 0.313608 0.944834 0.094543
vn 0.844767 0.534469 -0.026675
vn 0.870021 0.492402 -0.024574
vn 0.844764 0.534473 -0.026674
vn 0.575714 0.816635 0.040757
vn 0.534859 0.843891 0.042118
vn 0.534860 0.843890 0.042117
vn 0.949499 0.312210 -0.031241
vn 0.949500 0.312207 -0.031241
vn 0.122375 0.981399 0.147921
vn 0.122369 0.981399 0.147923
vn 0.724143 0.689649 0.000000
vn 0.724144 0.689649 0.000000
vn 0.999698 0.024293 -0.003662
vn 0.997292 0.072725 -0.010962
vn 0.999698 0.024293 -0.003662
vn 0.999698 0.024445 -0.002446
vn 0.997292 0.072725 -0.010962
vn 0.359813 0.928388 0.092898
vn 0.359806 0.928391 0.092900
vn 0.870020 0.492404 -0.024575
vn 0.575709 0.816638 0.040756
vn 0.963749 0.265483 -0.026566
vn 0.963749 0.265485 -0.026566
vn 0.975689 0.218071 -0.021821
vn 0.170913 0.974281 0.146849
vn 0.170910 0.974282 0.146850
vn 0.757115 0.653281 0.000000
vn 0.757115 0.653281 0.000000
vn 0.405130 0.909716 0.091031
vn 0.405130 0.909716 0.091031
vn 0.893167 0.449166 -0.022417
vn 0.893168 0.449164 -0.022417
vn 0.615089 0.787478 0.039301
vn 0.615091 0.787476 0.039301
vn 0.975689 0.218070 -0.021821
vn 0.219039 0.964818 0.145422
vn 0.219035 0.964819 0.145423
vn 0.788253 0.615351 0.000000
vn 0.788253 0.615351 0.000000
vn 0.449497 0.888843 0.088942
vn 0.449496 0.888844 0.088942
vn 0.914165 0.404837 -0.020204
vn 0.914167 0.404834 -0.020205
vn 0.073539 0.977518 0.197610
vn 0.024535 0.979877 0.198087
vn 0.653083 0.756345 0.037748
vn 0.653084 0.756344 0.037748
vn 0.689416 0.723465 0.036107
vn 0.985265 0.170184 -0.017029
vn 0.985265 0.170185 -0.017029
vn 0.266631 0.953034 0.143646
vn 0.266631 0.953034 0.143646
vn 0.817489 0.575944 0.000000
vn 0.817489 0.575944 0.000000
vn 0.492787 0.865826 0.086639
vn 0.492788 0.865826 0.086638
vn 0.932973 0.359498 -0.017942
vn 0.932973 0.359499 -0.017942
vn 0.949499 0.313379 -0.015640
vn 0.073537 0.977519 0.197610
vn 0.689413 0.723468 0.036106
vn 0.992475 0.121839 -0.012192
vn 0.992475 0.121838 -0.012192
vn 0.313602 0.938949 0.141523
vn 0.313593 0.938951 0.141525
vn 0.844767 0.535135 0.000000
vn 0.844767 0.535135 0.000000
vn 0.534862 0.840741 0.084128
vn 0.534859 0.840743 0.084129
vn 0.949499 0.313379 -0.015640
vn 0.963749 0.266478 -0.013299
vn 0.170910 0.965751 0.195230
vn 0.122370 0.972806 0.196657
vn 0.122375 0.972806 0.196656
vn 0.724145 0.688791 0.034375
vn 0.724144 0.688792 0.034376
vn 0.999698 0.024537 -0.001225
vn 0.997292 0.073180 -0.007323
vn 0.999698 0.024445 -0.002446
vn 0.997292 0.073181 -0.007323
vn 0.359813 0.922603 0.139060
vn 0.359807 0.922605 0.139061
vn 0.870020 0.493017 0.000000
vn 0.870020 0.493017 0.000000
vn 0.575709 0.813591 0.081413
vn 0.575711 0.813590 0.081412
vn 0.975689 0.218887 -0.010924
vn 0.963749 0.266479 -0.013300
vn 0.170919 0.965749 0.195231
vn 0.757115 0.652469 0.032563
vn 0.757114 0.652471 0.032563
vn 0.405130 0.904047 0.136263
vn 0.405130 0.904047 0.136263
vn 0.893168 0.449723 0.000000
vn 0.893168 0.449723 0.000000
vn 0.615091 0.784538 0.078505
vn 0.615088 0.784541 0.078506
vn 0.985265 0.170822 -0.008525
vn 0.975689 0.218886 -0.010924
vn 0.266631 0.944689 0.190973
vn 0.219035 0.956371 0.193335
vn 0.219033 0.956371 0.193336
vn 0.788253 0.614586 0.030672
vn 0.817489 0.575228 0.028707
vn 0.788252 0.614588 0.030672
vn 0.449496 0.883305 0.133137
vn 0.449495 0.883306 0.133137
vn 0.914165 0.405341 0.000000
vn 0.914165 0.405341 0.000000
vn 0.024535 0.968786 0.246683
vn 0.024536 0.968786 0.246683
vn 0.024536 0.955285 0.294666
vn 0.653088 0.753519 0.075401
vn 0.653084 0.753522 0.075402
vn 0.985265 0.170822 -0.008525
vn 0.313602 0.930727 0.188150
vn 0.266625 0.944691 0.190972
vn 0.844767 0.534469 0.026675
vn 0.817493 0.575223 0.028709
vn 0.492787 0.860431 0.129689
vn 0.492787 0.860431 0.129689
vn 0.932973 0.359946 0.000000
vn 0.932973 0.359946 0.000000
vn 0.073539 0.966453 0.246089
vn 0.073537 0.966453 0.246089
vn 0.689410 0.720772 0.072125
vn 0.689413 0.720769 0.072124
vn 0.992475 0.122295 -0.006104
vn 0.992475 0.122295 -0.006104
vn 0.997292 0.073454 -0.003666
vn 0.313602 0.930727 0.188150
vn 0.844764 0.534473 0.026674
vn 0.534863 0.835501 0.125931
vn 0.534862 0.835502 0.125932
vn 0.949499 0.313769 0.000000
vn 0.949499 0.313769 0.000000
vn 0.122370 0.961794 0.244903
vn 0.122370 0.961794 0.244903
vn 0.724145 0.686221 0.068667
vn 0.724145 0.686221 0.068667
vn 0.997292 0.073455 -0.003666
vn 0.999698 0.024537 -0.001225
vn 0.359816 0.914524 0.184874
vn 0.359807 0.914527 0.184877
vn 0.870020 0.492404 0.024575
vn 0.870021 0.492402 0.024574
vn 0.575711 0.808521 0.121864
vn 0.575708 0.808523 0.121865
vn 0.963749 0.266811 0.000000
vn 0.963749 0.266811 0.000000
vn 0.170919 0.954818 0.243125
vn 0.219033 0.945546 0.240765
vn 0.170914 0.954818 0.243127
vn 0.757114 0.650036 0.065046
vn 0.757114 0.650037 0.065046
vn 0.405131 0.896131 0.181158
vn 0.449495 0.875571 0.177002
vn 0.405130 0.896131 0.181158
vn 0.893168 0.449164 0.022416
vn 0.893167 0.449166 0.022417
vn 0.914165 0.404837 0.020204
vn 0.615087 0.779652 0.117514
vn 0.615091 0.779650 0.117513
vn 0.975689 0.219159 0.000000
vn 0.975689 0.219159 0.000000
vn 0.219038 0.945545 0.240765
vn 0.788255 0.612291 0.061269
vn 0.788252 0.612295 0.061270
vn 0.492787 0.852897 0.172417
vn 0.449489 0.875574 0.177001
vn 0.914167 0.404834 0.020205
vn 0.073539 0.952985 0.293957
vn 0.024537 0.955285 0.294666
vn 0.653086 0.748825 0.112867
vn 0.653088 0.748824 0.112867
vn 0.689410 0.716281 0.107962
vn 0.985265 0.171034 0.000000
vn 0.985265 0.171034 0.000000
vn 0.266631 0.933995 0.237824
vn 0.266625 0.933997 0.237826
vn 0.817493 0.573077 0.057345
vn 0.817489 0.573082 0.057347
vn 0.492789 0.852896 0.172417
vn 0.932973 0.359499 0.017942
vn 0.932973 0.359498 0.017942
vn 0.122370 0.948391 0.292540
vn 0.073541 0.952985 0.293957
vn 0.689412 0.716278 0.107962
vn 0.992475 0.122447 0.000000
vn 0.992475 0.122447 0.000000
vn 0.313596 0.920193 0.234312
vn 0.313602 0.920192 0.234310
vn 0.844764 0.532479 0.053283
vn 0.844766 0.532476 0.053282
vn 0.534857 0.828189 0.167422
vn 0.534863 0.828186 0.167420
vn 0.575708 0.801444 0.162014
vn 0.949499 0.313379 0.015640
vn 0.949499 0.313379 0.015640
vn 0.963749 0.266479 0.013299
vn 0.122372 0.948391 0.292541
vn 0.724145 0.681945 0.102787
vn 0.724145 0.681945 0.102787
vn 0.997292 0.073546 0.000000
vn 0.999698 0.024567 0.000000
vn 0.997292 0.073546 0.000000
vn 0.999698 0.024567 0.000000
vn 0.359816 0.904172 0.230230
vn 0.359814 0.904172 0.230231
vn 0.405131 0.885987 0.225600
vn 0.870020 0.490566 0.049089
vn 0.870021 0.490565 0.049088
vn 0.575711 0.801441 0.162014
vn 0.975689 0.218886 0.010924
vn 0.963749 0.266478 0.013300
vn 0.170911 0.941513 0.290419
vn 0.170914 0.941512 0.290418
vn 0.757114 0.645986 0.097367
vn 0.757115 0.645985 0.097367
vn 0.405133 0.885987 0.225600
vn 0.893167 0.447490 0.044779
vn 0.893168 0.447488 0.044778
vn 0.653086 0.742269 0.150052
vn 0.615090 0.772824 0.156229
vn 0.615091 0.772823 0.156229
vn 0.975689 0.218887 0.010924
vn 0.219038 0.932368 0.287598
vn 0.219042 0.932367 0.287597
vn 0.788255 0.608476 0.091712
vn 0.788252 0.608480 0.091714
vn 0.449489 0.865663 0.220426
vn 0.449492 0.865661 0.220425
vn 0.914167 0.403324 0.040358
vn 0.914166 0.403327 0.040359
vn 0.024537 0.939410 0.341917
vn 0.024537 0.939410 0.341917
vn 0.653088 0.742267 0.150052
vn 0.985265 0.170822 0.008525
vn 0.992475 0.122295 0.006104
vn 0.985265 0.170822 0.008525
vn 0.266631 0.920980 0.284085
vn 0.266627 0.920981 0.284086
vn 0.817489 0.569512 0.085840
vn 0.817490 0.569510 0.085839
vn 0.492784 0.843244 0.214717
vn 0.492789 0.843242 0.214715
vn 0.932973 0.358158 0.035839
vn 0.932973 0.358159 0.035839
vn 0.073543 0.937148 0.341094
vn 0.122372 0.932630 0.339450
vn 0.073541 0.937148 0.341095
vn 0.689413 0.710006 0.143530
vn 0.689412 0.710007 0.143531
vn 0.992475 0.122295 0.006104
vn 0.313600 0.907369 0.279886
vn 0.313596 0.907370 0.279888
vn 0.359814 0.891572 0.275015
vn 0.844767 0.529157 0.079758
vn 0.844766 0.529158 0.079758
vn 0.534861 0.818812 0.208495
vn 0.534857 0.818815 0.208496
vn 0.949499 0.312210 0.031242
vn 0.949500 0.312207 0.031241
vn 0.122372 0.932630 0.339450
vn 0.724143 0.675976 0.136651
vn 0.724145 0.675974 0.136650
vn 0.757115 0.640329 0.129445
vn 0.997292 0.073454 0.003666
vn 0.997292 0.073455 0.003666
vn 0.999698 0.024537 0.001225
vn 0.999698 0.024537 0.001225
vn 0.359810 0.891574 0.275014
vn 0.870020 0.487510 0.073480
vn 0.870019 0.487511 0.073481
vn 0.575711 0.792369 0.201763
vn 0.575713 0.792368 0.201762
vn 0.963749 0.265485 0.026566
vn 0.963749 0.265483 0.026566
vn 0.219042 0.916872 0.333715
vn 0.170911 0.925866 0.336988
vn 0.170911 0.925866 0.336988
vn 0.757115 0.640329 0.129445
vn 0.405133 0.873640 0.269482
vn 0.405133 0.873640 0.269482
vn 0.893168 0.444700 0.067028
vn 0.893169 0.444699 0.067027
vn 0.615090 0.764075 0.194558
vn 0.615090 0.764076 0.194559
vn 0.975689 0.218071 0.021821
vn 0.975689 0.218070 0.021821
vn 0.219039 0.916873 0.333714
vn 0.817490 0.564523 0.114121
vn 0.788252 0.603152 0.121930
vn 0.788254 0.603149 0.121929
vn 0.449494 0.853597 0.263300
vn 0.449492 0.853598 0.263301
vn 0.914166 0.400813 0.060413
vn 0.914166 0.400814 0.060413
vn 0.024537 0.921199 0.388318
vn 0.024537 0.921199 0.388318
vn 0.653088 0.733865 0.186865
vn 0.653083 0.733868 0.186867
vn 0.985265 0.170185 0.017030
vn 0.985265 0.170184 0.017029
vn 0.266627 0.905676 0.329639
vn 0.266629 0.905675 0.329639
vn 0.817491 0.564521 0.114121
vn 0.492781 0.831495 0.256483
vn 0.492783 0.831494 0.256482
vn 0.932972 0.355927 0.053647
vn 0.932972 0.355928 0.053648
vn 0.073540 0.918981 0.387383
vn 0.073543 0.918981 0.387382
vn 0.689413 0.701969 0.178743
vn 0.689415 0.701968 0.178743
vn 0.992475 0.121839 0.012192
vn 0.992475 0.121838 0.012192
vn 0.313600 0.892290 0.324766
vn 0.313597 0.892291 0.324768
vn 0.844765 0.524527 0.106036
vn 0.844767 0.524524 0.106035
vn 0.870019 0.483243 0.097690
vn 0.534861 0.807402 0.249051
vn 0.575713 0.781326 0.241008
vn 0.534863 0.807400 0.249050
vn 0.949500 0.310263 0.046765
vn 0.949500 0.310261 0.046764
vn 0.122370 0.914551 0.385515
vn 0.122372 0.914551 0.385514
vn 0.724144 0.668323 0.170176
vn 0.724143 0.668324 0.170177
vn 0.997292 0.073181 0.007323
vn 0.997292 0.073180 0.007323
vn 0.999698 0.024445 0.002446
vn 0.999698 0.024445 0.002446
vn 0.359807 0.876758 0.319113
vn 0.359810 0.876758 0.319113
vn 0.405133 0.859122 0.312694
vn 0.870019 0.483243 0.097690
vn 0.615090 0.753428 0.232401
vn 0.575707 0.781330 0.241007
vn 0.963749 0.263831 0.039766
vn 0.963749 0.263830 0.039766
vn 0.170911 0.907918 0.382720
vn 0.170920 0.907917 0.382718
vn 0.757115 0.633080 0.161203
vn 0.757115 0.633080 0.161203
vn 0.405136 0.859120 0.312694
vn 0.893169 0.440804 0.089110
vn 0.893169 0.440805 0.089111
vn 0.653083 0.723642 0.223214
vn 0.615095 0.753424 0.232401
vn 0.975689 0.216712 0.032664
vn 0.975689 0.216712 0.032664
vn 0.219039 0.899099 0.379002
vn 0.219036 0.899100 0.379003
vn 0.788254 0.596321 0.151842
vn 0.788252 0.596324 0.151843
vn 0.449495 0.839411 0.305520
vn 0.449494 0.839412 0.305521
vn 0.932972 0.352812 0.071322
vn 0.914166 0.397304 0.080317
vn 0.914166 0.397303 0.080316
vn 0.024537 0.900697 0.433754
vn 0.024534 0.900697 0.433754
vn 0.653084 0.723641 0.223214
vn 0.985265 0.169125 0.025492
vn 0.985265 0.169124 0.025491
vn 0.266629 0.888118 0.374373
vn 0.266627 0.888119 0.374374
vn 0.817490 0.558133 0.142118
vn 0.817491 0.558131 0.142117
vn 0.492781 0.817677 0.297610
vn 0.492783 0.817676 0.297610
vn 0.932972 0.352812 0.071322
vn 0.073538 0.898529 0.432710
vn 0.073540 0.898529 0.432709
vn 0.689415 0.692185 0.213511
vn 0.689416 0.692184 0.213511
vn 0.992475 0.121079 0.018250
vn 0.992475 0.121079 0.018250
vn 0.313599 0.874993 0.368840
vn 0.313597 0.874993 0.368841
vn 0.844765 0.518589 0.132049
vn 0.844768 0.518586 0.132047
vn 0.534864 0.793982 0.288986
vn 0.534863 0.793982 0.288986
vn 0.949500 0.307546 0.062172
vn 0.963749 0.261520 0.052868
vn 0.949500 0.307545 0.062171
vn 0.122377 0.894197 0.430623
vn 0.122370 0.894197 0.430624
vn 0.724144 0.659009 0.203277
vn 0.724142 0.659011 0.203278
vn 0.997292 0.072725 0.010961
vn 0.997292 0.072725 0.010962
vn 0.999698 0.024293 0.003662
vn 0.999698 0.024293 0.003662
vn 0.999698 0.024080 0.004868
vn 0.359812 0.859760 0.362419
vn 0.359807 0.859761 0.362421
vn 0.870019 0.477773 0.121656
vn 0.870019 0.477773 0.121656
vn 0.575707 0.768346 0.279655
vn 0.575706 0.768346 0.279656
vn 0.963749 0.261522 0.052867
vn 0.975689 0.214814 0.043425
vn 0.170907 0.887712 0.427501
vn 0.170920 0.887712 0.427498
vn 0.219036 0.879091 0.423347
vn 0.757113 0.624260 0.192559
vn 0.757115 0.624258 0.192557
vn 0.788252 0.588014 0.181378
vn 0.405128 0.842468 0.355132
vn 0.405136 0.842466 0.355128
vn 0.893168 0.435817 0.110973
vn 0.893169 0.435814 0.110971
vn 0.615095 0.740904 0.269667
vn 0.615094 0.740904 0.269667
vn 0.975690 0.214811 0.043425
vn 0.219037 0.879091 0.423347
vn 0.788255 0.588011 0.181377
vn 0.817490 0.550355 0.169762
vn 0.449495 0.823139 0.346982
vn 0.449498 0.823138 0.346981
vn 0.914166 0.392807 0.100021
vn 0.914167 0.392804 0.100020
vn 0.024536 0.877958 0.478109
vn 0.024536 0.853033 0.521279
vn 0.024534 0.877958 0.478109
vn 0.653082 0.711617 0.259007
vn 0.653084 0.711616 0.259007
vn 0.985265 0.167643 0.033890
vn 0.985265 0.167644 0.033890
vn 0.266633 0.868352 0.418175
vn 0.266627 0.868353 0.418177
vn 0.817489 0.550356 0.169762
vn 0.492783 0.801824 0.337998
vn 0.492787 0.801823 0.337997
vn 0.932972 0.348819 0.088821
vn 0.932973 0.348817 0.088820
vn 0.073538 0.875844 0.476959
vn 0.073542 0.875844 0.476958
vn 0.689416 0.680681 0.247748
vn 0.689417 0.680680 0.247747
vn 0.992475 0.120019 0.024262
vn 0.992475 0.120019 0.024262
vn 0.359813 0.840626 0.404824
vn 0.313597 0.855520 0.411997
vn 0.313599 0.855520 0.411997
vn 0.844768 0.511359 0.157733
vn 0.870019 0.471115 0.145320
vn 0.844768 0.511359 0.157733
vn 0.534855 0.778596 0.328207
vn 0.534864 0.778591 0.328202
vn 0.949500 0.304063 0.077424
vn 0.949500 0.304064 0.077425
vn 0.122377 0.871621 0.474659
vn 0.122374 0.871621 0.474660
vn 0.724144 0.648058 0.235874
vn 0.724142 0.648059 0.235875
vn 0.997292 0.072088 0.014573
vn 0.997292 0.072088 0.014573
vn 0.999698 0.024080 0.004868
vn 0.999698 0.023807 0.006062
vn 0.359815 0.840625 0.404824
vn 0.405128 0.823720 0.396683
vn 0.870019 0.471114 0.145320
vn 0.575711 0.753449 0.317604
vn 0.575706 0.753451 0.317607
vn 0.963749 0.258560 0.065838
vn 0.963749 0.258561 0.065838
vn 0.170912 0.865300 0.471217
vn 0.170907 0.865300 0.471218
vn 0.757114 0.613885 0.223436
vn 0.757113 0.613886 0.223437
vn 0.405129 0.823719 0.396683
vn 0.893168 0.429742 0.132558
vn 0.893168 0.429743 0.132559
vn 0.615092 0.726543 0.306264
vn 0.615094 0.726542 0.306262
vn 0.975689 0.212382 0.054080
vn 0.975690 0.212380 0.054078
vn 0.219037 0.856895 0.466640
vn 0.219035 0.856896 0.466641
vn 0.788255 0.578239 0.210462
vn 0.788254 0.578240 0.210463
vn 0.449498 0.804819 0.387580
vn 0.449493 0.804821 0.387582
vn 0.914167 0.387330 0.119475
vn 0.914165 0.387333 0.119477
vn 0.932973 0.343956 0.106096
vn 0.073542 0.850980 0.520024
vn 0.024533 0.825990 0.563150
vn 0.024533 0.853034 0.521279
vn 0.653082 0.697822 0.294156
vn 0.653083 0.697822 0.294156
vn 0.985265 0.165747 0.042204
vn 0.985265 0.165746 0.042204
vn 0.266632 0.846429 0.460940
vn 0.266633 0.846428 0.460940
vn 0.817490 0.541209 0.196985
vn 0.817489 0.541210 0.196985
vn 0.492787 0.783979 0.377543
vn 0.492784 0.783980 0.377544
vn 0.932973 0.343955 0.106096
vn 0.073543 0.850980 0.520024
vn 0.689417 0.667485 0.281368
vn 0.689416 0.667486 0.281369
vn 0.992475 0.118660 0.030215
vn 0.992475 0.118660 0.030215
vn 0.313597 0.833921 0.454128
vn 0.313595 0.833921 0.454129
vn 0.844768 0.502861 0.183026
vn 0.844765 0.502864 0.183028
vn 0.575711 0.736680 0.354768
vn 0.534855 0.761268 0.366609
vn 0.534864 0.761263 0.366604
vn 0.949499 0.299829 0.092485
vn 0.963749 0.254957 0.078644
vn 0.949500 0.299827 0.092484
vn 0.122374 0.846878 0.517516
vn 0.122368 0.846878 0.517517
vn 0.724144 0.635495 0.267883
vn 0.724144 0.635496 0.267883
vn 0.999698 0.023807 0.006062
vn 0.997292 0.071272 0.018148
vn 0.997292 0.071272 0.018148
vn 0.999698 0.023476 0.007241
vn 0.359815 0.819402 0.446221
vn 0.359810 0.819404 0.446223
vn 0.870020 0.463284 0.168621
vn 0.870019 0.463285 0.168622
vn 0.575707 0.736683 0.354768
vn 0.615092 0.710374 0.342098
vn 0.963749 0.254957 0.078644
vn 0.170917 0.840735 0.513762
vn 0.170912 0.840736 0.513763
vn 0.757116 0.601983 0.253756
vn 0.757114 0.601985 0.253758
vn 0.405136 0.802921 0.437245
vn 0.405129 0.802922 0.437248
vn 0.893168 0.422601 0.153814
vn 0.893168 0.422601 0.153814
vn 0.615091 0.710375 0.342098
vn 0.653083 0.682291 0.328574
vn 0.975689 0.209422 0.064598
vn 0.975689 0.209423 0.064598
vn 0.219035 0.832570 0.508774
vn 0.219038 0.832570 0.508773
vn 0.788253 0.567032 0.239024
vn 0.788254 0.567031 0.239023
vn 0.449497 0.784500 0.427215
vn 0.449493 0.784501 0.427217
vn 0.914167 0.380894 0.138634
vn 0.914165 0.380896 0.138636
vn 0.073543 0.824002 0.561794
vn 0.024532 0.825990 0.563150
vn 0.653087 0.682288 0.328574
vn 0.992475 0.117007 0.036092
vn 0.985265 0.163437 0.050413
vn 0.985265 0.163437 0.050413
vn 0.266622 0.822402 0.502561
vn 0.266632 0.822401 0.502558
vn 0.817490 0.530718 0.223716
vn 0.817490 0.530718 0.223716
vn 0.492784 0.764186 0.416154
vn 0.492784 0.764185 0.416154
vn 0.932972 0.338242 0.123111
vn 0.932973 0.338239 0.123108
vn 0.122368 0.820030 0.559086
vn 0.073541 0.824002 0.561794
vn 0.689416 0.652631 0.314291
vn 0.689413 0.652633 0.314293
vn 0.997292 0.070279 0.021678
vn 0.992475 0.117007 0.036092
vn 0.313600 0.810247 0.495131
vn 0.313596 0.810248 0.495132
vn 0.844765 0.493116 0.207866
vn 0.844766 0.493115 0.207865
vn 0.534864 0.742043 0.404094
vn 0.534858 0.742046 0.404097
vn 0.949499 0.294846 0.107315
vn 0.949500 0.294844 0.107314
vn 0.122375 0.820028 0.559087
vn 0.724144 0.621352 0.299227
vn 0.724142 0.621354 0.299228
vn 0.999698 0.023476 0.007241
vn 0.997292 0.070279 0.021678
vn 0.359810 0.796142 0.486512
vn 0.359810 0.796142 0.486513
vn 0.870022 0.454301 0.191504
vn 0.870020 0.454303 0.191505
vn 0.575707 0.718083 0.391047
vn 0.575709 0.718082 0.391046
vn 0.963749 0.250720 0.091255
vn 0.963749 0.250721 0.091255
vn 0.170917 0.814081 0.555031
vn 0.170912 0.814081 0.555032
vn 0.757116 0.588586 0.283448
vn 0.788253 0.554413 0.266991
vn 0.757117 0.588585 0.283447
vn 0.405134 0.780127 0.476726
vn 0.405136 0.780127 0.476725
vn 0.893168 0.414409 0.174688
vn 0.893168 0.414409 0.174689
vn 0.615093 0.692438 0.377081
vn 0.615091 0.692439 0.377083
vn 0.975689 0.205942 0.074957
vn 0.975689 0.205941 0.074956
vn 0.219038 0.806176 0.549639
vn 0.266623 0.796331 0.542927
vn 0.219033 0.806176 0.549641
vn 0.788252 0.554414 0.266991
vn 0.817490 0.518907 0.249892
vn 0.449498 0.762229 0.465788
vn 0.449497 0.762229 0.465789
vn 0.914166 0.373511 0.157448
vn 0.914167 0.373510 0.157447
vn 0.024533 0.796893 0.603622
vn 0.024533 0.765813 0.642595
vn 0.024532 0.796893 0.603622
vn 0.653086 0.665062 0.362174
vn 0.653087 0.665062 0.362174
vn 0.985265 0.160721 0.058498
vn 0.985265 0.160720 0.058497
vn 0.266631 0.796328 0.542927
vn 0.817491 0.518905 0.249892
vn 0.492784 0.742492 0.453728
vn 0.492785 0.742492 0.453728
vn 0.932972 0.331684 0.139816
vn 0.932972 0.331685 0.139817
vn 0.073541 0.794974 0.602170
vn 0.073544 0.794974 0.602169
vn 0.689413 0.636156 0.346432
vn 0.689412 0.636157 0.346433
vn 0.992475 0.115062 0.041879
vn 0.992475 0.115062 0.041879
vn 0.313600 0.784559 0.534903
vn 0.313599 0.784559 0.534904
vn 0.870021 0.444190 0.213911
vn 0.844767 0.482139 0.232186
vn 0.844766 0.482140 0.232188
vn 0.534858 0.720981 0.440582
vn 0.534857 0.720982 0.440583
vn 0.949500 0.289128 0.121878
vn 0.949500 0.289128 0.121878
vn 0.122371 0.791141 0.599267
vn 0.122374 0.791142 0.599266
vn 0.724142 0.605666 0.329829
vn 0.724145 0.605663 0.329827
vn 0.997292 0.069111 0.025154
vn 0.997292 0.069111 0.025154
vn 0.999698 0.023086 0.008402
vn 0.999698 0.023086 0.008402
vn 0.359810 0.770902 0.525592
vn 0.405134 0.755395 0.515020
vn 0.359812 0.770901 0.525591
vn 0.870019 0.444194 0.213912
vn 0.575709 0.697697 0.426355
vn 0.575714 0.697694 0.426352
vn 0.963749 0.245860 0.103639
vn 0.963749 0.245860 0.103639
vn 0.170912 0.785404 0.594920
vn 0.170914 0.785404 0.594920
vn 0.757115 0.573725 0.312435
vn 0.757117 0.573724 0.312434
vn 0.405132 0.755395 0.515020
vn 0.893168 0.405187 0.195128
vn 0.893168 0.405187 0.195127
vn 0.615093 0.672781 0.411128
vn 0.615089 0.672783 0.411131
vn 0.975689 0.201949 0.085128
vn 0.975689 0.201949 0.085129
vn 0.219037 0.777775 0.589142
vn 0.219033 0.777776 0.589143
vn 0.788251 0.540417 0.294296
vn 0.788252 0.540416 0.294295
vn 0.449498 0.738064 0.503203
vn 0.449496 0.738065 0.503204
vn 0.914167 0.365198 0.175870
vn 0.914166 0.365199 0.175871
vn 0.932972 0.324302 0.156176
vn 0.024533 0.765813 0.642595
vn 0.024533 0.732831 0.679968
vn 0.073545 0.763970 0.641047
vn 0.653086 0.646184 0.394875
vn 0.653086 0.646183 0.394874
vn 0.985265 0.157606 0.066436
vn 0.985265 0.157605 0.066436
vn 0.266626 0.768276 0.581947
vn 0.266631 0.768275 0.581946
vn 0.817491 0.505804 0.275446
vn 0.817491 0.505804 0.275446
vn 0.492784 0.718953 0.490173
vn 0.492785 0.718953 0.490173
vn 0.932972 0.324303 0.156176
vn 0.122371 0.760287 0.637957
vn 0.073541 0.763970 0.641047
vn 0.689412 0.618098 0.377712
vn 0.689413 0.618097 0.377711
vn 0.992475 0.112832 0.047562
vn 0.992475 0.112832 0.047563
vn 0.313600 0.756921 0.573346
vn 0.313599 0.756921 0.573346
vn 0.844765 0.469970 0.255932
vn 0.844767 0.469966 0.255929
vn 0.534860 0.698123 0.475971
vn 0.534857 0.698124 0.475974
vn 0.575714 0.675575 0.460600
vn 0.963749 0.240389 0.115765
vn 0.949500 0.282694 0.136138
vn 0.949500 0.282694 0.136138
vn 0.122371 0.760287 0.637957
vn 0.724145 0.588470 0.359606
vn 0.724145 0.588470 0.359607
vn 0.999698 0.022638 0.009543
vn 0.997292 0.067771 0.028568
vn 0.997292 0.067771 0.028568
vn 0.999698 0.022638 0.009543
vn 0.999698 0.022134 0.010659
vn 0.405132 0.728785 0.552033
vn 0.359812 0.743744 0.563365
vn 0.359812 0.743744 0.563365
vn 0.870019 0.432979 0.235788
vn 0.870021 0.432977 0.235786
vn 0.575711 0.675577 0.460600
vn 0.963749 0.240388 0.115765
vn 0.170913 0.754773 0.633330
vn 0.219037 0.747442 0.627178
vn 0.170914 0.754773 0.633329
vn 0.757115 0.557439 0.340644
vn 0.757115 0.557440 0.340644
vn 0.405128 0.728786 0.552034
vn 0.893168 0.394957 0.215082
vn 0.893168 0.394956 0.215082
vn 0.615089 0.651454 0.444154
vn 0.615089 0.651455 0.444154
vn 0.975689 0.197455 0.095089
vn 0.975689 0.197455 0.095089
vn 0.219040 0.747442 0.627178
vn 0.788251 0.525076 0.320867
vn 0.788252 0.525075 0.320866
vn 0.449496 0.712064 0.539368
vn 0.449498 0.712064 0.539367
vn 0.914167 0.355977 0.193854
vn 0.914166 0.355979 0.193856
vn 0.024532 0.732831 0.679968
vn 0.653087 0.625697 0.426593
vn 0.653086 0.625697 0.426593
vn 0.985265 0.154097 0.074209
vn 0.992475 0.110321 0.053128
vn 0.985265 0.154098 0.074210
vn 0.266625 0.738314 0.619519
vn 0.266626 0.738314 0.619519
vn 0.817491 0.491445 0.300316
vn 0.817491 0.491445 0.300316
vn 0.492784 0.693626 0.525401
vn 0.534860 0.673530 0.510179
vn 0.492784 0.693626 0.525401
vn 0.932973 0.316114 0.172146
vn 0.932972 0.316115 0.172147
vn 0.073541 0.731067 0.678331
vn 0.073541 0.731067 0.678331
vn 0.689413 0.598501 0.408051
vn 0.689413 0.598501 0.408052
vn 0.997292 0.066263 0.031911
vn 0.992475 0.110321 0.053128
vn 0.359812 0.714739 0.599737
vn 0.313600 0.727401 0.610362
vn 0.313600 0.727401 0.610362
vn 0.844765 0.456628 0.279040
vn 0.844765 0.456627 0.279039
vn 0.575711 0.651778 0.493703
vn 0.534861 0.673529 0.510179
vn 0.949500 0.275557 0.150060
vn 0.949500 0.275557 0.150061
vn 0.122371 0.727543 0.675061
vn 0.122370 0.727543 0.675061
vn 0.724145 0.569814 0.388492
vn 0.724144 0.569815 0.388493
vn 0.999698 0.022134 0.010659
vn 0.997292 0.066263 0.031911
vn 0.359811 0.714739 0.599737
vn 0.870020 0.420687 0.257077
vn 0.870021 0.420685 0.257075
vn 0.615089 0.628505 0.476074
vn 0.575709 0.651779 0.493703
vn 0.963749 0.234319 0.127604
vn 0.963749 0.234319 0.127603
vn 0.170914 0.722266 0.670164
vn 0.170913 0.722266 0.670165
vn 0.757115 0.539767 0.368007
vn 0.757115 0.539767 0.368007
vn 0.405132 0.700362 0.587674
vn 0.405128 0.700363 0.587675
vn 0.893168 0.383744 0.234501
vn 0.893168 0.383745 0.234502
vn 0.615090 0.628505 0.476074
vn 0.975689 0.192470 0.104813
vn 0.975689 0.192470 0.104813
vn 0.219040 0.715251 0.663655
vn 0.219040 0.715251 0.663655
vn 0.817491 0.475865 0.324439
vn 0.788252 0.508428 0.346640
vn 0.788253 0.508427 0.346640
vn 0.449496 0.684294 0.574191
vn 0.449498 0.684293 0.574190
vn 0.914166 0.345873 0.211359
vn 0.914167 0.345872 0.211358
vn 0.024532 0.698027 0.715652
vn 0.024534 0.698027 0.715651
vn 0.024534 0.661486 0.749556
vn 0.689413 0.577418 0.437377
vn 0.653086 0.603655 0.457251
vn 0.653086 0.603655 0.457251
vn 0.985265 0.150207 0.081798
vn 0.985265 0.150207 0.081798
vn 0.266625 0.706516 0.655551
vn 0.266626 0.706516 0.655550
vn 0.817491 0.475866 0.324439
vn 0.492785 0.666574 0.559322
vn 0.492784 0.666575 0.559323
vn 0.932972 0.307140 0.187690
vn 0.932972 0.307140 0.187689
vn 0.073541 0.696346 0.713928
vn 0.073539 0.696346 0.713929
vn 0.122370 0.692989 0.710487
vn 0.689414 0.577417 0.437376
vn 0.992475 0.107536 0.058561
vn 0.992475 0.107535 0.058561
vn 0.359811 0.683956 0.634619
vn 0.313601 0.696073 0.645862
vn 0.313603 0.696073 0.645861
vn 0.844766 0.442151 0.301453
vn 0.844766 0.442151 0.301453
vn 0.534861 0.647261 0.543117
vn 0.534861 0.647261 0.543117
vn 0.949500 0.267734 0.163609
vn 0.949500 0.267735 0.163610
vn 0.122373 0.692989 0.710487
vn 0.724144 0.549742 0.416413
vn 0.724143 0.549742 0.416413
vn 0.997292 0.064590 0.035174
vn 0.997292 0.064590 0.035174
vn 0.999698 0.021575 0.011749
vn 0.999698 0.020963 0.012810
vn 0.999698 0.021576 0.011749
vn 0.359810 0.683956 0.634619
vn 0.870020 0.407350 0.277726
vn 0.870020 0.407350 0.277726
vn 0.575709 0.626360 0.525578
vn 0.575708 0.626360 0.525579
vn 0.963749 0.227668 0.139125
vn 0.963749 0.227667 0.139124
vn 0.170914 0.687963 0.705334
vn 0.170914 0.687963 0.705334
vn 0.757115 0.520752 0.394454
vn 0.757114 0.520753 0.394455
vn 0.405130 0.670199 0.621854
vn 0.405132 0.670199 0.621853
vn 0.893168 0.371579 0.253338
vn 0.914167 0.334907 0.228336
vn 0.893168 0.371579 0.253338
vn 0.615090 0.603993 0.506811
vn 0.615091 0.603992 0.506810
vn 0.975689 0.187006 0.114277
vn 0.975689 0.187006 0.114277
vn 0.219040 0.681281 0.698482
vn 0.219036 0.681281 0.698484
vn 0.817491 0.459102 0.347756
vn 0.788253 0.490516 0.371551
vn 0.788253 0.490517 0.371552
vn 0.449496 0.654823 0.607586
vn 0.449496 0.654823 0.607586
vn 0.914167 0.334906 0.228335
vn 0.073539 0.659894 0.747751
vn 0.024531 0.661487 0.749555
vn 0.653085 0.580113 0.486773
vn 0.653086 0.580113 0.486773
vn 0.985265 0.145943 0.089184
vn 0.985265 0.145943 0.089184
vn 0.266630 0.672960 0.689951
vn 0.266626 0.672961 0.689953
vn 0.817491 0.459101 0.347756
vn 0.492786 0.637866 0.591852
vn 0.492785 0.637866 0.591853
vn 0.932972 0.297403 0.202766
vn 0.932972 0.297404 0.202767
vn 0.073540 0.659894 0.747751
vn 0.689413 0.554898 0.465615
vn 0.689414 0.554898 0.465614
vn 0.992475 0.104483 0.063848
vn 0.992475 0.104483 0.063848
vn 0.313603 0.663014 0.679754
vn 0.313599 0.663014 0.679756
vn 0.844766 0.426575 0.323118
vn 0.844766 0.426574 0.323118
vn 0.534861 0.619385 0.574705
vn 0.575708 0.599384 0.556147
vn 0.534860 0.619385 0.574706
vn 0.949500 0.259246 0.176751
vn 0.949500 0.259246 0.176751
vn 0.963749 0.220450 0.150300
vn 0.122373 0.656713 0.744146
vn 0.122373 0.656713 0.744146
vn 0.757114 0.500444 0.419922
vn 0.724143 0.528303 0.443298
vn 0.724144 0.528302 0.443298
vn 0.997292 0.062756 0.038349
vn 0.997292 0.062756 0.038350
vn 0.999698 0.020963 0.012810
vn 0.359810 0.651473 0.667922
vn 0.405130 0.638370 0.654488
vn 0.359809 0.651473 0.667922
vn 0.870020 0.392999 0.297686
vn 0.870020 0.393000 0.297686
vn 0.575709 0.599383 0.556146
vn 0.963749 0.220450 0.150300
vn 0.170914 0.651950 0.738749
vn 0.170915 0.651950 0.738749
vn 0.757115 0.500442 0.419921
vn 0.405133 0.638368 0.654487
vn 0.893168 0.358489 0.271545
vn 0.893168 0.358489 0.271545
vn 0.653085 0.555129 0.515084
vn 0.615091 0.577979 0.536286
vn 0.615091 0.577979 0.536286
vn 0.975689 0.181077 0.123456
vn 0.975689 0.181077 0.123456
vn 0.219036 0.645618 0.731574
vn 0.219036 0.645618 0.731574
vn 0.788253 0.471386 0.395540
vn 0.788253 0.471386 0.395540
vn 0.449496 0.623723 0.639471
vn 0.449494 0.623723 0.639472
vn 0.932972 0.286927 0.217339
vn 0.914167 0.323108 0.244745
vn 0.914166 0.323109 0.244746
vn 0.024531 0.623302 0.781596
vn 0.024530 0.623302 0.781596
vn 0.024530 0.583568 0.811694
vn 0.653086 0.555128 0.515084
vn 0.985265 0.141316 0.096347
vn 0.985265 0.141316 0.096347
vn 0.266627 0.637732 0.722639
vn 0.266630 0.637732 0.722638
vn 0.817491 0.441197 0.370208
vn 0.844766 0.409938 0.343979
vn 0.817491 0.441196 0.370208
vn 0.492787 0.607571 0.622912
vn 0.492786 0.607571 0.622912
vn 0.932972 0.286927 0.217338
vn 0.073540 0.621801 0.779715
vn 0.122373 0.618804 0.775956
vn 0.073542 0.621801 0.779714
vn 0.689413 0.530999 0.492695
vn 0.689413 0.531000 0.492696
vn 0.992475 0.101170 0.068977
vn 0.992475 0.101171 0.068977
vn 0.997292 0.060767 0.041430
vn 0.313601 0.628307 0.711958
vn 0.313599 0.628307 0.711959
vn 0.844765 0.409939 0.343979
vn 0.534860 0.589969 0.604865
vn 0.534860 0.589969 0.604865
vn 0.949500 0.250113 0.189453
vn 0.963749 0.212684 0.161102
vn 0.949500 0.250113 0.189454
vn 0.122372 0.618804 0.775956
vn 0.724144 0.505548 0.469080
vn 0.724143 0.505549 0.469081
vn 0.997292 0.060767 0.041430
vn 0.999698 0.020298 0.013839
vn 0.999698 0.019583 0.014834
vn 0.999698 0.020298 0.013839
vn 0.359808 0.617370 0.699566
vn 0.359810 0.617370 0.699565
vn 0.870020 0.377673 0.316904
vn 0.870020 0.377673 0.316905
vn 0.575707 0.570917 0.585333
vn 0.575709 0.570917 0.585331
vn 0.963749 0.212685 0.161102
vn 0.219036 0.608350 0.762846
vn 0.170912 0.614316 0.770328
vn 0.170915 0.614316 0.770327
vn 0.757116 0.478889 0.444344
vn 0.757114 0.478890 0.444345
vn 0.405134 0.604952 0.685493
vn 0.405132 0.604952 0.685494
vn 0.893168 0.344508 0.289077
vn 0.893168 0.344508 0.289076
vn 0.615091 0.550529 0.564429
vn 0.615092 0.550529 0.564429
vn 0.975689 0.174698 0.132329
vn 0.975689 0.174698 0.132328
vn 0.219040 0.608349 0.762846
vn 0.817491 0.422195 0.391740
vn 0.788253 0.451084 0.418545
vn 0.788253 0.451085 0.418545
vn 0.449494 0.591073 0.669767
vn 0.449495 0.591073 0.669766
vn 0.914166 0.310508 0.260547
vn 0.932972 0.275737 0.231370
vn 0.914166 0.310508 0.260547
vn 0.024532 0.583568 0.811694
vn 0.653087 0.528763 0.542114
vn 0.653086 0.528763 0.542114
vn 0.992475 0.097607 0.073934
vn 0.985265 0.136338 0.103272
vn 0.985265 0.136338 0.103272
vn 0.266627 0.600919 0.753529
vn 0.266625 0.600919 0.753529
vn 0.817491 0.422195 0.391740
vn 0.534860 0.559086 0.633521
vn 0.492787 0.575766 0.652422
vn 0.492786 0.575766 0.652422
vn 0.932972 0.275737 0.231371
vn 0.073542 0.582163 0.809739
vn 0.073536 0.582163 0.809740
vn 0.689414 0.505780 0.518551
vn 0.689413 0.505781 0.518552
vn 0.992475 0.097606 0.073934
vn 0.997292 0.058626 0.044408
vn 0.313601 0.592038 0.742392
vn 0.313600 0.592038 0.742392
vn 0.844765 0.392283 0.363986
vn 0.844765 0.392283 0.363985
vn 0.534862 0.559084 0.633520
vn 0.575707 0.541031 0.613063
vn 0.949500 0.240359 0.201685
vn 0.949500 0.240359 0.201685
vn 0.122372 0.579356 0.805836
vn 0.122375 0.579357 0.805835
vn 0.170912 0.575155 0.799991
vn 0.724144 0.481538 0.493696
vn 0.724143 0.481539 0.493698
vn 0.997292 0.058626 0.044408
vn 0.999698 0.018820 0.015792
vn 0.999698 0.019583 0.014834
vn 0.359811 0.581732 0.729468
vn 0.405132 0.570030 0.714796
vn 0.359808 0.581732 0.729470
vn 0.870020 0.361407 0.335337
vn 0.870020 0.361406 0.335336
vn 0.615092 0.521710 0.591169
vn 0.575707 0.541032 0.613063
vn 0.963749 0.204389 0.171503
vn 0.963749 0.204390 0.171503
vn 0.170914 0.575154 0.799991
vn 0.757114 0.456146 0.467663
vn 0.757114 0.456146 0.467663
vn 0.405131 0.570031 0.714796
vn 0.893168 0.329670 0.305889
vn 0.893168 0.329670 0.305889
vn 0.615091 0.521711 0.591170
vn 0.975689 0.167885 0.140872
vn 0.975689 0.167885 0.140872
vn 0.219037 0.569568 0.792222
vn 0.219040 0.569568 0.792221
vn 0.788253 0.429661 0.440510
vn 0.788254 0.429660 0.440509
vn 0.449495 0.556953 0.698397
vn 0.449495 0.556953 0.698397
vn 0.914166 0.297135 0.275701
vn 0.914166 0.297135 0.275701
vn 0.932972 0.263861 0.244828
vn 0.024532 0.542383 0.839773
vn 0.024531 0.542383 0.839773
vn 0.024530 0.499851 0.865764
vn 0.689414 0.479304 0.543117
vn 0.653087 0.501084 0.567797
vn 0.653088 0.501083 0.567796
vn 0.985265 0.131021 0.109939
vn 0.985265 0.131021 0.109940
vn 0.266625 0.562612 0.782546
vn 0.313600 0.554297 0.770980
vn 0.266627 0.562612 0.782545
vn 0.817491 0.402143 0.412297
vn 0.817491 0.402143 0.412297
vn 0.492786 0.542530 0.680311
vn 0.492786 0.542530 0.680311
vn 0.932972 0.263861 0.244827
vn 0.073536 0.541078 0.837751
vn 0.122375 0.538469 0.833712
vn 0.073536 0.541078 0.837751
vn 0.689413 0.479304 0.543117
vn 0.992475 0.093799 0.078707
vn 0.992475 0.093800 0.078707
vn 0.313600 0.554297 0.770980
vn 0.359811 0.544648 0.757559
vn 0.844764 0.373653 0.383088
vn 0.844766 0.373652 0.383086
vn 0.534862 0.526811 0.660600
vn 0.534860 0.526812 0.660601
vn 0.949500 0.230008 0.213416
vn 0.963749 0.195587 0.181478
vn 0.949500 0.230007 0.213415
vn 0.122377 0.538468 0.833712
vn 0.170914 0.534563 0.827666
vn 0.724143 0.456332 0.517086
vn 0.724143 0.456332 0.517087
vn 0.997292 0.056340 0.047275
vn 0.997292 0.056340 0.047275
vn 0.999698 0.018820 0.015791
vn 0.359811 0.544648 0.757559
vn 0.870020 0.344242 0.352934
vn 0.870020 0.344242 0.352934
vn 0.575709 0.509799 0.639268
vn 0.575707 0.509800 0.639270
vn 0.975689 0.160654 0.149066
vn 0.963749 0.195586 0.181477
vn 0.170914 0.534563 0.827666
vn 0.757117 0.432266 0.489817
vn 0.757114 0.432267 0.489819
vn 0.405132 0.533692 0.742321
vn 0.405131 0.533693 0.742322
vn 0.893168 0.314013 0.321942
vn 0.893168 0.314013 0.321941
vn 0.615091 0.491594 0.616440
vn 0.615090 0.491594 0.616441
vn 0.975689 0.160655 0.149066
vn 0.219037 0.529371 0.819627
vn 0.219037 0.529371 0.819627
vn 0.788251 0.407170 0.461381
vn 0.788254 0.407169 0.461378
vn 0.817491 0.381092 0.431830
vn 0.449495 0.521448 0.725290
vn 0.449492 0.521449 0.725292
vn 0.914166 0.283023 0.290169
vn 0.914166 0.283023 0.290169
vn 0.024537 0.499849 0.865765
vn 0.653088 0.472158 0.592067
vn 0.653085 0.472159 0.592069
vn 0.985265 0.125378 0.116334
vn 0.992475 0.089760 0.083285
vn 0.985265 0.125377 0.116333
vn 0.313600 0.515178 0.797651
vn 0.266627 0.522906 0.809617
vn 0.266627 0.522906 0.809617
vn 0.844764 0.354094 0.401236
vn 0.817491 0.381092 0.431829
vn 0.492786 0.507945 0.706508
vn 0.492788 0.507945 0.706507
vn 0.932972 0.251329 0.257675
vn 0.932972 0.251329 0.257675
vn 0.073536 0.498645 0.863681
vn 0.073540 0.498646 0.863680
vn 0.689415 0.451636 0.566333
vn 0.689413 0.451636 0.566334
vn 0.992475 0.089760 0.083285
vn 0.313599 0.515178 0.797651
vn 0.844765 0.354092 0.401236
vn 0.534861 0.493228 0.686039
vn 0.534861 0.493229 0.686039
vn 0.949500 0.219084 0.224615
vn 0.949500 0.219084 0.224616
vn 0.122377 0.496242 0.859516
vn 0.122374 0.496241 0.859517
vn 0.724143 0.429989 0.539191
vn 0.724144 0.429989 0.539189
vn 0.997292 0.053913 0.050024
vn 0.997292 0.053913 0.050024
vn 0.999698 0.018009 0.016710
vn 0.999698 0.018009 0.016710
vn 0.999698 0.017154 0.017587
vn 0.359815 0.506209 0.783764
vn 0.405132 0.496027 0.768001
vn 0.359811 0.506209 0.783766
vn 0.870020 0.326222 0.369655
vn 0.870020 0.326222 0.369654
vn 0.575710 0.477300 0.663884
vn 0.615090 0.460256 0.640178
vn 0.575709 0.477300 0.663885
vn 0.963749 0.186297 0.191001
vn 0.963749 0.186297 0.191001
vn 0.170914 0.492643 0.853282
vn 0.170910 0.492643 0.853283
vn 0.757113 0.407315 0.510758
vn 0.757117 0.407314 0.510754
vn 0.405130 0.496028 0.768001
vn 0.893168 0.297575 0.337194
vn 0.893168 0.297575 0.337194
vn 0.615089 0.460257 0.640179
vn 0.975689 0.153025 0.156889
vn 0.975689 0.153025 0.156888
vn 0.219042 0.487858 0.844994
vn 0.219037 0.487858 0.844996
vn 0.788251 0.383667 0.481103
vn 0.788253 0.383666 0.481101
vn 0.449492 0.484648 0.750382
vn 0.449492 0.484648 0.750382
vn 0.492788 0.472096 0.730948
vn 0.932972 0.238173 0.269883
vn 0.914166 0.268207 0.303916
vn 0.914166 0.268207 0.303915
vn 0.073540 0.454975 0.887463
vn 0.024537 0.456073 0.889604
vn 0.024536 0.456072 0.889604
vn 0.689415 0.422845 0.588141
vn 0.653085 0.442060 0.614868
vn 0.653085 0.442060 0.614868
vn 0.985265 0.119423 0.122438
vn 0.985265 0.119423 0.122438
vn 0.266627 0.481900 0.834675
vn 0.266623 0.481900 0.834676
vn 0.817491 0.359093 0.450289
vn 0.817491 0.359093 0.450289
vn 0.492791 0.472095 0.730947
vn 0.932972 0.238172 0.269882
vn 0.122374 0.452782 0.883184
vn 0.073538 0.454975 0.887462
vn 0.724144 0.402578 0.559952
vn 0.689413 0.422846 0.588142
vn 0.992475 0.085497 0.087656
vn 0.992475 0.085497 0.087656
vn 0.313599 0.474778 0.822339
vn 0.313598 0.474778 0.822340
vn 0.844766 0.333652 0.418387
vn 0.844765 0.333652 0.418387
vn 0.534854 0.458421 0.709776
vn 0.534861 0.458420 0.709771
vn 0.949500 0.207615 0.235256
vn 0.949500 0.207616 0.235257
vn 0.122369 0.452783 0.883184
vn 0.170909 0.449499 0.876779
vn 0.724144 0.402579 0.559952
vn 0.997292 0.051353 0.052649
vn 0.997292 0.051353 0.052649
vn 0.999698 0.017154 0.017587
vn 0.359815 0.466513 0.808022
vn 0.359812 0.466513 0.808023
vn 0.870019 0.307391 0.385457
vn 0.870020 0.307391 0.385456
vn 0.615089 0.427775 0.662325
vn 0.575710 0.443615 0.686850
vn 0.575714 0.443615 0.686848
vn 0.963749 0.176545 0.200050
vn 0.963749 0.176544 0.200049
vn 0.170912 0.449498 0.876778
vn 0.757114 0.381350 0.530426
vn 0.757116 0.381349 0.530423
vn 0.788253 0.359207 0.499627
vn 0.405131 0.457130 0.791771
vn 0.405130 0.457130 0.791771
vn 0.893169 0.280397 0.351607
vn 0.893168 0.280398 0.351608
vn 0.615088 0.427775 0.662325
vn 0.975689 0.145014 0.164321
vn 0.975689 0.145014 0.164321
vn 0.219042 0.445132 0.868262
vn 0.219043 0.445132 0.868261
vn 0.788254 0.359207 0.499627
vn 0.817491 0.336202 0.467629
vn 0.449500 0.446641 0.773603
vn 0.449492 0.446641 0.773607
vn 0.914166 0.252725 0.316907
vn 0.914166 0.252725 0.316907
vn 0.024535 0.411165 0.911231
vn 0.024527 0.411163 0.911232
vn 0.024526 0.365231 0.930594
vn 0.653085 0.410862 0.636139
vn 0.653088 0.410861 0.636136
vn 0.689413 0.393003 0.608489
vn 0.992475 0.081021 0.091808
vn 0.985265 0.113171 0.128238
vn 0.985265 0.113172 0.128239
vn 0.266623 0.439695 0.857660
vn 0.266628 0.439696 0.857658
vn 0.313598 0.433197 0.844984
vn 0.817490 0.336203 0.467630
vn 0.492791 0.435074 0.753570
vn 0.492785 0.435075 0.753573
vn 0.932972 0.224424 0.281418
vn 0.932972 0.224424 0.281419
vn 0.073544 0.410175 0.909037
vn 0.073538 0.410174 0.909038
vn 0.724144 0.374166 0.579323
vn 0.689412 0.393004 0.608489
vn 0.992475 0.081021 0.091808
vn 0.313595 0.433198 0.844984
vn 0.844766 0.312383 0.434498
vn 0.844765 0.312383 0.434498
vn 0.870019 0.287796 0.400299
vn 0.534854 0.422471 0.731744
vn 0.534860 0.422471 0.731740
vn 0.949500 0.195631 0.245313
vn 0.949500 0.195631 0.245314
vn 0.122374 0.408196 0.904655
vn 0.122369 0.408195 0.904656
vn 0.724145 0.374166 0.579322
vn 0.997292 0.048665 0.055144
vn 0.999698 0.016256 0.018420
vn 0.999698 0.016256 0.018420
vn 0.999698 0.015317 0.019207
vn 0.997292 0.048665 0.055144
vn 0.359812 0.425655 0.830273
vn 0.359815 0.425655 0.830272
vn 0.870020 0.287795 0.400298
vn 0.575714 0.408825 0.708107
vn 0.575711 0.408826 0.708109
vn 0.963749 0.166354 0.208601
vn 0.963749 0.166353 0.208600
vn 0.170916 0.405235 0.898094
vn 0.170912 0.405234 0.898095
vn 0.757115 0.354435 0.548774
vn 0.757116 0.354435 0.548773
vn 0.788254 0.333856 0.516910
vn 0.405131 0.417094 0.813573
vn 0.405131 0.417094 0.813573
vn 0.893168 0.262523 0.365147
vn 0.893169 0.262522 0.365147
vn 0.615090 0.394228 0.682824
vn 0.615088 0.394228 0.682825
vn 0.975689 0.136643 0.171345
vn 0.975689 0.136643 0.171345
vn 0.219043 0.401300 0.889370
vn 0.219029 0.401299 0.889373
vn 0.788253 0.333857 0.516911
vn 0.817490 0.312476 0.483806
vn 0.449495 0.407524 0.794908
vn 0.449500 0.407524 0.794905
vn 0.492785 0.396972 0.774323
vn 0.932972 0.210118 0.292256
vn 0.914166 0.236615 0.329111
vn 0.914166 0.236614 0.329110
vn 0.024526 0.318391 0.947642
vn 0.024526 0.365231 0.930594
vn 0.653088 0.378642 0.655825
vn 0.653082 0.378643 0.655830
vn 0.985265 0.106639 0.133721
vn 0.985265 0.106639 0.133721
vn 0.266628 0.396399 0.878508
vn 0.266629 0.396399 0.878508
vn 0.817491 0.312475 0.483806
vn 0.492785 0.396972 0.774323
vn 0.949500 0.183160 0.254759
vn 0.932972 0.210117 0.292255
vn 0.073545 0.364352 0.928353
vn 0.073544 0.364352 0.928353
vn 0.122375 0.362595 0.923877
vn 0.689411 0.362184 0.627323
vn 0.689418 0.362183 0.627317
vn 0.992475 0.076344 0.095732
vn 0.992475 0.076344 0.095733
vn 0.313594 0.390541 0.865527
vn 0.313600 0.390541 0.865525
vn 0.844765 0.290336 0.449529
vn 0.844766 0.290336 0.449528
vn 0.534860 0.385471 0.751889
vn 0.534862 0.385471 0.751888
vn 0.949500 0.183159 0.254759
vn 0.170915 0.359966 0.917176
vn 0.122370 0.362596 0.923877
vn 0.724145 0.344824 0.597252
vn 0.724141 0.344825 0.597257
vn 0.997292 0.045855 0.057501
vn 0.997292 0.045855 0.057501
vn 0.999698 0.015317 0.019207
vn 0.359815 0.383740 0.850457
vn 0.359817 0.383740 0.850456
vn 0.870020 0.267484 0.414146
vn 0.870019 0.267484 0.414148
vn 0.615090 0.359703 0.701625
vn 0.575711 0.373023 0.727606
vn 0.575708 0.373023 0.727609
vn 0.963749 0.155749 0.216634
vn 0.963749 0.155749 0.216634
vn 0.170919 0.359965 0.917176
vn 0.757115 0.326641 0.565759
vn 0.757117 0.326640 0.565757
vn 0.405131 0.376023 0.833352
vn 0.405128 0.376023 0.833353
vn 0.893168 0.243996 0.377780
vn 0.893168 0.243996 0.377779
vn 0.914166 0.219916 0.340496
vn 0.615088 0.359704 0.701627
vn 0.975689 0.127932 0.177943
vn 0.975689 0.127932 0.177943
vn 0.985265 0.099841 0.138870
vn 0.219031 0.356470 0.908270
vn 0.219029 0.356470 0.908271
vn 0.266629 0.352115 0.897175
vn 0.788253 0.307676 0.532910
vn 0.788253 0.307676 0.532910
vn 0.449495 0.367396 0.814233
vn 0.449495 0.367396 0.814233
vn 0.914166 0.219915 0.340496
vn 0.024534 0.318390 0.947642
vn 0.653085 0.345482 0.673886
vn 0.689418 0.330463 0.644591
vn 0.653082 0.345483 0.673889
vn 0.985265 0.099841 0.138870
vn 0.266628 0.352116 0.897176
vn 0.817490 0.287971 0.498781
vn 0.817491 0.287971 0.498780
vn 0.492788 0.357881 0.793146
vn 0.492785 0.357881 0.793148
vn 0.949500 0.170233 0.263572
vn 0.932972 0.195288 0.302365
vn 0.932972 0.195288 0.302365
vn 0.073542 0.317623 0.945361
vn 0.073545 0.317623 0.945361
vn 0.724141 0.314627 0.613702
vn 0.689415 0.330465 0.644593
vn 0.992475 0.071477 0.099419
vn 0.992475 0.071477 0.099419
vn 0.997292 0.042932 0.059715
vn 0.359817 0.340870 0.868527
vn 0.313607 0.346911 0.883914
vn 0.313600 0.346910 0.883916
vn 0.844766 0.267568 0.463441
vn 0.844766 0.267568 0.463441
vn 0.534854 0.347514 0.770172
vn 0.534862 0.347514 0.770167
vn 0.949500 0.170233 0.263572
vn 0.122370 0.316092 0.940803
vn 0.170919 0.313800 0.933979
vn 0.122369 0.316092 0.940804
vn 0.724146 0.314623 0.613697
vn 0.997292 0.042932 0.059715
vn 0.999698 0.014341 0.019947
vn 0.999698 0.014341 0.019947
vn 0.999698 0.013329 0.020637
vn 0.359810 0.340873 0.868529
vn 0.870019 0.246509 0.426966
vn 0.870020 0.246508 0.426964
vn 0.575708 0.336291 0.745298
vn 0.575712 0.336291 0.745295
vn 0.963749 0.144758 0.224129
vn 0.963749 0.144757 0.224128
vn 0.170915 0.313801 0.933979
vn 0.757113 0.298035 0.581340
vn 0.757117 0.298034 0.581335
vn 0.405128 0.334017 0.851060
vn 0.405129 0.334017 0.851060
vn 0.893168 0.224861 0.389471
vn 0.893168 0.224862 0.389473
vn 0.615088 0.324283 0.718685
vn 0.615089 0.324283 0.718683
vn 0.975689 0.118904 0.184099
vn 0.975689 0.118904 0.184099
vn 0.985265 0.092795 0.143674
vn 0.219038 0.310753 0.924908
vn 0.219031 0.310752 0.924910
vn 0.788252 0.280730 0.547584
vn 0.817490 0.262751 0.512515
vn 0.788253 0.280730 0.547584
vn 0.449495 0.326353 0.831534
vn 0.449495 0.326353 0.831534
vn 0.492788 0.317901 0.809999
vn 0.914166 0.202669 0.351035
vn 0.914166 0.202669 0.351035
vn 0.024534 0.270760 0.962334
vn 0.024533 0.270759 0.962334
vn 0.024533 0.222453 0.974635
vn 0.653086 0.311461 0.690268
vn 0.653085 0.311461 0.690269
vn 0.985265 0.092795 0.143674
vn 0.266628 0.306956 0.913612
vn 0.266628 0.306956 0.913612
vn 0.817492 0.262750 0.512513
vn 0.492786 0.317902 0.810000
vn 0.932972 0.179974 0.311725
vn 0.932972 0.179974 0.311724
vn 0.122369 0.268806 0.955389
vn 0.073540 0.270108 0.960018
vn 0.073542 0.270108 0.960017
vn 0.689415 0.297922 0.660265
vn 0.689417 0.297922 0.660263
vn 0.997292 0.039902 0.061781
vn 0.992475 0.066433 0.102859
vn 0.992475 0.066433 0.102858
vn 0.359810 0.297156 0.884440
vn 0.313601 0.302419 0.900109
vn 0.313607 0.302420 0.900107
vn 0.844766 0.244135 0.476202
vn 0.844765 0.244136 0.476204
vn 0.534854 0.308692 0.786537
vn 0.575712 0.298721 0.761132
vn 0.534859 0.308692 0.786533
vn 0.949500 0.156884 0.271731
vn 0.949500 0.156883 0.271730
vn 0.122377 0.268804 0.955389
vn 0.724142 0.283644 0.628621
vn 0.724146 0.283643 0.628617
vn 0.999698 0.013329 0.020637
vn 0.997292 0.039902 0.061781
vn 0.359808 0.297157 0.884441
vn 0.870021 0.224919 0.438720
vn 0.870020 0.224919 0.438721
vn 0.575707 0.298723 0.761134
vn 0.615089 0.288056 0.733954
vn 0.963749 0.133406 0.231065
vn 0.963749 0.133405 0.231065
vn 0.170909 0.266855 0.948461
vn 0.170915 0.266856 0.948460
vn 0.757116 0.268686 0.595469
vn 0.757113 0.268687 0.595473
vn 0.405134 0.291179 0.866649
vn 0.405129 0.291179 0.866652
vn 0.893168 0.205168 0.400195
vn 0.893168 0.205168 0.400195
vn 0.914166 0.184920 0.360700
vn 0.615092 0.288055 0.733953
vn 0.653086 0.276666 0.704935
vn 0.975689 0.109579 0.189797
vn 0.975689 0.109579 0.189797
vn 0.219042 0.264264 0.939247
vn 0.219038 0.264264 0.939248
vn 0.788253 0.253086 0.560897
vn 0.788252 0.253086 0.560897
vn 0.449495 0.284500 0.846767
vn 0.449488 0.284499 0.846771
vn 0.914166 0.184921 0.360701
vn 0.932972 0.164212 0.320308
vn 0.024533 0.222453 0.974635
vn 0.024533 0.173597 0.984511
vn 0.653088 0.276666 0.704934
vn 0.689417 0.264639 0.674292
vn 0.985265 0.085518 0.148121
vn 0.985265 0.085518 0.148121
vn 0.266628 0.261037 0.927776
vn 0.266622 0.261036 0.927778
vn 0.817490 0.236878 0.524976
vn 0.817492 0.236877 0.524972
vn 0.844765 0.220096 0.487781
vn 0.492789 0.277132 0.824838
vn 0.492786 0.277132 0.824839
vn 0.932972 0.164212 0.320308
vn 0.949500 0.143144 0.279213
vn 0.073540 0.221917 0.972288
vn 0.073540 0.221917 0.972288
vn 0.689413 0.264642 0.674296
vn 0.724142 0.251958 0.641978
vn 0.992475 0.061223 0.106042
vn 0.992475 0.061223 0.106042
vn 0.313601 0.257179 0.914064
vn 0.313601 0.257179 0.914064
vn 0.844766 0.220094 0.487780
vn 0.534859 0.269102 0.800943
vn 0.534863 0.269102 0.800940
vn 0.575707 0.260412 0.775078
vn 0.963749 0.121722 0.237427
vn 0.949500 0.143144 0.279212
vn 0.122377 0.220849 0.967600
vn 0.170908 0.219247 0.960584
vn 0.122370 0.220848 0.967601
vn 0.724142 0.251958 0.641977
vn 0.997292 0.036773 0.063693
vn 0.999698 0.012284 0.021276
vn 0.997292 0.036773 0.063693
vn 0.999698 0.012284 0.021276
vn 0.999698 0.011208 0.021862
vn 0.359813 0.252702 0.898151
vn 0.359808 0.252701 0.898154
vn 0.870021 0.202770 0.449385
vn 0.870021 0.202771 0.449387
vn 0.615092 0.251113 0.747399
vn 0.575706 0.260413 0.775079
vn 0.963749 0.121722 0.237427
vn 0.170916 0.219246 0.960583
vn 0.757116 0.238671 0.608122
vn 0.788252 0.224814 0.572815
vn 0.757116 0.238670 0.608121
vn 0.405134 0.247619 0.880086
vn 0.405132 0.247618 0.880087
vn 0.893169 0.184965 0.409924
vn 0.893167 0.184966 0.409928
vn 0.653088 0.241184 0.717849
vn 0.615093 0.251112 0.747397
vn 0.975689 0.099982 0.195023
vn 0.985265 0.078028 0.152199
vn 0.975689 0.099982 0.195023
vn 0.219042 0.217118 0.951252
vn 0.219031 0.217117 0.951255
vn 0.788252 0.224814 0.572816
vn 0.449487 0.241937 0.859900
vn 0.449495 0.241938 0.859895
vn 0.914166 0.166711 0.369470
vn 0.914167 0.166711 0.369467
vn 0.024534 0.173597 0.984511
vn 0.653084 0.241186 0.717852
vn 0.689413 0.230702 0.686649
vn 0.985265 0.078028 0.152200
vn 0.266622 0.214465 0.939637
vn 0.266634 0.214466 0.939633
vn 0.817490 0.210415 0.536131
vn 0.817492 0.210415 0.536127
vn 0.492788 0.235671 0.837627
vn 0.492789 0.235671 0.837627
vn 0.932972 0.148042 0.328095
vn 0.932972 0.148042 0.328095
vn 0.122369 0.172343 0.977406
vn 0.073544 0.173179 0.982141
vn 0.073540 0.173178 0.982141
vn 0.689412 0.230703 0.686649
vn 0.724142 0.219645 0.653738
vn 0.997292 0.033553 0.065447
vn 0.992475 0.055862 0.108962
vn 0.992475 0.055862 0.108962
vn 0.313599 0.211295 0.925749
vn 0.313601 0.211295 0.925748
vn 0.844765 0.195507 0.498145
vn 0.844766 0.195507 0.498144
vn 0.534858 0.228844 0.813362
vn 0.534863 0.228844 0.813358
vn 0.949500 0.129048 0.286001
vn 0.949500 0.129048 0.286000
vn 0.122369 0.172344 0.977407
vn 0.724147 0.219642 0.653734
vn 0.999698 0.011208 0.021862
vn 0.997292 0.033553 0.065447
vn 0.359813 0.207617 0.909632
vn 0.359814 0.207617 0.909632
vn 0.870021 0.180118 0.458934
vn 0.870020 0.180119 0.458935
vn 0.575706 0.221454 0.787097
vn 0.575710 0.221454 0.787094
vn 0.963749 0.109736 0.243199
vn 0.963749 0.109736 0.243200
vn 0.170916 0.171094 0.970317
vn 0.170912 0.171094 0.970317
vn 0.788252 0.195982 0.583310
vn 0.757116 0.208061 0.619262
vn 0.757113 0.208061 0.619266
vn 0.405125 0.203442 0.891339
vn 0.405132 0.203442 0.891336
vn 0.914167 0.148086 0.377318
vn 0.893167 0.164303 0.418638
vn 0.893167 0.164303 0.418638
vn 0.615094 0.213545 0.758985
vn 0.615093 0.213545 0.758986
vn 0.975689 0.090137 0.199764
vn 0.975689 0.090137 0.199764
vn 0.219038 0.169433 0.960893
vn 0.219031 0.169431 0.960895
vn 0.817492 0.183429 0.545949
vn 0.788253 0.195981 0.583309
vn 0.492788 0.193626 0.848333
vn 0.449499 0.198774 0.870884
vn 0.449495 0.198774 0.870886
vn 0.914167 0.148087 0.377319
vn 0.024534 0.124305 0.991941
vn 0.024538 0.124306 0.991940
vn 0.024538 0.074707 0.996904
vn 0.653084 0.205103 0.728982
vn 0.653084 0.205103 0.728981
vn 0.985265 0.070345 0.155900
vn 0.985265 0.070345 0.155900
vn 0.266627 0.167362 0.949157
vn 0.266634 0.167363 0.949155
vn 0.817491 0.183430 0.545950
vn 0.492781 0.193629 0.848336
vn 0.932972 0.131504 0.335068
vn 0.932972 0.131504 0.335066
vn 0.949500 0.114633 0.292078
vn 0.073535 0.124006 0.989553
vn 0.073544 0.124008 0.989552
vn 0.689412 0.196187 0.697296
vn 0.689415 0.196188 0.697293
vn 0.992475 0.050361 0.111611
vn 0.992475 0.050361 0.111611
vn 0.313599 0.164889 0.935130
vn 0.313603 0.164889 0.935128
vn 0.844765 0.170434 0.507271
vn 0.844765 0.170434 0.507271
vn 0.534858 0.188017 0.823757
vn 0.534865 0.188018 0.823753
vn 0.949500 0.114632 0.292077
vn 0.122368 0.123408 0.984782
vn 0.122377 0.123410 0.984781
vn 0.724144 0.186784 0.663873
vn 0.724147 0.186784 0.663869
vn 0.997292 0.030249 0.067038
vn 0.997292 0.030249 0.067038
vn 0.999698 0.010104 0.022393
vn 0.999698 0.010104 0.022393
vn 0.359814 0.162020 0.918849
vn 0.359807 0.162019 0.918852
vn 0.870020 0.157019 0.467343
vn 0.870020 0.157019 0.467344
vn 0.575710 0.181946 0.797154
vn 0.575706 0.181945 0.797157
vn 0.975689 0.080068 0.204009
vn 0.963749 0.097477 0.248367
vn 0.963749 0.097477 0.248367
vn 0.170911 0.122513 0.977640
vn 0.170912 0.122513 0.977640
vn 0.757115 0.176935 0.628864
vn 0.757113 0.176935 0.628867
vn 0.405125 0.158760 0.900372
vn 0.405132 0.158761 0.900368
vn 0.893167 0.143231 0.426307
vn 0.893168 0.143231 0.426304
vn 0.615092 0.175448 0.768687
vn 0.615094 0.175448 0.768685
vn 0.985265 0.062486 0.159213
vn 0.975689 0.080068 0.204009
vn 0.219038 0.121323 0.968144
vn 0.219039 0.121324 0.968144
vn 0.788253 0.166663 0.592352
vn 0.788250 0.166663 0.592356
vn 0.449501 0.155117 0.879709
vn 0.449499 0.155116 0.879710
vn 0.914167 0.129095 0.384231
vn 0.932972 0.114639 0.341206
vn 0.914166 0.129095 0.384233
vn 0.024534 0.074707 0.996904
vn 0.024534 0.024924 0.999388
vn 0.689415 0.161187 0.706205
vn 0.653084 0.168512 0.738299
vn 0.653084 0.168512 0.738298
vn 0.985265 0.062486 0.159212
vn 0.266626 0.119842 0.956320
vn 0.266627 0.119842 0.956320
vn 0.817491 0.155988 0.554415
vn 0.817493 0.155988 0.554413
vn 0.492786 0.151100 0.856931
vn 0.492781 0.151099 0.856934
vn 0.932972 0.114639 0.341206
vn 0.949500 0.099930 0.297428
vn 0.073535 0.074528 0.994504
vn 0.073533 0.074528 0.994504
vn 0.122377 0.074169 0.989708
vn 0.073538 0.024863 0.996982
vn 0.073533 0.024864 0.996983
vn 0.122381 0.024743 0.992175
vn 0.689412 0.161188 0.706208
vn 0.992475 0.044735 0.113983
vn 0.992475 0.044735 0.113982
vn 0.313603 0.118071 0.942185
vn 0.313601 0.118071 0.942186
vn 0.844765 0.144937 0.515136
vn 0.844764 0.144937 0.515137
vn 0.534859 0.146721 0.832105
vn 0.534865 0.146722 0.832101
vn 0.949500 0.099930 0.297428
vn 0.963749 0.084976 0.252917
vn 0.122377 0.074169 0.989708
vn 0.122377 0.024743 0.992175
vn 0.724143 0.153462 0.672359
vn 0.724144 0.153462 0.672358
vn 0.997292 0.026869 0.068462
vn 0.997292 0.026869 0.068462
vn 0.999698 0.008975 0.022869
vn 0.999698 0.008975 0.022869
vn 0.359810 0.116016 0.925785
vn 0.359807 0.116015 0.925786
vn 0.870020 0.133529 0.474590
vn 0.870021 0.133529 0.474588
vn 0.575706 0.141985 0.805235
vn 0.575705 0.141985 0.805236
vn 0.963749 0.084975 0.252916
vn 0.170911 0.073630 0.982531
vn 0.170915 0.024563 0.984980
vn 0.170915 0.073631 0.982531
vn 0.170907 0.024565 0.984981
vn 0.757116 0.145369 0.636901
vn 0.757115 0.145369 0.636902
vn 0.405135 0.113681 0.907162
vn 0.405132 0.113681 0.907163
vn 0.893169 0.121803 0.432913
vn 0.893167 0.121803 0.432916
vn 0.615093 0.136914 0.776476
vn 0.615094 0.136914 0.776475
vn 0.975689 0.069799 0.207746
vn 0.975689 0.069799 0.207747
vn 0.985265 0.054472 0.162129
vn 0.219039 0.024326 0.975413
vn 0.266631 0.024029 0.963499
vn 0.219039 0.072915 0.972988
vn 0.219039 0.072915 0.972988
vn 0.219039 0.024326 0.975413
vn 0.788252 0.136929 0.599924
vn 0.817493 0.128158 0.561499
vn 0.788250 0.136929 0.599927
vn 0.449501 0.111074 0.886347
vn 0.449494 0.111073 0.886351
vn 0.914167 0.109783 0.390189
vn 0.914166 0.109783 0.390190
vn 0.653084 0.131502 0.745781
vn 0.653084 0.131502 0.745780
vn 0.985265 0.054473 0.162129
vn 0.266626 0.072025 0.961105
vn 0.266623 0.024028 0.963501
vn 0.266623 0.072024 0.961106
vn 0.817490 0.128160 0.561502
vn 0.492782 0.108198 0.863400
vn 0.492786 0.108199 0.863397
vn 0.932972 0.097489 0.346496
vn 0.932972 0.097489 0.346496
vn 0.689415 0.125786 0.713362
vn 0.689412 0.125785 0.713364
vn 0.992475 0.038998 0.116070
vn 0.992475 0.038998 0.116071
vn 0.997292 0.023423 0.069716
vn 0.313597 0.023673 0.949261
vn 0.313598 0.070960 0.946901
vn 0.313601 0.070961 0.946900
vn 0.313598 0.023672 0.949261
vn 0.844764 0.119079 0.521721
vn 0.844767 0.119079 0.521717
vn 0.534863 0.105064 0.838381
vn 0.534859 0.105063 0.838384
vn 0.949500 0.084981 0.302039
vn 0.949500 0.084981 0.302039
vn 0.963749 0.072263 0.256837
vn 0.724143 0.119756 0.679172
vn 0.724146 0.119756 0.679170
vn 0.997292 0.023424 0.069717
vn 0.999698 0.007824 0.023288
vn 0.999698 0.006654 0.023649
vn 0.999698 0.007824 0.023288
vn 0.359809 0.023261 0.932736
vn 0.359810 0.069726 0.930417
vn 0.359810 0.069726 0.930417
vn 0.359810 0.023261 0.932736
vn 0.870021 0.109706 0.480654
vn 0.870019 0.109706 0.480657
vn 0.575708 0.101670 0.811310
vn 0.615093 0.098039 0.782336
vn 0.575705 0.101670 0.811312
vn 0.963749 0.072264 0.256839
vn 0.757116 0.113441 0.643356
vn 0.757112 0.113441 0.643360
vn 0.405133 0.022792 0.913974
vn 0.405135 0.068324 0.911700
vn 0.405131 0.068323 0.911702
vn 0.405131 0.022793 0.913974
vn 0.893169 0.100072 0.438446
vn 0.893167 0.100072 0.438449
vn 0.615089 0.098040 0.782339
vn 0.975689 0.059357 0.210967
vn 0.975689 0.059357 0.210968
vn 0.788254 0.106855 0.606002
vn 0.788252 0.106855 0.606004
vn 0.449498 0.022270 0.893004
vn 0.449494 0.022271 0.893006
vn 0.449494 0.066756 0.890785
vn 0.449498 0.066756 0.890783
vn 0.492782 0.065027 0.867720
vn 0.914167 0.090197 0.395176
vn 0.914165 0.090197 0.395180
vn 0.653084 0.094164 0.751409
vn 0.653085 0.094164 0.751408
vn 0.985265 0.046323 0.164643
vn 0.985265 0.046323 0.164642
vn 0.817491 0.100011 0.567191
vn 0.817490 0.100011 0.567192
vn 0.492782 0.065027 0.867720
vn 0.492789 0.021692 0.869879
vn 0.492782 0.021694 0.869882
vn 0.932972 0.080096 0.350925
vn 0.932972 0.080096 0.350923
vn 0.689414 0.090071 0.718745
vn 0.689415 0.090071 0.718745
vn 0.992475 0.033163 0.117870
vn 0.992475 0.033164 0.117871
vn 0.844767 0.092926 0.527004
vn 0.844765 0.092925 0.527008
vn 0.534862 0.021064 0.844677
vn 0.534859 0.021065 0.844679
vn 0.534863 0.063143 0.842576
vn 0.534862 0.063143 0.842577
vn 0.949500 0.069819 0.305900
vn 0.949501 0.069819 0.305898
vn 0.724145 0.085754 0.684296
vn 0.724146 0.085754 0.684295
vn 0.997292 0.019919 0.070798
vn 0.997292 0.019919 0.070797
vn 0.999698 0.006654 0.023649
vn 0.870019 0.085612 0.485527
vn 0.870021 0.085612 0.485525
vn 0.575711 0.020384 0.817399
vn 0.575709 0.061104 0.815368
vn 0.575708 0.061104 0.815369
vn 0.575709 0.020384 0.817401
vn 0.963748 0.059371 0.260123
vn 0.963749 0.059371 0.260122
vn 0.757112 0.081231 0.648215
vn 0.757116 0.081232 0.648211
vn 0.893169 0.078093 0.442889
vn 0.893169 0.078093 0.442889
vn 0.615091 0.019655 0.788211
vn 0.615089 0.019656 0.788213
vn 0.615089 0.058922 0.786253
vn 0.615089 0.058922 0.786253
vn 0.985265 0.038059 0.166747
vn 0.975689 0.048767 0.213664
vn 0.975689 0.048767 0.213663
vn 0.788254 0.076514 0.610575
vn 0.788253 0.076514 0.610575
vn 0.914165 0.070387 0.399184
vn 0.914165 0.070387 0.399185
vn 0.653085 0.056592 0.755167
vn 0.653084 0.018879 0.757050
vn 0.653087 0.018878 0.757047
vn 0.653087 0.056592 0.755165
vn 0.985265 0.038059 0.166747
vn 0.817489 0.071615 0.571474
vn 0.817492 0.071615 0.571471
vn 0.932973 0.062504 0.354478
vn 0.932972 0.062504 0.354480
vn 0.689416 0.018059 0.724141
vn 0.689414 0.054131 0.722342
vn 0.689417 0.054132 0.722339
vn 0.689417 0.018058 0.724140
vn 0.992475 0.027247 0.119377
vn 0.992475 0.027247 0.119376
vn 0.844767 0.066541 0.530981
vn 0.844765 0.066541 0.530985
vn 0.949501 0.054485 0.308998
vn 0.949500 0.054485 0.309001
vn 0.724143 0.017193 0.689436
vn 0.724145 0.051538 0.687720
vn 0.724141 0.017193 0.689437
vn 0.724141 0.051537 0.687723
vn 0.997292 0.016366 0.071702
vn 0.999698 0.005467 0.023951
vn 0.997292 0.016366 0.071702
vn 0.999698 0.005467 0.023951
vn 0.870021 0.061303 0.489189
vn 0.870020 0.061303 0.489190
vn 0.963748 0.046331 0.262759
vn 0.963749 0.046331 0.262757
vn 0.757114 0.016286 0.653079
vn 0.757116 0.048820 0.651454
vn 0.757114 0.016286 0.653080
vn 0.757114 0.048820 0.651456
vn 0.893169 0.055920 0.446231
vn 0.893169 0.055920 0.446231
vn 0.975689 0.038057 0.215829
vn 0.975689 0.038056 0.215830
vn 0.788252 0.015342 0.615161
vn 0.788253 0.045985 0.613630
vn 0.788256 0.015340 0.615157
vn 0.788256 0.045986 0.613627
vn 0.914165 0.050401 0.402196
vn 0.932973 0.044757 0.357153
vn 0.914166 0.050401 0.402194
vn 0.985265 0.029700 0.168437
vn 0.985265 0.029700 0.168436
vn 0.817490 0.043040 0.574332
vn 0.817492 0.014359 0.575761
vn 0.817489 0.043040 0.574334
vn 0.817490 0.014359 0.575763
vn 0.932971 0.044758 0.357158
vn 0.949500 0.039016 0.311333
vn 0.992475 0.021263 0.120586
vn 0.992475 0.021263 0.120587
vn 0.844767 0.039991 0.533638
vn 0.844764 0.013341 0.534973
vn 0.844764 0.013341 0.534972
vn 0.844764 0.039990 0.533642
vn 0.949501 0.039015 0.311330
vn 0.997292 0.012771 0.072429
vn 0.999698 0.004266 0.024194
vn 0.997292 0.012771 0.072429
vn 0.999698 0.004266 0.024194
vn 0.870020 0.012292 0.492863
vn 0.870020 0.036843 0.491638
vn 0.870021 0.012291 0.492862
vn 0.870021 0.036844 0.491637
vn 0.963749 0.033176 0.264740
vn 0.963749 0.033176 0.264740
vn 0.893168 0.011212 0.449584
vn 0.893169 0.011212 0.449581
vn 0.893168 0.033608 0.448466
vn 0.893169 0.033608 0.448464
vn 0.975689 0.027251 0.217459
vn 0.975689 0.027251 0.217458
vn 0.914167 0.010105 0.405213
vn 0.914167 0.030292 0.404205
vn 0.914166 0.030291 0.404207
vn 0.914167 0.010105 0.405213
vn 0.985265 0.021267 0.169708
vn 0.985265 0.021267 0.169707
vn 0.932972 0.008974 0.359837
vn 0.932971 0.026899 0.358945
vn 0.932973 0.026899 0.358941
vn 0.932973 0.008973 0.359836
vn 0.992475 0.015226 0.121497
vn 0.992475 0.015226 0.121497
vn 0.949500 0.007822 0.313670
vn 0.949499 0.023447 0.312891
vn 0.949499 0.007823 0.313671
vn 0.949501 0.023448 0.312888
vn 0.997292 0.009145 0.072975
vn 0.999698 0.003055 0.024377
vn 0.997292 0.009145 0.072975
vn 0.999698 0.003055 0.024377
vn 0.963749 0.019939 0.266064
vn 0.963749 0.006652 0.266727
vn 0.963749 0.006651 0.266727
vn 0.963749 0.019939 0.266064
vn 0.975689 0.005464 0.219091
vn 0.975689 0.005464 0.219091
vn 0.975689 0.016378 0.218546
vn 0.975689 0.016378 0.218547
vn 0.985265 0.004264 0.170982
vn 0.985265 0.012782 0.170557
vn 0.985265 0.012782 0.170557
vn 0.985265 0.004264 0.170982
vn 0.992475 0.003053 0.122409
vn 0.992475 0.009150 0.122105
vn 0.992475 0.009151 0.122105
vn 0.992475 0.003053 0.122409
vn 0.997292 0.005496 0.073340
vn 0.997292 0.001833 0.073523
vn 0.999698 0.000612 0.024560
vn 0.997292 0.005496 0.073340
vn 0.999698 0.001836 0.024499
vn 0.997292 0.001834 0.073523
vn 0.999698 0.001836 0.024498
vn -0.429875 0.020758 -0.902650
vn -0.019181 0.024995 -0.999503
vn -0.429928 0.013523 0.902762
vn -0.057563 0.036373 0.997679
vn -0.019186 0.012160 0.999742
vn -0.394818 0.026107 -0.918388
vn -0.359152 0.019790 -0.933069
vn -0.403603 0.063062 -0.912758
vn -0.403668 0.031034 -0.914379
vn -0.322800 0.021758 -0.946217
vn -0.285795 0.035382 -0.957637
vn -0.248107 0.062300 -0.966727
vn -0.350131 0.021533 -0.936453
vn -0.264380 0.045067 -0.963365
vn -0.210434 0.061139 -0.975694
vn -0.172647 0.036043 -0.984324
vn -0.134437 0.023534 -0.990643
vn -0.195206 0.045831 -0.979691
vn -0.096031 0.022066 -0.995134
vn -0.057578 0.028412 -0.997937
vn -0.047088 0.033540 -0.998327
vn -0.049602 0.072354 -0.996145
vn -0.105631 0.023617 -0.994125
vn -0.399108 0.146957 -0.905050
vn -0.396390 0.142329 -0.906983
vn -0.284146 0.170379 -0.943521
vn -0.393900 0.163337 -0.904524
vn -0.399109 0.188421 -0.897335
vn -0.396390 0.183887 -0.899478
vn -0.286927 0.191872 -0.938540
vn -0.396938 0.229720 -0.888633
vn -0.393900 0.204760 -0.896056
vn -0.279353 0.213902 -0.936060
vn -0.054400 0.154924 -0.986427
vn -0.054415 0.154946 -0.986423
vn -0.058833 0.174846 -0.982836
vn -0.054399 0.194753 -0.979343
vn -0.175976 0.172417 -0.969178
vn -0.171733 0.192164 -0.966220
vn -0.054413 0.194773 -0.979338
vn -0.054399 0.234262 -0.970650
vn -0.058833 0.214517 -0.974947
vn -0.175958 0.211537 -0.961401
vn -0.266060 0.230597 -0.935969
vn -0.398446 0.310170 -0.863154
vn -0.188590 0.230422 -0.954641
vn -0.193479 0.234699 -0.952619
vn -0.054414 0.234284 -0.970644
vn -0.397932 0.310998 -0.863094
vn -0.398446 0.349535 -0.847978
vn -0.281629 0.345946 -0.894990
vn -0.393658 0.331428 -0.857432
vn -0.397933 0.350358 -0.847879
vn -0.287196 0.365808 -0.885270
vn -0.398445 0.388159 -0.831008
vn -0.282414 0.386644 -0.877923
vn -0.393659 0.370508 -0.841283
vn -0.397934 0.388973 -0.830872
vn -0.053833 0.350243 -0.935111
vn -0.055650 0.347322 -0.936093
vn -0.058729 0.366144 -0.928703
vn -0.174776 0.361132 -0.915990
vn -0.053833 0.387831 -0.920157
vn -0.171831 0.379816 -0.908963
vn -0.055649 0.384953 -0.921257
vn -0.177352 0.397757 -0.900186
vn -0.058731 0.403466 -0.913108
vn -0.053833 0.424785 -0.903692
vn -0.055653 0.421949 -0.904910
vn -0.396389 0.463309 -0.792604
vn -0.267737 0.500381 -0.823368
vn -0.399271 0.498583 -0.769413
vn -0.394088 0.487441 -0.779164
vn -0.278353 0.509401 -0.814266
vn -0.286716 0.526637 -0.800280
vn -0.395877 0.504806 -0.767106
vn -0.394089 0.522753 -0.755926
vn -0.284718 0.545241 -0.788446
vn -0.399272 0.533433 -0.745675
vn -0.191762 0.509703 -0.838707
vn -0.395876 0.539546 -0.743083
vn -0.056697 0.525893 -0.848659
vn -0.053467 0.531230 -0.845539
vn -0.183857 0.517761 -0.835536
vn -0.058419 0.542918 -0.837751
vn -0.173776 0.535573 -0.826416
vn -0.053467 0.565041 -0.823328
vn -0.056698 0.559834 -0.826663
vn -0.172129 0.552366 -0.815636
vn -0.058419 0.576403 -0.815074
vn -0.178942 0.568070 -0.803291
vn -0.053466 0.597924 -0.799768
vn -0.056698 0.592855 -0.803311
vn -0.266480 0.650540 -0.711187
vn -0.274314 0.654923 -0.704150
vn -0.399420 0.630884 -0.665169
vn -0.395187 0.625611 -0.672635
vn -0.285490 0.668669 -0.686570
vn -0.394487 0.641123 -0.658287
vn -0.286273 0.684114 -0.670848
vn -0.399419 0.660799 -0.635460
vn -0.395188 0.655876 -0.643158
vn -0.394487 0.670710 -0.628115
vn -0.276686 0.701409 -0.656864
vn -0.058086 0.660521 -0.748558
vn -0.193051 0.662249 -0.723987
vn -0.181768 0.673309 -0.716669
vn -0.053306 0.690479 -0.721385
vn -0.057536 0.683582 -0.727603
vn -0.057899 0.698165 -0.713592
vn -0.172973 0.688796 -0.704017
vn -0.057536 0.712491 -0.699318
vn -0.172626 0.702959 -0.689963
vn -0.053307 0.719129 -0.692829
vn -0.268640 0.709110 -0.651916
vn -0.190831 0.722643 -0.664357
vn -0.180729 0.715730 -0.674587
vn -0.057900 0.726492 -0.684731
vn -0.057362 0.746431 -0.662986
vn -0.265597 0.776100 -0.571951
vn -0.269503 0.777310 -0.568469
vn -0.398890 0.742108 -0.538667
vn -0.396953 0.740858 -0.541810
vn -0.393765 0.754246 -0.525416
vn -0.283514 0.786868 -0.548141
vn -0.398890 0.766090 -0.503977
vn -0.287077 0.798380 -0.529316
vn -0.396953 0.764985 -0.507175
vn -0.397431 0.788996 -0.468544
vn -0.393765 0.777607 -0.490180
vn -0.280291 0.812041 -0.511886
vn -0.193946 0.789727 -0.581993
vn -0.056781 0.797667 -0.600420
vn -0.179874 0.802241 -0.569258
vn -0.053356 0.821485 -0.567728
vn -0.058167 0.814162 -0.577717
vn -0.172370 0.814716 -0.553648
vn -0.057173 0.825743 -0.561141
vn -0.173321 0.825623 -0.536942
vn -0.053356 0.843804 -0.533993
vn -0.058167 0.836891 -0.544271
vn -0.269902 0.821591 -0.502136
vn -0.189532 0.837792 -0.512037
vn -0.182713 0.834885 -0.519214
vn -0.057172 0.847791 -0.527240
vn -0.397681 0.828602 -0.394042
vn -0.265658 0.872683 -0.409696
vn -0.398747 0.845416 -0.355348
vn -0.393713 0.839983 -0.373389
vn -0.280784 0.877025 -0.389855
vn -0.397288 0.846925 -0.353384
vn -0.287134 0.884022 -0.368862
vn -0.398747 0.860859 -0.316104
vn -0.283139 0.893378 -0.348867
vn -0.393714 0.856262 -0.334373
vn -0.053612 0.902306 -0.427750
vn -0.193878 0.888033 -0.416903
vn -0.397286 0.862279 -0.314069
vn -0.192762 0.888643 -0.416120
vn -0.056236 0.904195 -0.423402
vn -0.053613 0.918889 -0.390857
vn -0.178177 0.899407 -0.399148
vn -0.058589 0.912463 -0.404942
vn -0.171967 0.908324 -0.381281
vn -0.056238 0.920601 -0.386434
vn -0.058590 0.928114 -0.367658
vn -0.053612 0.933966 -0.353319
vn -0.174216 0.915493 -0.362659
vn -0.056235 0.935496 -0.348834
vn -0.395787 0.887495 -0.236020
vn -0.394331 0.895159 -0.207832
vn -0.399382 0.895885 -0.194636
vn -0.395418 0.899244 -0.187096
vn -0.286447 0.938009 -0.195162
vn -0.394331 0.903767 -0.166457
vn -0.285233 0.942604 -0.173610
vn -0.399382 0.903887 -0.153241
vn -0.054077 0.969886 -0.237481
vn -0.395418 0.906895 -0.145555
vn -0.055092 0.970220 -0.235879
vn -0.176677 0.960924 -0.213098
vn -0.058803 0.974592 -0.216129
vn -0.054075 0.978708 -0.198007
vn -0.171761 0.965895 -0.193767
vn -0.055092 0.978977 -0.196391
vn -0.175308 0.969006 -0.174053
vn -0.058802 0.982545 -0.176485
vn -0.054074 0.985924 -0.158208
vn -0.055093 0.986128 -0.156578
vn -0.399338 0.916392 -0.027466
vn -0.395618 0.917753 -0.034868
vn -0.394215 0.918915 -0.013769
vn -0.285010 0.958417 -0.014361
vn -0.399339 0.916686 0.014697
vn -0.286575 0.958027 0.007678
vn -0.395617 0.918386 0.007360
vn -0.396065 0.916457 0.056914
vn -0.394216 0.918576 0.028495
vn -0.277778 0.960183 0.029785
vn -0.055023 0.997724 -0.038978
vn -0.054108 0.997830 -0.037517
vn -0.058809 0.998093 -0.018757
vn -0.175375 0.984328 -0.018498
vn -0.054109 0.998531 0.002922
vn -0.055021 0.998484 0.001461
vn -0.171754 0.985139 0.001442
vn -0.058809 0.998034 0.021679
vn -0.176597 0.984051 0.021375
vn -0.264077 0.963423 0.045609
vn -0.054109 0.997593 0.043359
vn -0.055022 0.997606 0.041896
vn -0.195509 0.979605 0.046375
vn -0.189832 0.980952 0.041197
vn -0.398617 0.906263 0.140683
vn -0.397570 0.906968 0.139095
vn -0.282821 0.944494 0.167161
vn -0.393681 0.905180 0.160203
vn -0.287169 0.939133 0.188581
vn -0.398618 0.898836 0.182202
vn -0.397569 0.899615 0.180646
vn -0.393681 0.896856 0.201653
vn -0.281170 0.936283 0.210518
vn -0.398618 0.889508 0.223336
vn -0.397568 0.890358 0.221814
vn -0.053632 0.985004 0.163981
vn -0.056178 0.985606 0.159453
vn -0.174273 0.968673 0.176921
vn -0.058606 0.982036 0.179362
vn -0.171949 0.965291 0.196588
vn -0.056176 0.978338 0.199245
vn -0.053634 0.977555 0.203738
vn -0.178085 0.960048 0.215854
vn -0.058607 0.973967 0.218983
vn -0.056177 0.969467 0.238702
vn -0.053633 0.968501 0.243164
vn -0.397216 0.865807 0.304300
vn -0.269503 0.904029 0.331813
vn -0.393819 0.858528 0.328384
vn -0.398994 0.850185 0.343496
vn -0.279878 0.896680 0.342977
vn -0.396693 0.849604 0.347573
vn -0.287017 0.886602 0.362709
vn -0.393819 0.842523 0.367509
vn -0.283806 0.878905 0.383379
vn -0.398995 0.833493 0.382222
vn -0.189943 0.921673 0.338290
vn -0.396694 0.832726 0.386267
vn -0.270153 0.873427 0.405146
vn -0.182834 0.920176 0.346190
vn -0.057125 0.934424 0.351551
vn -0.053365 0.931893 0.358787
vn -0.173368 0.914567 0.365392
vn -0.058196 0.927055 0.370381
vn -0.172342 0.907144 0.383912
vn -0.057124 0.919420 0.389107
vn -0.053365 0.916597 0.396234
vn -0.179772 0.897969 0.401663
vn -0.058196 0.911294 0.407623
vn -0.056712 0.899631 0.432952
vn -0.265989 0.872866 0.409092
vn -0.193546 0.888363 0.416355
vn -0.268254 0.822997 0.500715
vn -0.399439 0.772836 0.493126
vn -0.394627 0.780687 0.484559
vn -0.276174 0.816598 0.506848
vn -0.286118 0.802289 0.523898
vn -0.395012 0.769201 0.502291
vn -0.394626 0.757584 0.519939
vn -0.399439 0.749345 0.528138
vn -0.285686 0.790136 0.542280
vn -0.395013 0.745293 0.537125
vn -0.274867 0.780021 0.562153
vn -0.191229 0.838543 0.510174
vn -0.057437 0.861605 0.504320
vn -0.180840 0.833657 0.521836
vn -0.053303 0.840665 0.538926
vn -0.057863 0.846212 0.529695
vn -0.172661 0.824143 0.539422
vn -0.057578 0.835321 0.546738
vn -0.053304 0.818149 0.572531
vn -0.057863 0.824065 0.563533
vn -0.172933 0.813011 0.555974
vn -0.266885 0.776966 0.570172
vn -0.058006 0.794082 0.605036
vn -0.192635 0.791109 0.580550
vn -0.181654 0.800303 0.571416
vn -0.057578 0.812493 0.580120
vn -0.399205 0.669656 0.626256
vn -0.396100 0.674561 0.622954
vn -0.393998 0.660707 0.638931
vn -0.284470 0.689154 0.666441
vn -0.399205 0.640154 0.656382
vn -0.286818 0.673157 0.681612
vn -0.396100 0.645206 0.653310
vn -0.053451 0.742698 0.667490
vn -0.393998 0.630632 0.668632
vn -0.396643 0.610037 0.685951
vn -0.278810 0.658925 0.698630
vn -0.056751 0.738296 0.672085
vn -0.179039 0.713976 0.676892
vn -0.058394 0.724464 0.686835
vn -0.053452 0.715055 0.697022
vn -0.172152 0.700993 0.692078
vn -0.056752 0.710470 0.701435
vn -0.173723 0.686641 0.705935
vn -0.058395 0.696053 0.715611
vn -0.053452 0.686239 0.725410
vn -0.268155 0.651660 0.709529
vn -0.183731 0.670961 0.718369
vn -0.191331 0.663938 0.722897
vn -0.056751 0.681481 0.729632
vn -0.398238 0.544102 0.738484
vn -0.398292 0.544023 0.738514
vn -0.282067 0.551172 0.785269
vn -0.393652 0.528115 0.752418
vn -0.398240 0.509570 0.762721
vn -0.398292 0.509491 0.762747
vn -0.287201 0.532118 0.796471
vn -0.281989 0.514493 0.809802
vn -0.393652 0.492958 0.775906
vn -0.053807 0.593220 0.803240
vn -0.398239 0.473963 0.785344
vn -0.398292 0.473882 0.785366
vn -0.055717 0.590534 0.805087
vn -0.177437 0.565873 0.805173
vn -0.058718 0.574005 0.816744
vn -0.053808 0.560199 0.826608
vn -0.171843 0.550003 0.817292
vn -0.055716 0.557441 0.828345
vn -0.058717 0.540457 0.839320
vn -0.053806 0.526261 0.848619
vn -0.174712 0.533064 0.827839
vn -0.055717 0.523432 0.850244
vn -0.265595 0.409261 0.872906
vn -0.396699 0.400029 0.826200
vn -0.399190 0.361189 0.842728
vn -0.278910 0.393171 0.876143
vn -0.393978 0.376304 0.838556
vn -0.286840 0.372008 0.882798
vn -0.396153 0.356555 0.846128
vn -0.284412 0.351873 0.891793
vn -0.399190 0.322053 0.858446
vn -0.393978 0.337345 0.854973
vn -0.193955 0.416447 0.888231
vn -0.054370 0.419474 0.906138
vn -0.396152 0.317267 0.861629
vn -0.188738 0.412407 0.891234
vn -0.054471 0.419331 0.906198
vn -0.176030 0.395210 0.901567
vn -0.054370 0.382425 0.922386
vn -0.058833 0.400784 0.914282
vn -0.171732 0.377162 0.910086
vn -0.054470 0.382281 0.922439
vn -0.054368 0.344751 0.937118
vn -0.175901 0.358377 0.916856
vn -0.058831 0.363422 0.929765
vn -0.054474 0.344598 0.937169
vn -0.263915 0.232629 0.936073
vn -0.394974 0.210890 0.894159
vn -0.399442 0.200873 0.894481
vn -0.274991 0.220704 0.935772
vn -0.285731 0.198478 0.937531
vn -0.394658 0.190301 0.898905
vn -0.394973 0.169554 0.902911
vn -0.286082 0.176846 0.941744
vn -0.399443 0.159529 0.902771
vn -0.395060 0.118093 0.911033
vn -0.394659 0.148764 0.906705
vn -0.195680 0.236517 0.951719
vn -0.186248 0.227726 0.955747
vn -0.055598 0.231423 0.971263
vn -0.053854 0.228581 0.972034
vn -0.058739 0.211663 0.975576
vn -0.174824 0.208764 0.962213
vn -0.171822 0.189334 0.966762
vn -0.055600 0.191895 0.979839
vn -0.053853 0.189022 0.980495
vn -0.177288 0.169537 0.969446
vn -0.058740 0.171969 0.983350
vn -0.405349 0.041067 0.913239
vn -0.055601 0.152047 0.986808
vn -0.053855 0.149150 0.987347
vn -0.350190 0.038817 0.935874
vn -0.403692 0.029056 0.914434
vn -0.403670 0.037915 0.914119
vn -0.394862 0.021414 0.918491
vn -0.359199 0.011419 0.933191
vn -0.322799 0.021866 0.946215
vn -0.172650 0.035433 0.984346
vn -0.134441 0.022084 0.990675
vn -0.051244 0.028368 0.998283
vn -0.105633 0.022161 0.994158
vn -0.050418 0.068762 0.996358
vn -0.047005 0.036439 0.998230
vn -0.096034 0.020506 0.995167
vn -0.395051 0.105388 -0.912594
vn -0.285504 0.066419 -0.956073
vn -0.394610 0.071790 -0.916040
vn -0.286218 0.113224 -0.951451
vn -0.350128 0.064917 -0.934449
vn -0.392270 0.108697 -0.913405
vn -0.058054 0.114820 -0.991688
vn -0.062228 0.119445 -0.990889
vn -0.105632 0.070422 -0.991909
vn -0.057464 0.078687 -0.995242
vn -0.172395 0.069758 -0.982555
vn -0.172957 0.152837 -0.972999
vn -0.172348 0.117886 -0.977957
vn -0.286076 0.148549 -0.946622
vn -0.279569 0.163030 -0.946183
vn -0.173147 0.117126 -0.977907
vn -0.285471 0.113973 -0.951586
vn -0.179382 0.167046 -0.969494
vn -0.396700 0.270372 -0.877228
vn -0.283186 0.245414 -0.927134
vn -0.392862 0.235314 -0.888981
vn -0.288346 0.290151 -0.912507
vn -0.390306 0.278988 -0.877398
vn -0.055673 0.273370 -0.960297
vn -0.060386 0.311957 -0.948175
vn -0.170535 0.262422 -0.949764
vn -0.061544 0.265818 -0.962057
vn -0.061197 0.312719 -0.947872
vn -0.279822 0.343796 -0.896384
vn -0.286840 0.324749 -0.901255
vn -0.175415 0.303391 -0.936581
vn -0.170088 0.308741 -0.935815
vn -0.180017 0.352251 -0.918429
vn -0.283356 0.295539 -0.912341
vn -0.174224 0.342541 -0.923207
vn -0.278822 0.391860 -0.876758
vn -0.285078 0.438777 -0.852177
vn -0.173117 0.416223 -0.892630
vn -0.180280 0.401356 -0.898005
vn -0.286216 0.406251 -0.867779
vn -0.395320 0.426587 -0.813478
vn -0.390550 0.422603 -0.817849
vn -0.286590 0.439805 -0.851139
vn -0.394228 0.461439 -0.794770
vn -0.285239 0.481243 -0.828881
vn -0.172140 0.492136 -0.853329
vn -0.059374 0.498712 -0.864732
vn -0.058371 0.460923 -0.885518
vn -0.057107 0.496448 -0.866186
vn -0.171933 0.449686 -0.876482
vn -0.063687 0.455557 -0.887925
vn -0.173546 0.450826 -0.875579
vn -0.174417 0.611108 -0.772092
vn -0.278884 0.554773 -0.783870
vn -0.172229 0.584937 -0.792582
vn -0.179222 0.568339 -0.803038
vn -0.285093 0.563163 -0.775609
vn -0.284279 0.595015 -0.751759
vn -0.393341 0.568738 -0.722371
vn -0.395964 0.600613 -0.694606
vn -0.392796 0.568431 -0.722909
vn -0.394097 0.602853 -0.693726
vn -0.287408 0.592032 -0.752924
vn -0.287154 0.628313 -0.723025
vn -0.059140 0.659594 -0.749292
vn -0.171075 0.613939 -0.770592
vn -0.174333 0.650632 -0.739112
vn -0.056433 0.629721 -0.774769
vn -0.064274 0.621836 -0.780505
vn -0.286757 0.720150 -0.631786
vn -0.395636 0.690550 -0.605486
vn -0.395426 0.690453 -0.605733
vn -0.288784 0.752810 -0.591507
vn -0.397409 0.717060 -0.572618
vn -0.392093 0.723348 -0.568358
vn -0.285648 0.736613 -0.613030
vn -0.284977 0.738468 -0.611108
vn -0.394672 0.706242 -0.587755
vn -0.173808 0.737301 -0.652824
vn -0.058695 0.747405 -0.661770
vn -0.053962 0.772816 -0.632331
vn -0.172614 0.754212 -0.633536
vn -0.057422 0.764443 -0.642129
vn -0.173806 0.758688 -0.627841
vn -0.177115 0.783320 -0.595852
vn -0.060948 0.794424 -0.604298
vn -0.055348 0.774202 -0.630514
vn -0.171788 0.763863 -0.622095
vn -0.284889 0.826694 -0.485197
vn -0.393978 0.792679 -0.465233
vn -0.286135 0.838683 -0.463398
vn -0.398707 0.809216 -0.431512
vn -0.395113 0.804060 -0.444268
vn -0.284689 0.842794 -0.456782
vn -0.397378 0.810741 -0.429872
vn -0.287147 0.846285 -0.448719
vn -0.280901 0.862974 -0.419964
vn -0.391771 0.827301 -0.402604
vn -0.056747 0.864577 -0.499286
vn -0.171841 0.851946 -0.494629
vn -0.058653 0.863322 -0.501234
vn -0.054630 0.884193 -0.463917
vn -0.173137 0.864303 -0.472233
vn -0.057959 0.876081 -0.478668
vn -0.174107 0.865746 -0.469222
vn -0.062746 0.889274 -0.453050
vn -0.169253 0.878175 -0.447395
vn -0.179337 0.918103 -0.353446
vn -0.283856 0.911061 -0.298986
vn -0.173941 0.922695 -0.344061
vn -0.280145 0.895865 -0.344885
vn -0.286723 0.900162 -0.327868
vn -0.287857 0.911260 -0.294524
vn -0.393034 0.887781 -0.239518
vn -0.396408 0.875450 -0.276493
vn -0.391492 0.875585 -0.282993
vn -0.174892 0.935500 -0.307006
vn -0.170619 0.934822 -0.311444
vn -0.062286 0.961229 -0.268626
vn -0.059894 0.947169 -0.315094
vn -0.055976 0.959371 -0.276538
vn -0.060321 0.947005 -0.315503
vn -0.170744 0.948956 -0.265197
vn -0.280463 0.936681 -0.209687
vn -0.287752 0.924644 -0.249463
vn -0.177998 0.960264 -0.214966
vn -0.172061 0.957204 -0.232714
vn -0.284704 0.933778 -0.216799
vn -0.283975 0.924600 -0.253916
vn -0.174776 0.949456 -0.260742
vn -0.172761 0.972778 -0.154458
vn -0.178754 0.969390 -0.168314
vn -0.280101 0.945820 -0.164221
vn -0.172827 0.977502 -0.120912
vn -0.285877 0.946158 -0.151856
vn -0.393642 0.912294 -0.112986
vn -0.285779 0.951047 -0.117640
vn -0.285922 0.950988 -0.117778
vn -0.394682 0.911994 -0.111768
vn -0.394806 0.916115 -0.069717
vn -0.393333 0.916871 -0.068100
vn -0.285921 0.955621 -0.070978
vn -0.061512 0.995387 -0.073628
vn -0.061405 0.990582 -0.122379
vn -0.172675 0.977547 -0.120769
vn -0.057652 0.991323 -0.118128
vn -0.057783 0.995287 -0.077882
vn -0.172827 0.982258 -0.072807
vn -0.172673 0.982296 -0.072660
vn -0.285777 0.955675 -0.070836
vn -0.285944 0.957555 -0.036380
vn -0.280003 0.959707 -0.023674
vn -0.172823 0.984202 -0.038450
vn -0.178879 0.983572 -0.024263
vn -0.396506 0.912682 0.098967
vn -0.392954 0.917546 0.060795
vn -0.391231 0.914188 0.105825
vn -0.283410 0.956901 0.063403
vn -0.287998 0.951279 0.110119
vn -0.179464 0.969432 0.167312
vn -0.174031 0.972101 0.157268
vn -0.280098 0.945986 0.163266
vn -0.283711 0.952009 0.114833
vn -0.286762 0.946931 0.145224
vn -0.175045 0.977475 0.117905
vn -0.055873 0.994922 0.083718
vn -0.060054 0.990474 0.123911
vn -0.062178 0.995203 0.075534
vn -0.170649 0.982506 0.074571
vn -0.060427 0.990405 0.124287
vn -0.170465 0.977695 0.122692
vn -0.284726 0.920682 0.266974
vn -0.286332 0.929713 0.231619
vn -0.173265 0.956314 0.235464
vn -0.278466 0.936244 0.214252
vn -0.180829 0.958731 0.219398
vn -0.286931 0.919500 0.268684
vn -0.394063 0.868481 0.300757
vn -0.389552 0.884036 0.258321
vn -0.395550 0.879571 0.264376
vn -0.285011 0.905751 0.313663
vn -0.173913 0.945800 0.274258
vn -0.064450 0.959009 0.275950
vn -0.171940 0.932189 0.318529
vn -0.058734 0.944648 0.322786
vn -0.171559 0.946759 0.272426
vn -0.058659 0.957588 0.282105
vn -0.056866 0.945476 0.320690
vn -0.392338 0.820659 0.415439
vn -0.288660 0.854215 0.432426
vn -0.397326 0.815682 0.420470
vn -0.284991 0.843932 0.454488
vn -0.395745 0.796078 0.457870
vn -0.395124 0.795938 0.458650
vn -0.394657 0.807893 0.437669
vn -0.286877 0.830023 0.478291
vn -0.285605 0.842641 0.456494
vn -0.060809 0.897240 0.437336
vn -0.176888 0.884729 0.431237
vn -0.173789 0.867046 0.466936
vn -0.053912 0.881495 0.469105
vn -0.055463 0.882631 0.466784
vn -0.171803 0.870848 0.460552
vn -0.173964 0.850675 0.496074
vn -0.172596 0.863630 0.473659
vn -0.057372 0.875345 0.480084
vn -0.058828 0.862351 0.502883
vn -0.395857 0.725497 0.562984
vn -0.393482 0.699622 0.596407
vn -0.394390 0.727080 0.561970
vn -0.392472 0.699255 0.597502
vn -0.287029 0.757921 0.585808
vn -0.056544 0.768991 0.636754
vn -0.174163 0.782596 0.597672
vn -0.059000 0.793357 0.605891
vn -0.171209 0.752723 0.635686
vn -0.064398 0.762418 0.643873
vn -0.179367 0.714225 0.676542
vn -0.172274 0.728432 0.663105
vn -0.287280 0.728207 0.622241
vn -0.284403 0.730660 0.620686
vn -0.174282 0.750468 0.637513
vn -0.285179 0.704143 0.650273
vn -0.278767 0.697220 0.660434
vn -0.394132 0.608356 0.688885
vn -0.285112 0.634463 0.718448
vn -0.286748 0.598142 0.748332
vn -0.390270 0.574850 0.719192
vn -0.395435 0.578181 0.713679
vn -0.172026 0.649481 0.740663
vn -0.059287 0.658150 0.750549
vn -0.063809 0.620356 0.781720
vn -0.056986 0.656168 0.752460
vn -0.058512 0.625099 0.778349
vn -0.278758 0.555585 0.783339
vn -0.171761 0.612385 0.771675
vn -0.173717 0.613521 0.770334
vn -0.284917 0.597171 0.749806
vn -0.286274 0.568342 0.771385
vn -0.180425 0.569022 0.802285
vn -0.173189 0.582515 0.794155
vn -0.283506 0.468447 0.836769
vn -0.179886 0.524887 0.831946
vn -0.279856 0.512270 0.811948
vn -0.286803 0.494997 0.820196
vn -0.174127 0.516238 0.838557
vn -0.288198 0.463494 0.837923
vn -0.390557 0.445588 0.805553
vn -0.396603 0.437616 0.806969
vn -0.283325 0.422458 0.860963
vn -0.392930 0.405077 0.825541
vn -0.170618 0.443053 0.880110
vn -0.175258 0.480929 0.859065
vn -0.061087 0.492017 0.868440
vn -0.060220 0.491277 0.868919
vn -0.055771 0.455797 0.888335
vn -0.061643 0.448791 0.891508
vn -0.170246 0.485741 0.857363
vn -0.285621 0.298092 0.910803
vn -0.279654 0.344718 0.896082
vn -0.286012 0.331102 0.899204
vn -0.179251 0.353228 0.918204
vn -0.172890 0.339913 0.924429
vn -0.285642 0.252610 0.924444
vn -0.394422 0.242223 0.886431
vn -0.286069 0.297635 0.910812
vn -0.394931 0.282805 0.874100
vn -0.394555 0.242351 0.886336
vn -0.392567 0.285680 0.874230
vn -0.172508 0.306816 0.936005
vn -0.060815 0.263985 0.962608
vn -0.172988 0.306360 0.936065
vn -0.057918 0.306445 0.950125
vn -0.057519 0.267711 0.961781
vn -0.172534 0.260508 0.949930
vn -0.062118 0.310884 0.948416
vn -0.350118 0.072368 0.933906
vn -0.393071 0.115935 0.912170
vn -0.396304 0.076034 0.914966
vn -0.399091 0.079401 0.913467
vn -0.287674 0.073992 0.954866
vn -0.284023 0.116908 0.951663
vn -0.284799 0.155201 0.945940
vn -0.178314 0.168059 0.969516
vn -0.280011 0.163963 0.945891
vn -0.172097 0.150011 0.973591
vn -0.174718 0.120054 0.977272
vn -0.287697 0.120753 0.950078
vn -0.288451 0.017256 0.957339
vn -0.297041 0.043357 0.953880
vn -0.173657 0.036144 0.984143
vn -0.285791 0.035829 0.957622
vn -0.248521 0.023614 0.968339
vn -0.210769 0.023831 0.977245
vn -0.284050 0.070071 0.956246
vn -0.105628 0.068521 0.992042
vn -0.170824 0.067894 0.982960
vn -0.059063 0.076189 0.995343
vn -0.170794 0.116041 0.978450
vn -0.062834 0.117539 0.991078
vn -0.056080 0.109023 0.992456
vn -0.174691 0.071958 0.981990
vn 1.000000 0.000000 -0.000000
vn 1.000000 0.000000 0.000000
vn 1.000000 0.000000 -0.000000
vn 1.000000 0.000000 0.000000
vn 1.000000 0.000000 -0.000000
vn 1.000000 0.000000 -0.000000
vn 1.000000 0.000000 0.000000
vn 1.000000 0.000000 -0.000000
vn 1.000000 0.000000 -0.000000
vn 1.000000 0.000000 -0.000000
vn 1.000000 0.000000 0.000000
vn 1.000000 0.000000 -0.000000
vn 1.000000 0.000000 -0.000000
vn 1.000000 0.000000 -0.000000
vn 1.000000 0.000000 0.000000
vn 1.000000 0.000000 -0.000000
vn 1.000000 0.000000 -0.000000
vn 1.000000 0.000000 0.000000
vn 1.000000 0.000000 -0.000000
vn 1.000000 0.000000 -0.000000
vn 1.000000 0.000000 -0.000000
vn 1.000000 0.000000 0.000000
vn 1.000000 0.000000 -0.000000
vn 1.000000 0.000000 -0.000000
vn 1.000000 0.000000 -0.000000
vn 1.000000 0.000000 0.000000
vn 1.000000 0.000000 -0.000000
vn 1.000000 0.000000 -0.000000
vn 1.000000 0.000000 -0.000000
vn 1.000000 0.000000 -0.000000
vn 1.000000 0.000000 0.000000
vn 1.000000 0.000000 -0.000000
vn 1.000000 0.000000 -0.000000
vn 1.000000 0.000000 -0.000000
vn 1.000000 0.000000 0.000000
vn 1.000000 0.000000 0.000000
vn 1.000000 0.000000 0.000000
vn 1.000000 0.000000 0.000000
vn 1.000000 0.000000 0.000000
vn 1.000000 0.000000 0.000000
vn 1.000000 0.000000 0.000000
vn 1.000000 0.000000 0.000000
vn 1.000000 0.000000 0.000000
vn 1.000000 0.000000 0.000000
vn 1.000000 0.000000 0.000000
vn 1.000000 0.000000 0.000000
vn 1.000000 0.000000 0.000000
vn 1.000000 0.000000 0.000000
vn 1.000000 0.000000 0.000000
vn 1.000000 0.000000 0.000000
vn 1.000000 0.000000 0.000000
vn 1.000000 0.000000 0.000000
vn 1.000000 0.000000 0.000000
vn 1.000000 0.000000 0.000000
vn 1.000000 0.000000 0.000000
vn 1.000000 0.000000 0.000000
vn 1.000000 0.000000 0.000000
vn 1.000000 0.000000 0.000000
vn 1.000000 0.000000 0.000000
vn 1.000000 0.000000 0.000000
vn 1.000000 0.000000 0.000000
vn 1.000000 0.000000 0.000000
vn 1.000000 0.000000 0.000000
vn 1.000000 0.000000 0.000000
vn 1.000000 0.000000 0.000000
vn 1.000000 0.000000 -0.000000
vn 1.000000 0.000000 0.000000
vn 1.000000 0.000000 -0.000000
vn 1.000000 0.000000 -0.000000
vn 1.000000 0.000000 -0.000000
vn 1.000000 0.000000 -0.000000
vn 1.000000 0.000000 0.000000
vn 1.000000 0.000000 0.000000
vn 1.000000 0.000000 0.000000
vn 1.000000 0.000000 -0.000000
vn 1.000000 0.000000 0.000000
vn 1.000000 0.000000 0.000000
vn 1.000000 0.000000 0.000000
vn 1.000000 0.000000 0.000000
vn 1.000000 0.000000 -0.000000
vn 1.000000 0.000000 0.000000
vn 1.000000 0.000000 0.000000
vn 1.000000 0.000000 0.000000
vn 1.000000 0.000000 0.000000
vn 1.000000 0.000000 -0.000000
vn 1.000000 0.000000 0.000000
vn 1.000000 0.000000 0.000000
vn 1.000000 0.000000 0.000000
vn 1.000000 0.000000 0.000000
vn 1.000000 0.000000 -0.000000
vn 1.000000 0.000000 0.000000
vn 1.000000 0.000000 0.000000
vn 1.000000 0.000000 0.000000
vn 1.000000 0.000000 0.000000
vn 1.000000 0.000000 -0.000000
vn 1.000000 0.000000 0.000000
vn 1.000000 0.000000 0.000000
vn 1.000000 0.000000 0.000000
vn 1.000000 0.000000 0.000000
vn 1.000000 0.000000 -0.000000
vn 1.000000 0.000000 0.000000
vn 1.000000 0.000000 0.000000
vn 1.000000 0.000000 0.000000
vn 1.000000 0.000000 0.000000
vn 1.000000 0.000000 -0.000000
vn 1.000000 0.000000 0.000000
vn 1.000000 0.000000 0.000000
vn 1.000000 0.000000 0.000000
vn 1.000000 0.000000 0.000000
vn 1.000000 0.000000 -0.000000
vn 1.000000 0.000000 0.000000
vn 1.000000 0.000000 0.000000
vn 1.000000 0.000000 0.000000
vn 1.000000 0.000000 -0.000000
vn 1.000000 0.000000 0.000000
vn 1.000000 0.000000 0.000000
vn 1.000000 0.000000 0.000000
vn 1.000000 0.000000 0.000000
vn 1.000000 0.000000 -0.000000
vn 1.000000 0.000000 0.000000
vn 1.000000 0.000000 0.000000
vn 1.000000 0.000000 0.000000
vn 1.000000 0.000000 -0.000000
vn 1.000000 0.000000 0.000000
vn 1.000000 0.000000 0.000000
vn 1.000000 0.000000 0.000000
vn 1.000000 0.000000 -0.000000
vn 1.000000 0.000000 0.000000
vn 1.000000 0.000000 -0.000000
vn 1.000000 0.000000 0.000000
vn -0.446782 0.131271 -0.884960
vn -0.446782 0.217380 -0.867831
vn -0.446782 0.301396 -0.842346
vn -0.446782 0.382509 -0.808747
vn 0.000000 0.000000 0.000000
vn -0.446782 0.459938 -0.767361
vn -0.446782 0.131271 -0.884960
vn -0.446782 0.131271 -0.884960
vn -0.446782 0.532938 -0.718584
vn -0.446782 0.217381 -0.867831
vn -0.446782 0.217380 -0.867831
vn -0.446782 0.600805 -0.662887
vn -0.446782 0.301396 -0.842346
vn -0.446782 0.301396 -0.842346
vn -0.446782 0.662887 -0.600805
vn -0.446782 0.382509 -0.808747
vn -0.446782 0.459939 -0.767361
vn -0.446782 0.382509 -0.808747
vn -0.446782 0.718584 -0.532938
vn 0.000000 0.000000 0.000000
vn -0.446782 0.532938 -0.718584
vn -0.446782 0.459938 -0.767361
vn -0.446782 0.767361 -0.459938
vn -0.446782 0.131271 -0.884960
vn -0.446782 0.131271 -0.884960
vn -0.446782 0.532938 -0.718584
vn -0.446782 0.808747 -0.382509
vn -0.446782 0.217381 -0.867831
vn -0.446782 0.217380 -0.867831
vn -0.446782 0.600806 -0.662886
vn -0.446782 0.600805 -0.662887
vn -0.446782 0.842346 -0.301396
vn -0.446782 0.382509 -0.808747
vn -0.446782 0.301396 -0.842346
vn -0.446782 0.301396 -0.842345
vn -0.446782 0.662886 -0.600805
vn -0.446782 0.662887 -0.600805
vn -0.446782 0.867831 -0.217380
vn -0.446782 0.459938 -0.767361
vn -0.446782 0.382509 -0.808748
vn -0.446782 0.718584 -0.532938
vn -0.446782 0.718584 -0.532938
vn -0.004786 0.995398 0.095711
vn -0.446782 0.884960 -0.131271
vn -0.446782 0.459938 -0.767361
vn -0.446782 0.767361 -0.459939
vn -0.446782 0.767361 -0.459938
vn -0.446783 0.131271 -0.884959
vn -0.446783 0.131271 -0.884959
vn -0.446782 0.893565 -0.043898
vn -0.446782 0.532938 -0.718584
vn -0.446782 0.532938 -0.718584
vn -0.446782 0.808747 -0.382509
vn -0.446782 0.808747 -0.382509
vn -0.446783 0.217381 -0.867831
vn -0.446783 0.217380 -0.867831
vn -0.446782 0.893565 0.043898
vn -0.446782 0.662886 -0.600806
vn -0.446782 0.600806 -0.662886
vn -0.446782 0.600806 -0.662886
vn -0.446782 0.842346 -0.301396
vn -0.446782 0.842346 -0.301396
vn -0.446783 0.301396 -0.842345
vn -0.446783 0.301396 -0.842345
vn -0.446782 0.884960 0.131271
vn -0.446782 0.662886 -0.600806
vn -0.446782 0.867831 -0.217380
vn -0.446782 0.867831 -0.217381
vn -0.446783 0.382509 -0.808747
vn -0.446783 0.382509 -0.808747
vn -0.446782 0.867831 0.217380
vn -0.446782 0.718584 -0.532938
vn -0.446782 0.718584 -0.532938
vn -0.446782 0.043900 -0.893565
vn 0.020811 -0.998917 -0.041622
vn -0.446782 0.884960 -0.131271
vn -0.446782 0.884960 -0.131271
vn -0.446783 0.459938 -0.767361
vn -0.446783 0.459938 -0.767360
vn -0.446782 0.842346 0.301396
vn -0.446782 0.767361 -0.459938
vn -0.446782 0.808747 -0.382509
vn -0.446782 0.767361 -0.459938
vn -0.446782 0.131271 -0.884960
vn -0.446782 0.131271 -0.884960
vn -0.446782 0.893565 -0.043898
vn -0.446782 0.893565 -0.043898
vn -0.446783 0.532938 -0.718584
vn -0.446783 0.532938 -0.718584
vn -0.446782 0.808747 0.382509
vn -0.446782 0.808748 -0.382509
vn -0.446782 0.217380 -0.867831
vn -0.446782 0.217381 -0.867831
vn -0.446782 0.893565 0.043898
vn -0.446782 0.893565 0.043898
vn -0.446783 0.600806 -0.662886
vn -0.446783 0.600805 -0.662886
vn -0.446782 0.767361 0.459938
vn -0.446782 0.842345 -0.301396
vn -0.446782 0.842345 -0.301396
vn -0.446782 0.301396 -0.842346
vn -0.446782 0.301396 -0.842346
vn -0.446782 0.884960 0.131271
vn -0.446782 0.884960 0.131271
vn -0.446782 0.867831 0.217381
vn -0.446783 0.662886 -0.600805
vn -0.446783 0.662886 -0.600806
vn -0.446782 0.718584 0.532938
vn -0.446782 0.867831 -0.217381
vn -0.446782 0.867831 -0.217380
vn -0.446782 0.382509 -0.808747
vn -0.446782 0.382509 -0.808747
vn -0.446782 0.867831 0.217380
vn -0.446783 0.718584 -0.532938
vn -0.446783 0.718584 -0.532938
vn -0.446783 0.043897 -0.893565
vn -0.446782 0.662887 0.600805
vn -0.446782 0.884960 -0.131271
vn -0.446782 0.893565 -0.043898
vn -0.446782 0.884960 -0.131271
vn -0.446782 0.459938 -0.767361
vn -0.446782 0.459938 -0.767361
vn -0.446782 0.842346 0.301396
vn -0.446782 0.842346 0.301396
vn -0.446783 0.767360 -0.459938
vn -0.446783 0.767361 -0.459938
vn -0.446783 0.131271 -0.884959
vn -0.446783 0.131271 -0.884959
vn -0.446782 0.600805 0.662887
vn -0.446782 0.893565 -0.043898
vn -0.446782 0.532938 -0.718584
vn -0.446782 0.532938 -0.718584
vn -0.446782 0.808747 0.382509
vn -0.446782 0.767361 0.459939
vn -0.446782 0.808747 0.382509
vn -0.446783 0.808747 -0.382509
vn -0.446783 0.808747 -0.382509
vn -0.446783 0.842345 -0.301396
vn -0.446783 0.217381 -0.867831
vn -0.446783 0.217381 -0.867831
vn -0.446782 0.532938 0.718584
vn -0.446782 0.893565 0.043898
vn -0.446782 0.893565 0.043898
vn -0.446782 0.662886 -0.600805
vn -0.446782 0.600805 -0.662887
vn -0.446782 0.600805 -0.662886
vn -0.446782 0.767361 0.459938
vn -0.446783 0.842345 -0.301396
vn -0.446783 0.301396 -0.842345
vn -0.446783 0.301396 -0.842345
vn -0.446782 0.459938 0.767361
vn -0.446782 0.884960 0.131271
vn -0.446782 0.884960 0.131271
vn -0.446782 0.662887 -0.600805
vn -0.446782 0.718584 0.532938
vn -0.446782 0.718584 0.532938
vn -0.446783 0.867831 -0.217381
vn -0.446783 0.867831 -0.217380
vn -0.446783 0.382509 -0.808747
vn -0.446783 0.382509 -0.808747
vn -0.446782 0.382509 0.808747
vn -0.446782 0.867831 0.217380
vn -0.446782 0.842345 0.301396
vn -0.446782 0.867831 0.217381
vn -0.446782 0.718584 -0.532938
vn -0.446782 0.767361 -0.459938
vn -0.446782 0.718584 -0.532938
vn -0.446782 0.043901 -0.893565
vn -0.446782 0.662886 0.600806
vn -0.446782 0.662887 0.600805
vn -0.446783 0.884959 -0.131271
vn -0.446783 0.884959 -0.131271
vn -0.446783 0.893565 -0.043899
vn -0.446783 0.459938 -0.767361
vn -0.446783 0.459938 -0.767360
vn -0.446782 0.301396 0.842346
vn -0.446782 0.842345 0.301396
vn -0.446782 0.767361 -0.459938
vn -0.446782 0.131271 -0.884960
vn -0.446782 0.217381 -0.867831
vn -0.446782 0.131271 -0.884960
vn -0.446782 0.600805 0.662887
vn -0.446782 0.600805 0.662886
vn -0.446783 0.893565 -0.043898
vn -0.446783 0.532938 -0.718584
vn -0.446783 0.532938 -0.718583
vn -0.446782 0.217380 0.867831
vn -0.446782 0.767361 0.459938
vn -0.446782 0.808747 0.382509
vn -0.446782 0.808748 0.382509
vn -0.446782 0.808747 -0.382509
vn -0.446782 0.808747 -0.382509
vn -0.446782 0.217380 -0.867831
vn -0.446782 0.532938 0.718584
vn -0.446782 0.532938 0.718584
vn -0.446783 0.893565 0.043898
vn -0.446783 0.893565 0.043899
vn -0.446783 0.600805 -0.662886
vn -0.446783 0.662886 -0.600805
vn -0.446783 0.600806 -0.662886
vn -0.446782 0.131271 0.884960
vn -0.446782 0.767361 0.459938
vn -0.446782 0.842346 -0.301396
vn -0.446782 0.842346 -0.301396
vn -0.446782 0.867831 -0.217380
vn -0.446782 0.382509 -0.808747
vn -0.446782 0.301396 -0.842345
vn -0.446782 0.301396 -0.842346
vn -0.446782 0.459939 0.767361
vn -0.446782 0.459938 0.767361
vn -0.446783 0.884959 0.131271
vn -0.446783 0.884959 0.131271
vn -0.446783 0.718583 -0.532938
vn -0.446783 0.662886 -0.600806
vn -0.446782 0.718584 0.532938
vn -0.446782 0.718584 0.532938
vn -0.446782 0.884960 -0.131271
vn -0.446782 0.867831 -0.217381
vn -0.446782 0.382510 -0.808747
vn -0.446782 0.382509 0.808747
vn -0.446782 0.382509 0.808747
vn -0.446783 0.867831 0.217380
vn -0.446783 0.842345 0.301396
vn -0.446783 0.867831 0.217381
vn -0.446783 0.718584 -0.532938
vn -0.446783 0.043897 -0.893565
vn -0.446782 0.600806 0.662886
vn -0.446782 0.662886 0.600806
vn -0.446782 0.662886 0.600806
vn -0.446782 0.884960 -0.131271
vn -0.446782 0.459938 -0.767361
vn -0.446782 0.459938 -0.767361
vn -0.446782 0.301396 0.842346
vn -0.446782 0.301396 0.842346
vn -0.446783 0.808747 0.382509
vn -0.446783 0.842345 0.301396
vn -0.446783 0.767361 -0.459938
vn -0.446783 0.767360 -0.459938
vn -0.446783 0.131271 -0.884959
vn -0.446783 0.217380 -0.867831
vn -0.446783 0.131271 -0.884959
vn -0.446782 0.600806 0.662886
vn -0.446782 0.893565 -0.043898
vn -0.446782 0.893565 -0.043898
vn -0.446782 0.532938 -0.718584
vn -0.446782 0.532938 -0.718584
vn -0.446782 0.217380 0.867831
vn -0.446782 0.217381 0.867831
vn -0.446782 0.131271 0.884960
vn -0.446783 0.808747 0.382509
vn -0.446783 0.808747 -0.382509
vn -0.446783 0.808747 -0.382509
vn -0.446783 0.217380 -0.867831
vn -0.446782 0.532938 0.718584
vn -0.446782 0.532938 0.718584
vn -0.446782 0.459938 0.767361
vn -0.446782 0.893565 0.043898
vn -0.446782 0.893565 0.043898
vn -0.446782 0.600806 -0.662886
vn -0.446782 0.600805 -0.662887
vn -0.446782 0.131271 0.884960
vn 0.000000 0.000000 0.000000
vn -0.446783 0.767360 0.459938
vn -0.446783 0.767361 0.459938
vn -0.446783 0.842345 -0.301396
vn -0.446783 0.842345 -0.301396
vn -0.446783 0.382510 -0.808747
vn -0.446783 0.301396 -0.842345
vn -0.446783 0.301396 -0.842345
vn -0.446782 0.459938 0.767361
vn -0.446782 0.884960 0.131271
vn -0.446782 0.884960 0.131271
vn -0.446782 0.662886 -0.600806
vn -0.446782 0.718584 -0.532938
vn -0.446782 0.662887 -0.600805
vn -0.446783 0.718584 0.532938
vn -0.446783 0.662886 0.600806
vn -0.446783 0.718584 0.532938
vn -0.446783 0.867831 -0.217381
vn -0.446783 0.867831 -0.217381
vn -0.446783 0.382509 -0.808747
vn -0.446782 0.382509 0.808747
vn -0.446782 0.382509 0.808748
vn -0.446782 0.867831 0.217381
vn -0.446782 0.867831 0.217380
vn -0.446782 0.767361 -0.459938
vn -0.446782 0.718584 -0.532938
vn -0.455308 0.020470 -0.890098
vn -0.447640 0.061634 -0.892087
vn -0.446723 0.102637 -0.888766
vn -0.446782 0.043900 -0.893565
vn -0.446782 0.131272 -0.884960
vn -0.446783 0.662886 0.600805
vn -0.446783 0.884959 -0.131271
vn -0.446783 0.884959 -0.131271
vn -0.446783 0.459938 -0.767361
vn -0.446783 0.459938 -0.767360
vn -0.446782 0.301396 0.842346
vn -0.446782 0.301396 0.842345
vn -0.446782 0.842346 0.301396
vn -0.446782 0.842346 0.301396
vn -0.446782 0.767361 -0.459938
vn -0.448283 0.143269 -0.882336
vn -0.446450 0.183880 -0.875711
vn -0.446782 0.131271 -0.884960
vn -0.450927 0.130965 -0.882900
vn -0.446783 0.600806 0.662886
vn -0.446783 0.600805 0.662886
vn -0.446783 0.532938 0.718584
vn -0.446783 0.893565 -0.043898
vn -0.446783 0.893565 -0.043898
vn -0.446783 0.532938 -0.718584
vn -0.446783 0.532938 -0.718584
vn -0.446782 0.217381 0.867831
vn -0.446782 0.217380 0.867831
vn -0.446782 0.808747 0.382509
vn -0.446782 0.808747 0.382509
vn -0.446782 0.767361 0.459938
vn -0.446782 0.808747 -0.382510
vn -0.446782 0.808747 -0.382509
vn -0.449045 0.223629 -0.865071
vn -0.446300 0.263578 -0.855186
vn -0.450656 0.216909 -0.865945
vn -0.446782 0.217380 -0.867831
vn -0.446782 0.217381 -0.867831
vn -0.446783 0.532938 0.718584
vn -0.446783 0.884959 0.131271
vn -0.446783 0.893565 0.043898
vn -0.446783 0.893565 0.043898
vn -0.446783 0.600805 -0.662886
vn -0.446783 0.600805 -0.662887
vn 0.000000 0.000000 0.000000
vn -0.446782 0.131271 0.884960
vn -0.446782 0.131271 0.884960
vn -0.446782 0.767361 0.459938
vn -0.446782 0.867831 -0.217381
vn -0.446782 0.842345 -0.301396
vn -0.446782 0.842346 -0.301396
vn -0.449928 0.302011 -0.840449
vn -0.446272 0.341039 -0.827366
vn -0.449419 0.378057 -0.809380
vn -0.446782 0.301396 -0.842346
vn -0.446782 0.382509 -0.808747
vn -0.450248 0.300810 -0.840708
vn -0.446782 0.301396 -0.842346
vn -0.446783 0.459938 0.767361
vn -0.446783 0.459938 0.767360
vn -0.446783 0.867831 0.217381
vn -0.446783 0.884959 0.131271
vn -0.446783 0.662886 -0.600805
vn -0.446783 0.718584 -0.532938
vn -0.446783 0.662887 -0.600805
vn -0.446782 0.718584 0.532938
vn -0.446782 0.718584 0.532938
vn -0.446782 0.867831 -0.217380
vn -0.446782 0.382509 -0.808747
vn -0.446366 0.415583 -0.792495
vn -0.448601 0.451020 -0.771581
vn -0.450491 0.381713 -0.807065
vn -0.446783 0.382509 0.808747
vn -0.446783 0.382509 0.808747
vn -0.446783 0.867831 0.217381
vn -0.446783 0.718584 -0.532938
vn -0.446782 0.662886 0.600805
vn -0.446782 0.662887 0.600805
vn -0.446782 0.884960 -0.131271
vn -0.446782 0.884960 -0.131271
vn -0.446782 0.459938 -0.767361
vn -0.446782 0.459938 -0.767361
vn -0.446585 0.486570 -0.750874
vn -0.447906 0.520195 -0.727171
vn -0.446782 0.532938 -0.718584
vn -0.450822 0.458896 -0.765620
vn -0.446783 0.301396 0.842345
vn -0.446783 0.301396 0.842345
vn -0.446783 0.842345 0.301396
vn -0.446783 0.842345 0.301396
vn -0.446783 0.767360 -0.459938
vn -0.446783 0.767360 -0.459938
vn -0.446782 0.600805 0.662886
vn -0.446782 0.600805 0.662887
vn -0.446782 0.893565 -0.043898
vn -0.446782 0.893565 -0.043898
vn -0.446782 0.600805 -0.662886
vn -0.446927 0.553383 -0.702868
vn -0.447332 0.584981 -0.676528
vn -0.451018 0.531671 -0.716875
vn -0.446782 0.532938 -0.718584
vn -0.446783 0.217381 0.867831
vn -0.446783 0.217380 0.867831
vn -0.446783 0.131271 0.884959
vn -0.446783 0.808747 0.382509
vn -0.446783 0.808747 0.382509
vn -0.446783 0.808747 -0.382510
vn -0.446783 0.808747 -0.382509
vn -0.446783 0.842345 -0.301396
vn -0.446782 0.532938 0.718584
vn -0.446782 0.532938 0.718584
vn -0.446782 0.459938 0.767361
vn -0.446782 0.893565 0.043898
vn -0.446782 0.893565 0.043898
vn -0.446782 0.600805 -0.662887
vn -0.447393 0.615448 -0.648894
vn -0.446882 0.644815 -0.620089
vn -0.451078 0.599355 -0.661288
vn -0.446783 0.131271 0.884959
vn -0.004786 0.995398 -0.095711
vn -0.446783 0.767361 0.459938
vn -0.446783 0.767360 0.459938
vn -0.446783 0.842345 -0.301396
vn -0.446782 0.459938 0.767361
vn -0.446782 0.884960 0.131271
vn -0.446782 0.884960 0.131271
vn -0.447982 0.672230 -0.589422
vn -0.446556 0.699176 -0.558337
vn -0.446782 0.662887 -0.600805
vn -0.446782 0.662886 -0.600805
vn -0.451004 0.661316 -0.599381
vn -0.446782 0.718584 -0.532938
vn -0.446783 0.718583 0.532938
vn -0.446783 0.718584 0.532938
vn -0.446783 0.867831 -0.217380
vn -0.446783 0.867831 -0.217380
vn -0.446782 0.382509 0.808747
vn -0.446782 0.382509 0.808747
vn -0.446782 0.867831 0.217381
vn -0.446782 0.867831 0.217380
vn -0.450793 0.716966 -0.531738
vn -0.448694 0.723241 -0.524972
vn -0.446352 0.747593 -0.491808
vn -0.446782 0.718584 -0.532938
vn -0.446783 0.600805 0.662886
vn -0.446783 0.662886 0.600805
vn -0.446783 0.662886 0.600806
vn -0.446783 0.893565 -0.043898
vn -0.446783 0.884959 -0.131271
vn -0.446783 0.884959 -0.131271
vn -0.446782 0.301396 0.842346
vn -0.446782 0.301396 0.842346
vn -0.446782 0.808747 0.382509
vn -0.446782 0.842345 0.301396
vn -0.446782 0.842346 0.301396
vn -0.446782 0.767361 -0.459938
vn -0.446782 0.767361 -0.459938
vn -0.449527 0.768047 -0.456103
vn -0.450446 0.765783 -0.458993
vn -0.446271 0.789644 -0.421075
vn -0.449816 0.806564 -0.383562
vn -0.446783 0.600806 0.662886
vn -0.446783 0.893565 -0.043898
vn -0.446782 0.217380 0.867831
vn -0.446782 0.217381 0.867831
vn -0.446782 0.808747 0.382510
vn -0.446782 0.808747 -0.382509
vn -0.446313 0.824966 -0.346752
vn -0.448945 0.838798 -0.308004
vn -0.446782 0.808747 -0.382509
vn -0.446782 0.842346 -0.301396
vn -0.450306 0.807149 -0.381753
vn -0.446783 0.532938 0.718584
vn -0.446783 0.459938 0.767360
vn -0.446783 0.532938 0.718584
vn -0.446783 0.893565 0.043898
vn -0.446783 0.884959 0.131271
vn -0.446783 0.893565 0.043898
vn -0.446782 0.043900 0.893565
vn -0.446782 0.131271 0.884960
vn 0.020811 -0.998917 0.041622
vn -0.446782 0.131271 0.884960
vn -0.446782 0.767361 0.459938
vn -0.446782 0.767361 0.459938
vn -0.450697 0.840495 -0.300733
vn -0.446782 0.842346 -0.301396
vn -0.446477 0.853251 -0.269482
vn -0.448194 0.863908 -0.229748
vn -0.446782 0.867831 -0.217380
vn -0.446783 0.459938 0.767361
vn -0.446783 0.884959 0.131271
vn -0.446782 0.718584 0.532938
vn -0.446782 0.718584 0.532938
vn -0.446782 0.867831 -0.217381
vn -0.446764 0.874257 -0.189937
vn -0.447566 0.881670 -0.149474
vn -0.450951 0.865800 -0.216872
vn -0.446783 0.382509 0.808747
vn -0.446783 0.382509 0.808747
vn -0.446783 0.867831 0.217380
vn -0.446783 0.867831 0.217380
vn -0.446782 0.600806 0.662886
vn -0.446782 0.662887 0.600805
vn -0.446782 0.662886 0.600806
vn -0.446782 0.884960 -0.131271
vn -0.447176 0.887804 -0.108804
vn -0.447060 0.891925 -0.067876
vn -0.451069 0.882830 -0.130955
vn -0.446782 0.884960 -0.131272
vn -0.446783 0.301396 0.842345
vn -0.446783 0.301396 0.842345
vn -0.446783 0.842345 0.301396
vn -0.446783 0.842345 0.301396
vn -0.446782 0.600805 0.662887
vn -0.447710 0.893777 -0.026788
vn -0.446679 0.894579 0.014342
vn -0.451051 0.891423 -0.043793
vn -0.446782 0.893565 -0.043898
vn -0.446782 0.893565 -0.043898
vn -0.446783 0.217381 0.867831
vn -0.446783 0.217381 0.867831
vn -0.446783 0.808747 0.382509
vn -0.446783 0.808747 0.382509
vn -0.446782 0.532938 0.718584
vn -0.446782 0.459938 0.767361
vn -0.446782 0.532938 0.718584
vn -0.446782 0.893565 0.043898
vn -0.448368 0.892130 0.055404
vn -0.446421 0.889608 0.096465
vn -0.446782 0.893565 0.043898
vn -0.450897 0.891501 0.043797
vn -0.446783 0.131271 0.884959
vn -0.446783 0.131271 0.884959
vn -0.446783 0.043897 0.893565
vn -0.446783 0.767360 0.459938
vn -0.446783 0.767361 0.459938
vn -0.446782 0.459938 0.767361
vn -0.446782 0.884960 0.131271
vn -0.449149 0.882882 0.137054
vn -0.446288 0.877051 0.177786
vn -0.446782 0.884960 0.131271
vn -0.450609 0.883059 0.130989
vn -0.446783 0.662887 0.600805
vn -0.446783 0.718584 0.532938
vn -0.446783 0.718584 0.532938
vn -0.446782 0.382509 0.808747
vn -0.446782 0.382510 0.808747
vn -0.446782 0.867831 0.217381
vn -0.450052 0.866119 0.217464
vn -0.446278 0.857018 0.257597
vn -0.449305 0.842837 0.296227
vn -0.446782 0.867831 0.217380
vn -0.450184 0.866176 0.216966
vn -0.446783 0.662886 0.600805
vn -0.446782 0.301396 0.842345
vn -0.446782 0.217381 0.867831
vn -0.446782 0.301396 0.842346
vn -0.446392 0.829680 0.335211
vn -0.448504 0.812429 0.372563
vn -0.450545 0.840567 0.300759
vn -0.446782 0.842346 0.301396
vn -0.446782 0.842346 0.301396
vn -0.446783 0.600805 0.662886
vn -0.446783 0.600805 0.662887
vn -0.446782 0.217380 0.867831
vn -0.446628 0.795276 0.409951
vn -0.446782 0.808747 0.382509
vn -0.447825 0.775067 0.445786
vn -0.450860 0.806896 0.381633
vn -0.446782 0.808747 0.382509
vn -0.446783 0.532938 0.718584
vn -0.446783 0.532938 0.718584
vn -0.446782 0.131271 0.884960
vn -0.446782 0.131271 0.884960
vn -0.446782 0.043901 0.893565
vn -0.446782 0.767361 0.459938
vn -0.446987 0.754105 0.481174
vn -0.447267 0.731069 0.515257
vn -0.446782 0.767361 0.459938
vn -0.451038 0.765527 0.458839
vn -0.446783 0.459938 0.767360
vn -0.446783 0.459938 0.767360
vn -0.447468 0.706527 0.548263
vn -0.446831 0.680814 0.580374
vn -0.451079 0.716850 0.531652
vn -0.446782 0.718584 0.532938
vn -0.446782 0.718584 0.532938
vn -0.446783 0.382509 0.808747
vn -0.446783 0.382510 0.808747
vn -0.446782 0.662887 0.600805
vn -0.448071 0.652957 0.610639
vn -0.446519 0.624733 0.640570
vn -0.446782 0.662886 0.600805
vn -0.450983 0.661323 0.599388
vn -0.446783 0.301396 0.842345
vn -0.446783 0.301396 0.842345
vn -0.446782 0.600805 0.662886
vn -0.446782 0.532938 0.718584
vn -0.446782 0.600805 0.662887
vn -0.450751 0.599467 0.661410
vn -0.448797 0.593863 0.667764
vn -0.446330 0.563309 0.695322
vn -0.446783 0.217380 0.867831
vn -0.446783 0.131271 0.884959
vn -0.446783 0.217380 0.867831
vn -0.450384 0.531861 0.717132
vn -0.446782 0.532938 0.718584
vn -0.449645 0.529758 0.719149
vn -0.446265 0.497072 0.744155
vn -0.449688 0.461445 0.764754
vn -0.446783 0.043897 0.893565
vn -0.446783 0.131271 0.884959
vn -0.450363 0.459014 0.765819
vn -0.446782 0.459938 0.767361
vn -0.446782 0.459938 0.767361
vn -0.446324 0.426595 0.786646
vn -0.448835 0.389424 0.804298
vn -0.450737 0.381660 0.806952
vn -0.446782 0.301396 0.842346
vn -0.446782 0.382509 0.808747
vn -0.446782 0.382509 0.808747
vn -0.446507 0.352488 0.822426
vn -0.448105 0.314014 0.837017
vn -0.446782 0.301396 0.842346
vn -0.446813 0.275392 0.851186
vn -0.447497 0.235867 0.862620
vn -0.450975 0.300686 0.840363
vn -0.446782 0.217380 0.867831
vn -0.446782 0.217381 0.867831
vn -0.446782 0.131271 0.884960
vn -0.451077 0.216857 0.865738
vn -0.447239 0.195977 0.872680
vn -0.447009 0.155661 0.880882
vn -0.446782 0.043900 0.893565
vn -0.451042 0.130957 0.882843
vn -0.446782 0.131271 0.884960
vn -0.447789 0.114941 0.886721
vn -0.446643 0.074095 0.891639
vn -0.451360 0.040086 0.891441
vn -0.457853 0.013316 0.888928
vn 0.000000 -0.000000 -1.000000
vn -0.000000 0.000000 -1.000000
vn -1.000000 0.000000 0.000000
vn -1.000000 0.000000 0.000000
vn -1.000000 0.000000 0.000000
vn -1.000000 0.000000 0.000000
vn -1.000000 0.000000 0.000000
vn -1.000000 0.000000 0.000000
vn -1.000000 0.000000 0.000000
vn -1.000000 0.000000 0.000000
vn -1.000000 0.000000 0.000000
vn -1.000000 0.000000 0.000000
vn -1.000000 0.000000 0.000000
vn -1.000000 0.000000 0.000000
vn -1.000000 0.000000 0.000000
vn -1.000000 0.000000 0.000000
vn -1.000000 0.000000 0.000000
vn -1.000000 0.000000 0.000000
vn -1.000000 0.000000 0.000000
vn -1.000000 0.000000 0.000000
vn -1.000000 0.000000 0.000000
vn -1.000000 0.000000 0.000000
vn -1.000000 0.000000 0.000000
vn -1.000000 0.000000 0.000000
vn -1.000000 0.000000 0.000000
vn -1.000000 0.000000 0.000000
vn -1.000000 0.000000 0.000000
vn -1.000000 0.000000 0.000000
vn -1.000000 0.000000 0.000000
vn -1.000000 0.000000 0.000000
vn -1.000000 0.000000 0.000000
vn -1.000000 0.000000 0.000000
vn -1.000000 0.000000 0.000000
vn -1.000000 0.000000 0.000000
vn -1.000000 0.000000 -0.000000
vn -1.000000 0.000000 0.000000
vn 0.000000 0.000000 -1.000000
vn 0.000000 0.000000 -1.000000
vn 1.000000 0.000000 0.000000
vn 1.000000 0.000000 0.000000
vn 1.000000 0.000000 0.000000
vn 1.000000 0.000000 0.000000
vn 1.000000 0.000000 -0.000000
vn 0.000000 0.000000 1.000000
vn 0.000000 0.000000 1.000000
vn -1.000000 0.000000 0.000000
vn -1.000000 -0.000000 -0.000000
vn -1.000000 0.000000 -0.000000
vn -1.000000 -0.000000 -0.000000
vn -1.000000 0.000000 -0.000000
vn 0.000000 -0.000000 1.000000
vn 0.000000 0.000000 1.000000
vn 0.447214 0.000000 -0.894427
vn 0.447214 0.000000 -0.894427
vn -1.000000 0.000000 0.000000
vn -1.000000 0.000000 0.000000
vn -1.000000 0.000000 0.000000
vn -1.000000 0.000000 0.000000
vn -1.000000 0.000000 0.000000
vn -1.000000 0.000000 0.000000
vn -1.000000 0.000000 0.000000
vn -1.000000 0.000000 0.000000
vn -1.000000 0.000000 0.000000
vn -1.000000 0.000000 0.000000
vn -1.000000 0.000000 0.000000
vn -1.000000 0.000000 0.000000
vn -1.000000 0.000000 0.000000
vn -1.000000 0.000000 0.000000
vn -1.000000 0.000000 0.000000
vn -1.000000 0.000000 0.000000
vn -1.000000 0.000000 0.000000
vn -1.000000 0.000000 0.000000
vn -1.000000 0.000000 0.000000
vn -1.000000 0.000000 0.000000
vn -1.000000 0.000000 0.000000
vn -1.000000 0.000000 0.000000
vn -1.000000 0.000000 0.000000
vn -1.000000 0.000000 0.000000
vn -1.000000 0.000000 0.000000
vn -1.000000 0.000000 0.000000
vn -1.000000 0.000000 0.000000
vn -1.000000 0.000000 0.000000
vn -1.000000 0.000000 0.000000
vn -1.000000 0.000000 0.000000
vn -1.000000 0.000000 0.000000
vn -1.000000 0.000000 -0.000000
vn -1.000000 0.000000 -0.000000
vn -1.000000 0.000000 -0.000000
vn 1.000000 -0.000000 0.000000
vn 1.000000 0.000000 0.000000
vn 1.000000 0.000000 0.000000
vn 1.000000 0.000000 0.000000
vn 1.000000 0.000000 -0.000000
vn 1.000000 0.000000 -0.000000
vn 0.447214 0.000000 0.894427
vn 0.447214 -0.000000 0.894427
vn -1.000000 0.000000 0.000000
vn -1.000000 0.000000 -0.000000
vn -1.000000 -0.000000 0.000000
vn -1.000000 0.000000 -0.000000
vn -1.000000 -0.000000 0.000000
vn 0.000000 0.000000 -1.000000
vn 0.000000 0.000000 -1.000000
vn 0.000000 0.000000 -1.000000
vn 0.000000 0.000000 -1.000000
vn 1.000000 0.000000 0.000000
vn 1.000000 0.000000 0.000000
vn 1.000000 0.000000 0.000000
vn 1.000000 0.000000 0.000000
vn 1.000000 0.000000 0.000000
vn 1.000000 0.000000 0.000000
vn 1.000000 0.000000 0.000000
vn 1.000000 0.000000 0.000000
vn 1.000000 0.000000 0.000000
vn 1.000000 0.000000 0.000000
vn -1.000000 0.000000 0.000000
vn -1.000000 0.000000 0.000000
vn -1.000000 0.000000 0.000000
vn -1.000000 0.000000 0.000000
vn -1.000000 0.000000 0.000000
vn -1.000000 0.000000 0.000000
vn -1.000000 0.000000 0.000000
vn -1.000000 0.000000 0.000000
vn -1.000000 0.000000 0.000000
vn -1.000000 0.000000 0.000000
vn 0.000000 -0.000000 1.000000
vn 0.000000 0.000000 1.000000
vn 1.000000 0.000000 0.000000
vn 1.000000 0.000000 0.000000
vn 1.000000 0.000000 0.000000
vn 1.000000 0.000000 0.000000
vn 1.000000 0.000000 0.000000
vn 1.000000 0.000000 0.000000
vn 1.000000 0.000000 0.000000
vn 1.000000 0.000000 0.000000
vn 1.000000 0.000000 0.000000
vn 1.000000 0.000000 0.000000
vn 0.000000 0.000000 1.000000
vn -0.000000 0.000000 1.000000
vn 0.000000 0.000000 -1.000000
vn 0.000000 0.000000 -1.000000
vn -1.000000 0.000000 0.000000
vn -1.000000 -0.000000 0.000000
vn -1.000000 -0.000000 0.000000
vn -1.000000 -0.000000 0.000000
vn -1.000000 -0.000000 0.000000
vn -1.000000 0.000000 0.000000
vn -1.000000 0.000000 0.000000
vn -1.000000 0.000000 0.000000
vn -1.000000 0.000000 0.000000
vn -1.000000 0.000000 0.000000
vn 0.000000 0.000000 -1.000000
vn 0.000000 0.000000 -1.000000
vn -1.000000 0.000000 0.000000
vn -1.000000 0.000000 0.000000
vn -1.000000 0.000000 0.000000
vn -1.000000 0.000000 0.000000
vn -1.000000 0.000000 0.000000
vn -1.000000 0.000000 0.000000
vn -1.000000 0.000000 0.000000
vn -1.000000 0.000000 0.000000
vn -1.000000 0.000000 0.000000
vn -1.000000 0.000000 0.000000
vn -1.000000 0.000000 0.000000
vn 0.000000 0.000000 1.000000
vn 0.000000 0.000000 1.000000
vn 1.000000 0.000000 0.000000
vn 1.000000 0.000000 0.000000
vn 1.000000 0.000000 0.000000
vn 1.000000 0.000000 0.000000
vn 1.000000 0.000000 0.000000
vn 1.000000 0.000000 0.000000
vn 1.000000 0.000000 0.000000
vn 1.000000 0.000000 0.000000
vn 1.000000 0.000000 0.000000
vn 1.000000 0.000000 0.000000
vn 1.000000 0.000000 0.000000
vn 0.000000 -0.024540 0.999699
vn 0.000000 -0.024540 0.999699
vn 0.000000 -0.073562 0.997291
vn 0.000000 -0.073562 0.997291
vn 0.000000 -0.122419 0.992478
vn 0.000000 -0.122419 0.992478
vn 0.000000 -0.170955 0.985279
vn 0.000000 -0.170955 0.985279
vn 0.000000 -0.219103 0.975702
vn 0.000000 -0.219103 0.975702
vn 0.000000 -0.266716 0.963775
vn 0.000000 -0.266716 0.963775
vn 0.000000 -0.313679 0.949529
vn 0.000000 -0.313679 0.949529
vn 0.000000 -0.359894 0.932993
vn 0.000000 -0.359894 0.932993
vn 0.000000 -0.405242 0.914209
vn 0.000000 -0.405242 0.914209
vn 0.000000 -0.449612 0.893224
vn 0.000000 -0.449612 0.893224
vn 0.000000 -0.492901 0.870086
vn 0.000000 -0.492901 0.870086
vn 0.000000 -0.534996 0.844854
vn 0.000000 -0.534996 0.844854
vn 0.000000 -0.575809 0.817584
vn 0.000000 -0.575809 0.817584
vn 0.000000 -0.615232 0.788346
vn 0.000000 -0.615232 0.788346
vn 0.000000 -0.653172 0.757210
vn 0.000000 -0.653172 0.757210
vn 0.000000 -0.689542 0.724246
vn 0.000000 -0.689542 0.724246
vn 0.000000 -0.724246 0.689542
vn 0.000000 -0.724246 0.689542
vn 0.000000 -0.757209 0.653173
vn 0.000000 -0.757209 0.653173
vn 0.000000 -0.788346 0.615232
vn 0.000000 -0.788346 0.615232
vn 0.000000 -0.817585 0.575808
vn 0.000000 -0.817585 0.575808
vn 0.000000 -0.844852 0.535000
vn 0.000000 -0.844852 0.535000
vn 0.000000 -0.870087 0.492899
vn 0.000000 -0.870087 0.492899
vn 0.000000 -0.893225 0.449610
vn 0.000000 -0.893225 0.449610
vn 0.000000 -0.914211 0.405239
vn 0.000000 -0.914211 0.405239
vn 0.000000 -0.932993 0.359896
vn 0.000000 -0.932993 0.359896
vn 0.000000 -0.949528 0.313682
vn 0.000000 -0.949528 0.313682
vn 0.000000 -0.963776 0.266713
vn 0.000000 -0.963776 0.266713
vn 0.000000 -0.975702 0.219101
vn 0.000000 -0.975702 0.219101
vn 0.000000 -0.985277 0.170962
vn 0.000000 -0.985277 0.170962
vn 0.000000 -0.992479 0.122412
vn 0.000000 -0.992479 0.122412
vn 0.000000 -0.997290 0.073564
vn 0.000000 -0.997290 0.073564
vn 0.000000 -0.999699 0.024540
vn 0.000000 -0.999699 0.024540
vn -0.000000 -1.000000 0.000000
vn 0.000000 -1.000000 0.000000
vn 0.000000 -1.000000 0.000000
vn 0.000000 -1.000000 0.000000
vn 0.000000 -1.000000 0.000000
vn -0.000000 -1.000000 0.000000
vn -0.000000 -1.000000 0.000000
vn 0.000000 -1.000000 0.000000
vn 0.000000 -1.000000 0.000000
vn 0.000000 -1.000000 0.000000
vn 0.000000 -1.000000 0.000000
vn -0.000000 -1.000000 0.000000
vn -0.000000 -1.000000 0.000000
vn 0.000000 -1.000000 0.000000
vn 0.000000 -1.000000 0.000000
vn 0.000000 -1.000000 0.000000
vn 0.000000 -1.000000 0.000000
vn 0.000000 -1.000000 0.000000
vn 0.000000 -1.000000 0.000000
vn 0.000000 -1.000000 0.000000
vn 0.000000 -1.000000 0.000000
vn 0.000000 -1.000000 0.000000
vn 0.000000 -1.000000 0.000000
vn 0.000000 -1.000000 0.000000
vn -0.000000 -1.000000 0.000000
vn -0.000000 -1.000000 0.000000
vn 0.000000 -1.000000 0.000000
vn 0.000000 -1.000000 0.000000
vn 0.000000 -1.000000 0.000000
vn 0.000000 -1.000000 0.000000
vn 0.000000 -0.999699 -0.024540
vn 0.000000 -0.997290 -0.073564
vn 0.000000 -0.999699 -0.024540
vn 0.000000 -0.992479 -0.122412
vn 0.000000 -0.997290 -0.073564
vn 0.000000 -0.985277 -0.170962
vn 0.000000 -0.992479 -0.122412
vn 0.000000 -0.975702 -0.219101
vn 0.000000 -0.985277 -0.170962
vn 0.000000 -0.963776 -0.266713
vn 0.000000 -0.975702 -0.219101
vn 0.000000 -0.949528 -0.313682
vn 0.000000 -0.963776 -0.266713
vn 0.000000 -0.932993 -0.359896
vn 0.000000 -0.949528 -0.313682
vn 0.000000 -0.932993 -0.359896
vn 0.000000 -0.914211 -0.405239
vn 0.000000 -0.914211 -0.405239
vn -0.000000 -0.893225 -0.449610
vn 0.000000 -0.893225 -0.449610
vn 0.000000 -0.870087 -0.492899
vn 0.000000 -0.870087 -0.492899
vn -0.000000 -0.844852 -0.535000
vn 0.000000 -0.844852 -0.535000
vn 0.000000 -0.817585 -0.575808
vn 0.000000 -0.817585 -0.575808
vn -0.000000 -0.788346 -0.615232
vn 0.000000 -0.788346 -0.615232
vn -0.000000 -0.757209 -0.653173
vn 0.000000 -0.757209 -0.653173
vn -0.000000 -0.724246 -0.689542
vn 0.000000 -0.724246 -0.689542
vn -0.000000 -0.689542 -0.724246
vn 0.000000 -0.689542 -0.724246
vn -0.000000 -0.653172 -0.757210
vn 0.000000 -0.653172 -0.757210
vn -0.000000 -0.615232 -0.788346
vn 0.000000 -0.615232 -0.788346
vn -0.000000 -0.575809 -0.817584
vn 0.000000 -0.575809 -0.817584
vn 0.000000 -0.534996 -0.844854
vn -0.000000 -0.534996 -0.844854
vn -0.000000 -0.492901 -0.870086
vn 0.000000 -0.492901 -0.870086
vn 0.000000 -0.449612 -0.893224
vn -0.000000 -0.449612 -0.893224
vn 0.000000 -0.405242 -0.914209
vn -0.000000 -0.405242 -0.914209
vn 0.000000 -0.359894 -0.932993
vn -0.000000 -0.359894 -0.932993
vn 0.000000 -0.313679 -0.949529
vn -0.000000 -0.313679 -0.949529
vn 0.000000 -0.266716 -0.963775
vn -0.000000 -0.266716 -0.963775
vn 0.000000 -0.219103 -0.975702
vn -0.000000 -0.219103 -0.975702
vn 0.000000 -0.170955 -0.985279
vn -0.000000 -0.170955 -0.985279
vn 0.000000 -0.122419 -0.992478
vn -0.000000 -0.122419 -0.992478
vn 0.000000 -0.073562 -0.997291
vn -0.000000 -0.073562 -0.997291
vn -0.000000 -0.024540 -0.999699
vn 0.000000 -0.024540 -0.999699
vn 0.000000 -0.707107 0.707107
vn 0.000000 -0.707107 0.707107
vn 0.000000 -1.000000 0.000000
vn 0.000000 -1.000000 0.000000
vn 0.000000 0.000000 -1.000000
vn 0.000000 0.000000 -1.000000
vn 0.000000 0.000000 1.000000
vn 0.000000 0.000000 1.000000
vn 0.000000 0.000000 1.000000
vn 0.000000 -1.000000 0.000000
vn 0.000000 -1.000000 0.000000
vn -0.000000 -0.707107 -0.707107
vn -0.000000 -0.707107 -0.707107
vn 0.000000 -1.000000 0.000000
vn -0.000000 -1.000000 0.000000
vn 0.000000 -1.000000 0.000000
vn 0.000000 -1.000000 0.000000
vn 0.000000 -1.000000 0.000000
vn 0.000000 -1.000000 0.000000
vn -0.000000 -1.000000 0.000000
vn 0.000000 -1.000000 0.000000
vn 0.000000 0.000000 -1.000000
vn 0.000000 0.000000 -1.000000
vn 1.000000 -0.000000 0.000000
vn 1.000000 0.000000 0.000000
vn 0.000000 0.000000 1.000000
vn -0.000000 0.000000 1.000000
vn -1.000000 0.000000 0.000000
vn -1.000000 0.000000 0.000000
f 1//1 2//1 3//1
f 4//2 5//2 1//2
f 4//3 6//3 5//3
f 4//4 7//4 6//4
f 4//5 8//5 7//5
f 4//6 9//6 8//6
f 4//7 10//7 9//7
f 4//8 11//8 10//8
f 4//9 12//9 11//9
f 4//10 13//10 12//10
f 4//11 14//11 13//11
f 4//12 15//12 14//12
f 16//13 15//13 4//13
f 17//14 1//14 3//14
f 17//15 4//15 1//15
f 18//16 3//16 2//16
f 19//17 18//17 2//17
f 20//18 18//18 19//18
f 21//19 20//19 19//19
f 21//20 19//20 22//20
f 23//21 21//21 22//21
f 24//22 21//22 23//22
f 25//23 21//23 24//23
f 26//24 21//24 25//24
f 27//25 21//25 26//25
f 28//26 21//26 27//26
f 29//27 21//27 28//27
f 30//28 21//28 29//28
f 31//29 21//29 30//29
f 32//30 21//30 31//30
f 33//31 21//31 32//31
f 34//32 35//32 36//32
f 34//33 37//33 35//33
f 34//34 38//34 37//34
f 34//35 39//35 38//35
f 34//36 40//36 39//36
f 34//37 41//37 40//37
f 34//38 42//38 41//38
f 34//39 43//39 42//39
f 34//40 44//40 43//40
f 34//41 45//41 44//41
f 34//42 46//42 45//42
f 34//43 47//43 46//43
f 34//44 48//44 47//44
f 49//45 50//45 48//45
f 49//46 51//46 50//46
f 52//47 51//47 49//47
f 53//48 52//48 49//48
f 54//49 53//49 49//49
f 55//50 54//50 49//50
f 56//51 55//51 49//51
f 57//52 56//52 49//52
f 58//53 57//53 49//53
f 59//54 58//54 49//54
f 60//55 59//55 49//55
f 61//56 60//56 49//56
f 62//57 61//57 49//57
f 63//58 62//58 49//58
f 64//59 63//59 49//59
f 65//60 64//60 49//60
f 66//61 65//61 49//61
f 67//62 66//62 49//62
f 68//63 67//63 49//63
f 69//64 68//64 70//64
f 71//65 72//65 73//65
f 71//66 73//66 74//66
f 75//67 76//67 77//67
f 78//68 71//68 74//68
f 79//69 76//69 75//69
f 80//70 78//70 74//70
f 81//71 76//71 79//71
f 82//72 80//72 74//72
f 83//73 76//73 81//73
f 84//74 82//74 74//74
f 85//75 76//75 83//75
f 86//76 84//76 74//76
f 87//77 76//77 85//77
f 88//78 86//78 74//78
f 89//79 76//79 87//79
f 90//80 74//80 91//80
f 90//81 88//81 74//81
f 92//82 90//82 91//82
f 93//83 76//83 89//83
f 94//84 76//84 93//84
f 95//85 92//85 91//85
f 96//86 76//86 94//86
f 97//87 95//87 91//87
f 98//88 76//88 96//88
f 99//89 97//89 91//89
f 100//90 76//90 98//90
f 101//91 99//91 91//91
f 102//92 76//92 100//92
f 103//93 91//93 76//93
f 103//94 101//94 91//94
f 104//95 76//95 102//95
f 105//96 103//96 76//96
f 106//97 76//97 104//97
f 107//98 105//98 76//98
f 108//99 107//99 76//99
f 108//100 76//100 106//100
f 4//101 34//101 16//101
f 16//102 34//102 36//102
f 49//103 70//103 68//103
f 33//104 77//104 21//104
f 76//105 21//105 77//105
f 34//106 109//106 49//106
f 34//107 49//107 48//107
f 110//108 77//108 33//108
f 110//109 33//109 111//109
f 110//110 111//110 112//110
f 113//111 112//111 114//111
f 113//112 110//112 112//112
f 115//113 114//113 116//113
f 115//114 113//114 114//114
f 117//115 116//115 118//115
f 117//116 115//116 116//116
f 119//117 118//117 120//117
f 119//118 117//118 118//118
f 121//119 120//119 122//119
f 121//120 122//120 123//120
f 121//121 119//121 120//121
f 124//122 123//122 125//122
f 124//123 121//123 123//123
f 126//124 125//124 127//124
f 126//125 124//125 125//125
f 128//126 127//126 129//126
f 128//127 126//127 127//127
f 130//128 129//128 131//128
f 130//129 131//129 132//129
f 130//130 128//130 129//130
f 133//131 132//131 134//131
f 133//132 130//132 132//132
f 135//133 134//133 136//133
f 135//134 133//134 134//134
f 137//135 136//135 138//135
f 137//136 135//136 136//136
f 139//137 138//137 140//137
f 139//138 140//138 141//138
f 139//139 137//139 138//139
f 142//140 141//140 143//140
f 142//141 139//141 141//141
f 144//142 143//142 145//142
f 144//143 142//143 143//143
f 146//144 145//144 147//144
f 146//145 144//145 145//145
f 148//146 147//146 149//146
f 148//147 146//147 147//147
f 150//148 149//148 151//148
f 150//149 151//149 152//149
f 150//150 148//150 149//150
f 153//151 152//151 154//151
f 153//152 150//152 152//152
f 155//153 154//153 156//153
f 155//154 153//154 154//154
f 157//155 155//155 156//155
f 157//156 156//156 158//156
f 159//157 157//157 158//157
f 159//158 158//158 160//158
f 159//159 160//159 161//159
f 162//160 159//160 161//160
f 162//161 161//161 163//161
f 164//162 162//162 163//162
f 164//163 163//163 165//163
f 166//164 167//164 168//164
f 169//165 166//165 168//165
f 170//166 167//166 166//166
f 170//167 171//167 167//167
f 172//168 168//168 167//168
f 173//169 164//169 165//169
f 173//170 165//170 171//170
f 174//171 173//171 171//171
f 174//172 171//172 170//172
f 175//173 176//173 172//173
f 177//174 173//174 174//174
f 178//175 173//175 177//175
f 179//176 174//176 170//176
f 179//177 170//177 180//177
f 181//178 175//178 182//178
f 183//179 178//179 184//179
f 185//180 180//180 186//180
f 185//181 179//181 180//181
f 187//182 182//182 188//182
f 189//183 183//183 190//183
f 191//184 186//184 192//184
f 191//185 185//185 186//185
f 193//186 194//186 195//186
f 196//187 189//187 197//187
f 198//188 192//188 199//188
f 198//189 191//189 192//189
f 200//190 201//190 193//190
f 202//191 196//191 203//191
f 204//192 198//192 199//192
f 204//193 199//193 205//193
f 206//194 207//194 200//194
f 208//195 202//195 209//195
f 210//196 204//196 205//196
f 210//197 205//197 211//197
f 212//198 213//198 206//198
f 214//199 208//199 215//199
f 216//200 211//200 217//200
f 216//201 210//201 211//201
f 218//202 219//202 212//202
f 220//203 216//203 217//203
f 220//204 217//204 221//204
f 222//205 214//205 223//205
f 224//206 218//206 225//206
f 226//207 224//207 225//207
f 227//208 228//208 226//208
f 229//209 226//209 225//209
f 230//210 221//210 227//210
f 230//211 220//211 221//211
f 231//212 222//212 232//212
f 233//213 227//213 226//213
f 233//214 226//214 229//214
f 233//215 230//215 227//215
f 234//216 231//216 235//216
f 236//217 233//217 229//217
f 236//218 234//218 237//218
f 236//219 229//219 238//219
f 236//220 237//220 233//220
f 239//221 236//221 238//221
f 239//222 238//222 240//222
f 241//223 239//223 240//223
f 241//224 240//224 242//224
f 243//225 241//225 242//225
f 243//226 242//226 244//226
f 243//227 244//227 245//227
f 246//228 243//228 245//228
f 246//229 245//229 247//229
f 248//230 247//230 249//230
f 248//231 246//231 247//231
f 250//232 249//232 251//232
f 250//233 248//233 249//233
f 252//234 251//234 253//234
f 252//235 250//235 251//235
f 254//236 253//236 255//236
f 254//237 255//237 256//237
f 254//238 252//238 253//238
f 257//239 256//239 258//239
f 257//240 254//240 256//240
f 259//241 258//241 260//241
f 259//242 257//242 258//242
f 261//243 260//243 262//243
f 261//244 259//244 260//244
f 263//245 262//245 264//245
f 263//246 264//246 265//246
f 263//247 261//247 262//247
f 266//248 265//248 267//248
f 266//249 263//249 265//249
f 268//250 267//250 269//250
f 268//251 266//251 267//251
f 270//252 269//252 271//252
f 270//253 268//253 269//253
f 272//254 270//254 271//254
f 272//255 271//255 273//255
f 272//256 273//256 274//256
f 275//257 272//257 274//257
f 275//258 274//258 276//258
f 277//259 275//259 276//259
f 277//260 276//260 278//260
f 279//261 277//261 278//261
f 279//262 278//262 280//262
f 281//263 279//263 280//263
f 281//264 280//264 282//264
f 283//265 281//265 282//265
f 283//266 282//266 284//266
f 283//267 284//267 285//267
f 286//268 283//268 285//268
f 286//269 285//269 287//269
f 288//270 286//270 287//270
f 288//271 287//271 289//271
f 290//272 288//272 289//272
f 290//273 289//273 291//273
f 292//274 290//274 291//274
f 292//275 291//275 293//275
f 292//276 293//276 294//276
f 36//277 292//277 294//277
f 36//278 294//278 16//278
f 295//279 166//279 169//279
f 296//280 295//280 297//280
f 298//281 296//281 299//281
f 300//282 298//282 301//282
f 302//283 300//283 303//283
f 304//284 302//284 305//284
f 306//285 304//285 307//285
f 308//286 306//286 309//286
f 228//287 308//287 310//287
f 176//288 168//288 172//288
f 181//289 176//289 175//289
f 187//290 181//290 182//290
f 194//291 187//291 195//291
f 195//292 187//292 188//292
f 201//293 194//293 193//293
f 207//294 201//294 200//294
f 213//295 207//295 206//295
f 219//296 213//296 212//296
f 224//297 219//297 218//297
f 169//298 297//298 295//298
f 297//299 299//299 296//299
f 299//300 301//300 298//300
f 301//301 303//301 300//301
f 303//302 305//302 302//302
f 305//303 307//303 304//303
f 307//304 309//304 306//304
f 309//305 310//305 308//305
f 310//306 226//306 228//306
f 177//307 184//307 178//307
f 184//308 190//308 183//308
f 190//309 197//309 189//309
f 197//310 203//310 196//310
f 203//311 209//311 202//311
f 209//312 215//312 208//312
f 215//313 223//313 214//313
f 223//314 232//314 222//314
f 232//315 235//315 231//315
f 235//316 237//316 234//316
f 35//317 292//317 36//317
f 68//318 311//318 67//318
f 312//319 75//319 77//319
f 312//320 77//320 110//320
f 313//321 79//321 75//321
f 313//322 75//322 312//322
f 314//323 81//323 79//323
f 314//324 79//324 313//324
f 315//325 83//325 81//325
f 315//326 81//326 314//326
f 316//327 85//327 83//327
f 316//328 83//328 315//328
f 317//329 312//329 110//329
f 317//330 110//330 113//330
f 318//331 87//331 85//331
f 318//332 85//332 316//332
f 319//333 312//333 317//333
f 319//334 313//334 312//334
f 320//335 89//335 87//335
f 320//336 87//336 318//336
f 321//337 313//337 319//337
f 321//338 314//338 313//338
f 322//339 93//339 89//339
f 322//340 89//340 320//340
f 323//341 314//341 321//341
f 323//342 315//342 314//342
f 324//343 94//343 93//343
f 324//344 93//344 322//344
f 325//345 315//345 323//345
f 325//346 316//346 315//346
f 326//347 96//347 94//347
f 326//348 94//348 324//348
f 327//349 113//349 115//349
f 327//350 317//350 113//350
f 328//351 316//351 325//351
f 328//352 318//352 316//352
f 329//353 98//353 96//353
f 329//354 96//354 326//354
f 330//355 317//355 327//355
f 330//356 319//356 317//356
f 331//357 318//357 328//357
f 331//358 320//358 318//358
f 332//359 100//359 98//359
f 332//360 98//360 329//360
f 333//361 319//361 330//361
f 333//362 321//362 319//362
f 334//363 320//363 331//363
f 334//364 322//364 320//364
f 335//365 102//365 100//365
f 335//366 100//366 332//366
f 336//367 321//367 333//367
f 336//368 323//368 321//368
f 337//369 324//369 322//369
f 337//370 322//370 334//370
f 338//371 104//371 102//371
f 338//372 102//372 335//372
f 339//373 323//373 336//373
f 339//374 325//374 323//374
f 340//375 326//375 324//375
f 340//376 324//376 337//376
f 341//377 330//377 327//377
f 341//378 115//378 117//378
f 341//379 327//379 115//379
f 342//380 106//380 104//380
f 342//381 104//381 338//381
f 343//382 328//382 325//382
f 343//383 325//383 339//383
f 344//384 329//384 326//384
f 344//385 326//385 340//385
f 345//386 330//386 341//386
f 346//387 106//387 342//387
f 346//388 108//388 106//388
f 347//389 328//389 343//389
f 347//390 331//390 328//390
f 348//391 332//391 329//391
f 348//392 329//392 344//392
f 349//393 333//393 330//393
f 349//394 330//394 345//394
f 350//395 107//395 108//395
f 350//396 108//396 346//396
f 351//397 334//397 331//397
f 351//398 331//398 347//398
f 352//399 332//399 348//399
f 352//400 335//400 332//400
f 353//401 333//401 349//401
f 353//402 336//402 333//402
f 354//403 105//403 107//403
f 354//404 107//404 350//404
f 355//405 334//405 351//405
f 355//406 337//406 334//406
f 356//407 338//407 335//407
f 356//408 335//408 352//408
f 357//409 336//409 353//409
f 357//410 343//410 339//410
f 357//411 339//411 336//411
f 358//412 103//412 105//412
f 358//413 105//413 354//413
f 359//414 337//414 355//414
f 359//415 340//415 337//415
f 360//416 117//416 119//416
f 360//417 341//417 117//417
f 361//418 342//418 338//418
f 361//419 338//419 356//419
f 362//420 343//420 357//420
f 363//421 101//421 103//421
f 363//422 103//422 358//422
f 364//423 344//423 340//423
f 364//424 340//424 359//424
f 365//425 341//425 360//425
f 365//426 345//426 341//426
f 366//427 346//427 342//427
f 366//428 342//428 361//428
f 367//429 343//429 362//429
f 367//430 347//430 343//430
f 368//431 99//431 101//431
f 368//432 101//432 363//432
f 369//433 352//433 348//433
f 369//434 344//434 364//434
f 369//435 348//435 344//435
f 370//436 345//436 365//436
f 370//437 349//437 345//437
f 371//438 350//438 346//438
f 371//439 346//439 366//439
f 372//440 351//440 347//440
f 372//441 347//441 367//441
f 373//442 97//442 99//442
f 373//443 99//443 368//443
f 374//444 352//444 369//444
f 375//445 353//445 349//445
f 375//446 349//446 370//446
f 376//447 354//447 350//447
f 376//448 350//448 371//448
f 376//449 358//449 354//449
f 377//450 355//450 351//450
f 377//451 351//451 372//451
f 378//452 95//452 97//452
f 378//453 97//453 373//453
f 379//454 361//454 356//454
f 379//455 352//455 374//455
f 379//456 356//456 352//456
f 380//457 353//457 375//457
f 380//458 357//458 353//458
f 381//459 363//459 358//459
f 381//460 358//460 376//460
f 382//461 355//461 377//461
f 382//462 359//462 355//462
f 383//463 92//463 95//463
f 383//464 95//464 378//464
f 384//465 119//465 121//465
f 384//466 360//466 119//466
f 385//467 361//467 379//467
f 386//468 362//468 357//468
f 386//469 357//469 380//469
f 387//470 363//470 381//470
f 388//471 364//471 359//471
f 388//472 359//472 382//472
f 389//473 90//473 92//473
f 389//474 92//474 383//474
f 390//475 365//475 360//475
f 390//476 360//476 384//476
f 391//477 366//477 361//477
f 391//478 361//478 385//478
f 392//479 367//479 362//479
f 392//480 362//480 386//480
f 393//481 368//481 363//481
f 393//482 363//482 387//482
f 394//483 369//483 364//483
f 394//484 364//484 388//484
f 395//485 88//485 90//485
f 395//486 90//486 389//486
f 396//487 375//487 370//487
f 396//488 370//488 365//488
f 396//489 365//489 390//489
f 397//490 371//490 366//490
f 397//491 366//491 391//491
f 398//492 367//492 392//492
f 398//493 372//493 367//493
f 399//494 373//494 368//494
f 399//495 368//495 393//495
f 400//496 369//496 394//496
f 400//497 374//497 369//497
f 401//498 88//498 395//498
f 401//499 86//499 88//499
f 402//500 375//500 396//500
f 403//501 376//501 371//501
f 403//502 371//502 397//502
f 404//503 372//503 398//503
f 404//504 377//504 372//504
f 405//505 373//505 399//505
f 405//506 378//506 373//506
f 405//507 383//507 378//507
f 406//508 374//508 400//508
f 406//509 379//509 374//509
f 407//510 84//510 86//510
f 407//511 86//511 401//511
f 408//512 375//512 402//512
f 408//513 380//513 375//513
f 409//514 376//514 403//514
f 409//515 381//515 376//515
f 410//516 382//516 377//516
f 410//517 377//517 404//517
f 411//518 383//518 405//518
f 412//519 390//519 384//519
f 412//520 121//520 124//520
f 412//521 384//521 121//521
f 413//522 379//522 406//522
f 413//523 385//523 379//523
f 414//524 82//524 84//524
f 414//525 84//525 407//525
f 415//526 392//526 386//526
f 415//527 380//527 408//527
f 415//528 386//528 380//528
f 416//529 381//529 409//529
f 416//530 387//530 381//530
f 417//531 388//531 382//531
f 417//532 382//532 410//532
f 418//533 383//533 411//533
f 418//534 389//534 383//534
f 419//535 390//535 412//535
f 420//536 391//536 385//536
f 420//537 385//537 413//537
f 421//538 80//538 82//538
f 421//539 82//539 414//539
f 422//540 392//540 415//540
f 423//541 393//541 387//541
f 423//542 387//542 416//542
f 424//543 394//543 388//543
f 424//544 388//544 417//544
f 425//545 395//545 389//545
f 425//546 389//546 418//546
f 426//547 390//547 419//547
f 426//548 396//548 390//548
f 427//549 397//549 391//549
f 427//550 391//550 420//550
f 428//551 429//551 71//551
f 428//552 78//552 80//552
f 428//553 71//553 78//553
f 428//554 80//554 421//554
f 430//555 398//555 392//555
f 430//556 392//556 422//556
f 431//557 399//557 393//557
f 431//558 393//558 423//558
f 432//559 400//559 394//559
f 432//560 394//560 424//560
f 433//561 407//561 401//561
f 433//562 401//562 395//562
f 433//563 395//563 425//563
f 434//564 402//564 396//564
f 434//565 396//565 426//565
f 435//566 397//566 427//566
f 435//567 403//567 397//567
f 436//568 398//568 430//568
f 436//569 404//569 398//569
f 436//570 410//570 404//570
f 437//571 405//571 399//571
f 437//572 399//572 431//572
f 438//573 406//573 400//573
f 438//574 400//574 432//574
f 439//575 407//575 433//575
f 440//576 408//576 402//576
f 440//577 402//577 434//577
f 441//578 403//578 435//578
f 441//579 409//579 403//579
f 442//580 410//580 436//580
f 442//581 417//581 410//581
f 443//582 405//582 437//582
f 443//583 411//583 405//583
f 444//584 124//584 126//584
f 444//585 412//585 124//585
f 445//586 406//586 438//586
f 445//587 413//587 406//587
f 446//588 421//588 414//588
f 446//589 407//589 439//589
f 446//590 414//590 407//590
f 447//591 408//591 440//591
f 447//592 415//592 408//592
f 448//593 409//593 441//593
f 448//594 416//594 409//594
f 449//595 417//595 442//595
f 450//596 418//596 411//596
f 450//597 411//597 443//597
f 451//598 412//598 444//598
f 451//599 419//599 412//599
f 452//600 413//600 445//600
f 452//601 420//601 413//601
f 453//602 421//602 446//602
f 454//603 422//603 415//603
f 454//604 415//604 447//604
f 455//605 423//605 416//605
f 455//606 416//606 448//606
f 456//607 417//607 449//607
f 456//608 424//608 417//608
f 456//609 432//609 424//609
f 457//610 425//610 418//610
f 457//611 418//611 450//611
f 458//612 434//612 426//612
f 458//613 419//613 451//613
f 458//614 426//614 419//614
f 459//615 427//615 420//615
f 459//616 420//616 452//616
f 460//617 428//617 421//617
f 460//618 461//618 429//618
f 460//619 421//619 453//619
f 460//620 429//620 428//620
f 462//621 430//621 422//621
f 462//622 422//622 454//622
f 463//623 423//623 455//623
f 463//624 431//624 423//624
f 464//625 432//625 456//625
f 464//626 438//626 432//626
f 465//627 433//627 425//627
f 465//628 425//628 457//628
f 466//629 434//629 458//629
f 467//630 435//630 427//630
f 467//631 427//631 459//631
f 468//632 436//632 430//632
f 468//633 430//633 462//633
f 469//634 431//634 463//634
f 469//635 437//635 431//635
f 470//636 438//636 464//636
f 471//637 433//637 465//637
f 471//638 439//638 433//638
f 472//639 447//639 440//639
f 472//640 434//640 466//640
f 472//641 440//641 434//641
f 473//642 435//642 467//642
f 473//643 441//643 435//643
f 473//644 448//644 441//644
f 474//645 442//645 436//645
f 474//646 436//646 468//646
f 475//647 443//647 437//647
f 475//648 437//648 469//648
f 476//649 126//649 128//649
f 476//650 444//650 126//650
f 477//651 438//651 470//651
f 477//652 445//652 438//652
f 477//653 452//653 445//653
f 478//654 439//654 471//654
f 478//655 446//655 439//655
f 479//656 447//656 472//656
f 480//657 448//657 473//657
f 481//658 442//658 474//658
f 481//659 449//659 442//659
f 482//660 443//660 475//660
f 482//661 450//661 443//661
f 483//662 444//662 476//662
f 483//663 451//663 444//663
f 484//664 452//664 477//664
f 485//665 446//665 478//665
f 485//666 453//666 446//666
f 486//667 454//667 447//667
f 486//668 447//668 479//668
f 487//669 455//669 448//669
f 487//670 448//670 480//670
f 488//671 449//671 481//671
f 488//672 456//672 449//672
f 489//673 457//673 450//673
f 489//674 450//674 482//674
f 490//675 458//675 451//675
f 490//676 451//676 483//676
f 491//677 467//677 459//677
f 491//678 459//678 452//678
f 491//679 452//679 484//679
f 492//680 460//680 453//680
f 492//681 493//681 461//681
f 492//682 461//682 460//682
f 492//683 453//683 485//683
f 494//684 462//684 454//684
f 494//685 454//685 486//685
f 495//686 455//686 487//686
f 495//687 463//687 455//687
f 496//688 464//688 456//688
f 496//689 456//689 488//689
f 497//690 465//690 457//690
f 497//691 457//691 489//691
f 498//692 472//692 466//692
f 498//693 466//693 458//693
f 498//694 458//694 490//694
f 499//695 473//695 467//695
f 499//696 467//696 491//696
f 500//697 468//697 462//697
f 500//698 474//698 468//698
f 500//699 462//699 494//699
f 501//700 469//700 463//700
f 501//701 463//701 495//701
f 502//702 470//702 464//702
f 502//703 464//703 496//703
f 503//704 471//704 465//704
f 503//705 465//705 497//705
f 504//706 472//706 498//706
f 505//707 480//707 473//707
f 505//708 473//708 499//708
f 506//709 474//709 500//709
f 507//710 469//710 501//710
f 507//711 475//711 469//711
f 508//712 128//712 130//712
f 508//713 476//713 128//713
f 509//714 477//714 470//714
f 509//715 470//715 502//715
f 510//716 471//716 503//716
f 510//717 478//717 471//717
f 511//718 472//718 504//718
f 511//719 479//719 472//719
f 512//720 480//720 505//720
f 513//721 474//721 506//721
f 513//722 481//722 474//722
f 514//723 475//723 507//723
f 514//724 482//724 475//724
f 515//725 476//725 508//725
f 515//726 483//726 476//726
f 516//727 477//727 509//727
f 516//728 484//728 477//728
f 517//729 478//729 510//729
f 517//730 485//730 478//730
f 518//731 479//731 511//731
f 518//732 486//732 479//732
f 519//733 480//733 512//733
f 519//734 495//734 487//734
f 519//735 487//735 480//735
f 520//736 481//736 513//736
f 520//737 488//737 481//737
f 521//738 482//738 514//738
f 521//739 489//739 482//739
f 522//740 483//740 515//740
f 522//741 490//741 483//741
f 523//742 491//742 484//742
f 523//743 484//743 516//743
f 524//744 492//744 485//744
f 524//745 493//745 492//745
f 524//746 525//746 493//746
f 524//747 485//747 517//747
f 526//748 494//748 486//748
f 526//749 486//749 518//749
f 527//750 495//750 519//750
f 528//751 502//751 496//751
f 528//752 488//752 520//752
f 528//753 496//753 488//753
f 529//754 489//754 521//754
f 529//755 497//755 489//755
f 530//756 498//756 490//756
f 530//757 490//757 522//757
f 531//758 499//758 491//758
f 531//759 491//759 523//759
f 532//760 506//760 500//760
f 532//761 494//761 526//761
f 532//762 500//762 494//762
f 533//763 501//763 495//763
f 533//764 495//764 527//764
f 534//765 509//765 502//765
f 534//766 502//766 528//766
f 535//767 497//767 529//767
f 535//768 510//768 503//768
f 535//769 503//769 497//769
f 536//770 498//770 530//770
f 536//771 504//771 498//771
f 537//772 499//772 531//772
f 537//773 505//773 499//773
f 538//774 506//774 532//774
f 539//775 501//775 533//775
f 539//776 507//776 501//776
f 539//777 514//777 507//777
f 540//778 130//778 133//778
f 540//779 508//779 130//779
f 541//780 509//780 534//780
f 542//781 510//781 535//781
f 543//782 511//782 504//782
f 543//783 504//783 536//783
f 544//784 505//784 537//784
f 544//785 512//785 505//785
f 545//786 506//786 538//786
f 545//787 513//787 506//787
f 546//788 521//788 514//788
f 546//789 514//789 539//789
f 547//790 508//790 540//790
f 547//791 515//791 508//791
f 547//792 522//792 515//792
f 548//793 509//793 541//793
f 548//794 516//794 509//794
f 549//795 510//795 542//795
f 549//796 517//796 510//796
f 550//797 511//797 543//797
f 550//798 518//798 511//798
f 550//799 526//799 518//799
f 551//800 512//800 544//800
f 551//801 519//801 512//801
f 552//802 513//802 545//802
f 552//803 520//803 513//803
f 553//804 521//804 546//804
f 554//805 522//805 547//805
f 555//806 531//806 523//806
f 555//807 516//807 548//807
f 555//808 523//808 516//808
f 556//809 557//809 525//809
f 556//810 517//810 549//810
f 556//811 525//811 524//811
f 556//812 524//812 517//812
f 558//813 526//813 550//813
f 559//814 527//814 519//814
f 559//815 519//815 551//815
f 560//816 528//816 520//816
f 560//817 520//817 552//817
f 561//818 535//818 529//818
f 561//819 521//819 553//819
f 561//820 529//820 521//820
f 562//821 530//821 522//821
f 562//822 522//822 554//822
f 563//823 531//823 555//823
f 564//824 532//824 526//824
f 564//825 526//825 558//825
f 565//826 533//826 527//826
f 565//827 527//827 559//827
f 566//828 534//828 528//828
f 566//829 528//829 560//829
f 567//830 535//830 561//830
f 568//831 536//831 530//831
f 568//832 530//832 562//832
f 569//833 537//833 531//833
f 569//834 531//834 563//834
f 570//835 545//835 538//835
f 570//836 532//836 564//836
f 570//837 538//837 532//837
f 571//838 539//838 533//838
f 571//839 533//839 565//839
f 572//840 540//840 133//840
f 572//841 133//841 135//841
f 573//842 534//842 566//842
f 573//843 541//843 534//843
f 574//844 535//844 567//844
f 574//845 549//845 542//845
f 574//846 542//846 535//846
f 575//847 536//847 568//847
f 575//848 543//848 536//848
f 576//849 537//849 569//849
f 576//850 544//850 537//850
f 577//851 545//851 570//851
f 578//852 546//852 539//852
f 578//853 539//853 571//853
f 579//854 547//854 540//854
f 579//855 540//855 572//855
f 580//856 541//856 573//856
f 580//857 548//857 541//857
f 581//858 549//858 574//858
f 582//859 550//859 543//859
f 582//860 543//860 575//860
f 583//861 544//861 576//861
f 583//862 551//862 544//862
f 583//863 559//863 551//863
f 584//864 545//864 577//864
f 584//865 552//865 545//865
f 585//866 546//866 578//866
f 585//867 553//867 546//867
f 586//868 547//868 579//868
f 586//869 554//869 547//869
f 587//870 548//870 580//870
f 587//871 555//871 548//871
f 588//872 589//872 557//872
f 588//873 549//873 581//873
f 588//874 557//874 556//874
f 588//875 556//875 549//875
f 590//876 550//876 582//876
f 590//877 558//877 550//877
f 591//878 559//878 583//878
f 592//879 566//879 560//879
f 592//880 552//880 584//880
f 592//881 560//881 552//881
f 593//882 561//882 553//882
f 593//883 553//883 585//883
f 594//884 562//884 554//884
f 594//885 554//885 586//885
f 595//886 563//886 555//886
f 595//887 555//887 587//887
f 596//888 564//888 558//888
f 596//889 558//889 590//889
f 597//890 559//890 591//890
f 597//891 565//891 559//891
f 598//892 573//892 566//892
f 598//893 566//893 592//893
f 599//894 567//894 561//894
f 599//895 561//895 593//895
f 600//896 568//896 562//896
f 600//897 562//897 594//897
f 601//898 569//898 563//898
f 601//899 563//899 595//899
f 602//900 570//900 564//900
f 602//901 564//901 596//901
f 603//902 565//902 597//902
f 603//903 571//903 565//903
f 603//904 578//904 571//904
f 604//905 572//905 135//905
f 604//906 135//906 137//906
f 604//907 137//907 139//907
f 605//908 573//908 598//908
f 606//909 574//909 567//909
f 606//910 567//910 599//910
f 607//911 568//911 600//911
f 607//912 582//912 575//912
f 607//913 575//913 568//913
f 608//914 576//914 569//914
f 608//915 569//915 601//915
f 609//916 570//916 602//916
f 609//917 577//917 570//917
f 610//918 578//918 603//918
f 610//919 585//919 578//919
f 611//920 572//920 604//920
f 611//921 579//921 572//921
f 612//922 573//922 605//922
f 612//923 580//923 573//923
f 613//924 574//924 606//924
f 613//925 581//925 574//925
f 614//926 582//926 607//926
f 615//927 576//927 608//927
f 615//928 583//928 576//928
f 616//929 584//929 577//929
f 616//930 577//930 609//930
f 617//931 585//931 610//931
f 618//932 579//932 611//932
f 618//933 586//933 579//933
f 618//934 594//934 586//934
f 619//935 587//935 580//935
f 619//936 580//936 612//936
f 620//937 621//937 589//937
f 620//938 622//938 621//938
f 620//939 581//939 613//939
f 620//940 589//940 588//940
f 620//941 588//941 581//941
f 623//942 582//942 614//942
f 623//943 590//943 582//943
f 624//944 591//944 583//944
f 624//945 583//945 615//945
f 625//946 584//946 616//946
f 625//947 592//947 584//947
f 626//948 599//948 593//948
f 626//949 593//949 585//949
f 626//950 585//950 617//950
f 627//951 600//951 594//951
f 627//952 594//952 618//952
f 628//953 601//953 595//953
f 628//954 587//954 619//954
f 628//955 595//955 587//955
f 629//956 596//956 590//956
f 629//957 590//957 623//957
f 630//958 591//958 624//958
f 630//959 597//959 591//959
f 631//960 592//960 625//960
f 631//961 598//961 592//961
f 632//962 606//962 599//962
f 632//963 599//963 626//963
f 633//964 600//964 627//964
f 634//965 601//965 628//965
f 635//966 602//966 596//966
f 635//967 596//967 629//967
f 636//968 603//968 597//968
f 636//969 597//969 630//969
f 637//970 604//970 139//970
f 638//971 605//971 598//971
f 638//972 598//972 631//972
f 639//973 606//973 632//973
f 640//974 614//974 607//974
f 640//975 600//975 633//975
f 640//976 607//976 600//976
f 641//977 608//977 601//977
f 641//978 615//978 608//978
f 641//979 601//979 634//979
f 642//980 609//980 602//980
f 642//981 602//981 635//981
f 643//982 603//982 636//982
f 643//983 610//983 603//983
f 644//984 611//984 604//984
f 644//985 604//985 637//985
f 645//986 605//986 638//986
f 645//987 612//987 605//987
f 646//988 606//988 639//988
f 646//989 613//989 606//989
f 647//990 614//990 640//990
f 648//991 615//991 641//991
f 649//992 609//992 642//992
f 649//993 616//993 609//993
f 650//994 610//994 643//994
f 650//995 617//995 610//995
f 651//996 611//996 644//996
f 651//997 618//997 611//997
f 652//998 612//998 645//998
f 652//999 619//999 612//999
f 653//1000 613//1000 646//1000
f 653//1001 620//1001 613//1001
f 653//1002 622//1002 620//1002
f 654//1003 614//1003 647//1003
f 654//1004 623//1004 614//1004
f 655//1005 615//1005 648//1005
f 655//1006 624//1006 615//1006
f 656//1007 616//1007 649//1007
f 656//1008 625//1008 616//1008
f 657//1009 617//1009 650//1009
f 657//1010 626//1010 617//1010
f 658//1011 618//1011 651//1011
f 658//1012 627//1012 618//1012
f 659//1013 628//1013 619//1013
f 659//1014 619//1014 652//1014
f 660//1015 623//1015 654//1015
f 660//1016 629//1016 623//1016
f 661//1017 624//1017 655//1017
f 661//1018 636//1018 630//1018
f 661//1019 630//1019 624//1019
f 662//1020 625//1020 656//1020
f 662//1021 631//1021 625//1021
f 663//1022 632//1022 626//1022
f 663//1023 626//1023 657//1023
f 664//1024 633//1024 627//1024
f 664//1025 627//1025 658//1025
f 665//1026 634//1026 628//1026
f 665//1027 628//1027 659//1027
f 666//1028 635//1028 629//1028
f 666//1029 629//1029 660//1029
f 667//1030 643//1030 636//1030
f 667//1031 636//1031 661//1031
f 668//1032 637//1032 139//1032
f 668//1033 139//1033 142//1033
f 668//1034 142//1034 144//1034
f 669//1035 638//1035 631//1035
f 669//1036 631//1036 662//1036
f 670//1037 639//1037 632//1037
f 670//1038 632//1038 663//1038
f 671//1039 640//1039 633//1039
f 671//1040 633//1040 664//1040
f 672//1041 634//1041 665//1041
f 672//1042 641//1042 634//1042
f 673//1043 642//1043 635//1043
f 673//1044 635//1044 666//1044
f 673//1045 649//1045 642//1045
f 674//1046 643//1046 667//1046
f 675//1047 637//1047 668//1047
f 675//1048 644//1048 637//1048
f 676//1049 645//1049 638//1049
f 676//1050 638//1050 669//1050
f 677//1051 646//1051 639//1051
f 677//1052 639//1052 670//1052
f 678//1053 647//1053 640//1053
f 678//1054 640//1054 671//1054
f 679//1055 655//1055 648//1055
f 679//1056 648//1056 641//1056
f 679//1057 641//1057 672//1057
f 680//1058 649//1058 673//1058
f 681//1059 643//1059 674//1059
f 681//1060 650//1060 643//1060
f 682//1061 644//1061 675//1061
f 682//1062 651//1062 644//1062
f 682//1063 658//1063 651//1063
f 683//1064 645//1064 676//1064
f 683//1065 652//1065 645//1065
f 684//1066 685//1066 622//1066
f 684//1067 646//1067 677//1067
f 684//1068 653//1068 646//1068
f 684//1069 622//1069 653//1069
f 686//1070 647//1070 678//1070
f 686//1071 654//1071 647//1071
f 687//1072 655//1072 679//1072
f 687//1073 661//1073 655//1073
f 688//1074 649//1074 680//1074
f 688//1075 656//1075 649//1075
f 689//1076 650//1076 681//1076
f 689//1077 663//1077 657//1077
f 689//1078 657//1078 650//1078
f 690//1079 664//1079 658//1079
f 690//1080 658//1080 682//1080
f 691//1081 652//1081 683//1081
f 691//1082 659//1082 652//1082
f 692//1083 654//1083 686//1083
f 692//1084 660//1084 654//1084
f 693//1085 661//1085 687//1085
f 694//1086 669//1086 662//1086
f 694//1087 662//1087 656//1087
f 694//1088 656//1088 688//1088
f 695//1089 663//1089 689//1089
f 696//1090 664//1090 690//1090
f 697//1091 665//1091 659//1091
f 697//1092 659//1092 691//1092
f 698//1093 666//1093 660//1093
f 698//1094 660//1094 692//1094
f 699//1095 667//1095 661//1095
f 699//1096 661//1096 693//1096
f 700//1097 675//1097 668//1097
f 700//1098 144//1098 146//1098
f 700//1099 668//1099 144//1099
f 701//1100 669//1100 694//1100
f 702//1101 670//1101 663//1101
f 702//1102 663//1102 695//1102
f 703//1103 671//1103 664//1103
f 703//1104 664//1104 696//1104
f 704//1105 679//1105 672//1105
f 704//1106 665//1106 697//1106
f 704//1107 672//1107 665//1107
f 705//1108 666//1108 698//1108
f 705//1109 673//1109 666//1109
f 706//1110 674//1110 667//1110
f 706//1111 667//1111 699//1111
f 707//1112 675//1112 700//1112
f 708//1113 676//1113 669//1113
f 708//1114 669//1114 701//1114
f 708//1115 683//1115 676//1115
f 709//1116 677//1116 670//1116
f 709//1117 670//1117 702//1117
f 710//1118 678//1118 671//1118
f 710//1119 671//1119 703//1119
f 710//1120 686//1120 678//1120
f 711//1121 679//1121 704//1121
f 712//1122 680//1122 673//1122
f 712//1123 673//1123 705//1123
f 713//1124 681//1124 674//1124
f 713//1125 674//1125 706//1125
f 714//1126 690//1126 682//1126
f 714//1127 682//1127 675//1127
f 714//1128 675//1128 707//1128
f 715//1129 683//1129 708//1129
f 716//1130 717//1130 685//1130
f 716//1131 685//1131 684//1131
f 716//1132 684//1132 677//1132
f 716//1133 677//1133 709//1133
f 718//1134 686//1134 710//1134
f 719//1135 687//1135 679//1135
f 719//1136 679//1136 711//1136
f 720//1137 680//1137 712//1137
f 720//1138 688//1138 680//1138
f 721//1139 689//1139 681//1139
f 721//1140 681//1140 713//1140
f 721//1141 695//1141 689//1141
f 722//1142 690//1142 714//1142
f 723//1143 683//1143 715//1143
f 723//1144 691//1144 683//1144
f 723//1145 697//1145 691//1145
f 724//1146 686//1146 718//1146
f 724//1147 692//1147 686//1147
f 724//1148 698//1148 692//1148
f 725//1149 693//1149 687//1149
f 725//1150 687//1150 719//1150
f 726//1151 694//1151 688//1151
f 726//1152 688//1152 720//1152
f 727//1153 695//1153 721//1153
f 728//1154 690//1154 722//1154
f 728//1155 696//1155 690//1155
f 729//1156 704//1156 697//1156
f 729//1157 697//1157 723//1157
f 730//1158 698//1158 724//1158
f 731//1159 693//1159 725//1159
f 731//1160 699//1160 693//1160
f 732//1161 700//1161 146//1161
f 733//1162 694//1162 726//1162
f 733//1163 701//1163 694//1163
f 734//1164 702//1164 695//1164
f 734//1165 695//1165 727//1165
f 735//1166 696//1166 728//1166
f 735//1167 703//1167 696//1167
f 736//1168 704//1168 729//1168
f 737//1169 712//1169 705//1169
f 737//1170 705//1170 698//1170
f 737//1171 698//1171 730//1171
f 738//1172 706//1172 699//1172
f 738//1173 713//1173 706//1173
f 738//1174 699//1174 731//1174
f 739//1175 700//1175 732//1175
f 739//1176 707//1176 700//1176
f 739//1177 714//1177 707//1177
f 740//1178 708//1178 701//1178
f 740//1179 701//1179 733//1179
f 741//1180 709//1180 702//1180
f 741//1181 702//1181 734//1181
f 742//1182 718//1182 710//1182
f 742//1183 710//1183 703//1183
f 742//1184 703//1184 735//1184
f 743//1185 704//1185 736//1185
f 743//1186 711//1186 704//1186
f 744//1187 712//1187 737//1187
f 745//1188 713//1188 738//1188
f 746//1189 714//1189 739//1189
f 746//1190 722//1190 714//1190
f 747//1191 708//1191 740//1191
f 747//1192 715//1192 708//1192
f 748//1193 709//1193 741//1193
f 748//1194 717//1194 716//1194
f 748//1195 749//1195 717//1195
f 748//1196 716//1196 709//1196
f 750//1197 718//1197 742//1197
f 751//1198 719//1198 711//1198
f 751//1199 711//1199 743//1199
f 752//1200 712//1200 744//1200
f 752//1201 720//1201 712//1201
f 752//1202 726//1202 720//1202
f 753//1203 721//1203 713//1203
f 753//1204 713//1204 745//1204
f 754//1205 722//1205 746//1205
f 754//1206 728//1206 722//1206
f 755//1207 715//1207 747//1207
f 755//1208 723//1208 715//1208
f 756//1209 718//1209 750//1209
f 756//1210 724//1210 718//1210
f 756//1211 730//1211 724//1211
f 757//1212 719//1212 751//1212
f 757//1213 725//1213 719//1213
f 757//1214 731//1214 725//1214
f 758//1215 726//1215 752//1215
f 759//1216 721//1216 753//1216
f 759//1217 727//1217 721//1217
f 760//1218 728//1218 754//1218
f 761//1219 729//1219 723//1219
f 761//1220 723//1220 755//1220
f 762//1221 730//1221 756//1221
f 762//1222 737//1222 730//1222
f 763//1223 731//1223 757//1223
f 763//1224 738//1224 731//1224
f 764//1225 146//1225 148//1225
f 764//1226 732//1226 146//1226
f 765//1227 733//1227 726//1227
f 765//1228 726//1228 758//1228
f 766//1229 727//1229 759//1229
f 766//1230 734//1230 727//1230
f 767//1231 728//1231 760//1231
f 767//1232 735//1232 728//1232
f 768//1233 729//1233 761//1233
f 768//1234 736//1234 729//1234
f 769//1235 737//1235 762//1235
f 769//1236 744//1236 737//1236
f 770//1237 738//1237 763//1237
f 771//1238 739//1238 732//1238
f 771//1239 732//1239 764//1239
f 772//1240 747//1240 740//1240
f 772//1241 740//1241 733//1241
f 772//1242 733//1242 765//1242
f 773//1243 748//1243 741//1243
f 773//1244 741//1244 734//1244
f 773//1245 734//1245 766//1245
f 774//1246 750//1246 742//1246
f 774//1247 742//1247 735//1247
f 774//1248 735//1248 767//1248
f 775//1249 743//1249 736//1249
f 775//1250 736//1250 768//1250
f 776//1251 744//1251 769//1251
f 777//1252 745//1252 738//1252
f 777//1253 753//1253 745//1253
f 777//1254 738//1254 770//1254
f 778//1255 746//1255 739//1255
f 778//1256 739//1256 771//1256
f 779//1257 747//1257 772//1257
f 780//1258 781//1258 749//1258
f 780//1259 749//1259 748//1259
f 780//1260 748//1260 773//1260
f 782//1261 750//1261 774//1261
f 783//1262 743//1262 775//1262
f 783//1263 751//1263 743//1263
f 784//1264 752//1264 744//1264
f 784//1265 758//1265 752//1265
f 784//1266 744//1266 776//1266
f 785//1267 753//1267 777//1267
f 786//1268 754//1268 746//1268
f 786//1269 746//1269 778//1269
f 787//1270 747//1270 779//1270
f 787//1271 755//1271 747//1271
f 787//1272 761//1272 755//1272
f 788//1273 750//1273 782//1273
f 788//1274 756//1274 750//1274
f 789//1275 751//1275 783//1275
f 789//1276 757//1276 751//1276
f 790//1277 758//1277 784//1277
f 791//1278 753//1278 785//1278
f 791//1279 759//1279 753//1279
f 792//1280 760//1280 754//1280
f 792//1281 754//1281 786//1281
f 793//1282 761//1282 787//1282
f 793//1283 768//1283 761//1283
f 794//1284 756//1284 788//1284
f 794//1285 762//1285 756//1285
f 795//1286 757//1286 789//1286
f 795//1287 763//1287 757//1287
f 796//1288 771//1288 764//1288
f 796//1289 148//1289 150//1289
f 796//1290 764//1290 148//1290
f 797//1291 758//1291 790//1291
f 797//1292 765//1292 758//1292
f 798//1293 759//1293 791//1293
f 798//1294 766//1294 759//1294
f 799//1295 760//1295 792//1295
f 799//1296 767//1296 760//1296
f 800//1297 768//1297 793//1297
f 801//1298 776//1298 769//1298
f 801//1299 769//1299 762//1299
f 801//1300 762//1300 794//1300
f 802//1301 770//1301 763//1301
f 802//1302 763//1302 795//1302
f 803//1303 778//1303 771//1303
f 803//1304 771//1304 796//1304
f 804//1305 772//1305 765//1305
f 804//1306 779//1306 772//1306
f 804//1307 765//1307 797//1307
f 805//1308 780//1308 773//1308
f 805//1309 773//1309 766//1309
f 805//1310 766//1310 798//1310
f 806//1311 774//1311 767//1311
f 806//1312 782//1312 774//1312
f 806//1313 767//1313 799//1313
f 807//1314 775//1314 768//1314
f 807//1315 768//1315 800//1315
f 808//1316 776//1316 801//1316
f 809//1317 777//1317 770//1317
f 809//1318 770//1318 802//1318
f 810//1319 778//1319 803//1319
f 811//1320 779//1320 804//1320
f 812//1321 781//1321 780//1321
f 812//1322 813//1322 781//1322
f 812//1323 780//1323 805//1323
f 814//1324 782//1324 806//1324
f 815//1325 783//1325 775//1325
f 815//1326 775//1326 807//1326
f 816//1327 790//1327 784//1327
f 816//1328 776//1328 808//1328
f 816//1329 784//1329 776//1329
f 817//1330 777//1330 809//1330
f 817//1331 785//1331 777//1331
f 818//1332 778//1332 810//1332
f 818//1333 792//1333 786//1333
f 818//1334 786//1334 778//1334
f 819//1335 779//1335 811//1335
f 819//1336 787//1336 779//1336
f 819//1337 793//1337 787//1337
f 820//1338 788//1338 782//1338
f 820//1339 794//1339 788//1339
f 820//1340 782//1340 814//1340
f 821//1341 789//1341 783//1341
f 821//1342 783//1342 815//1342
f 822//1343 790//1343 816//1343
f 823//1344 785//1344 817//1344
f 823//1345 791//1345 785//1345
f 824//1346 792//1346 818//1346
f 825//1347 800//1347 793//1347
f 825//1348 793//1348 819//1348
f 826//1349 794//1349 820//1349
f 827//1350 795//1350 789//1350
f 827//1351 789//1351 821//1351
f 827//1352 802//1352 795//1352
f 828//1353 150//1353 153//1353
f 828//1354 803//1354 796//1354
f 828//1355 796//1355 150//1355
f 829//1356 797//1356 790//1356
f 829//1357 790//1357 822//1357
f 830//1358 791//1358 823//1358
f 830//1359 798//1359 791//1359
f 831//1360 792//1360 824//1360
f 831//1361 799//1361 792//1361
f 832//1362 807//1362 800//1362
f 832//1363 800//1363 825//1363
f 833//1364 794//1364 826//1364
f 833//1365 801//1365 794//1365
f 834//1366 802//1366 827//1366
f 835//1367 803//1367 828//1367
f 836//1368 804//1368 797//1368
f 836//1369 797//1369 829//1369
f 837//1370 798//1370 830//1370
f 837//1371 805//1371 798//1371
f 838//1372 806//1372 799//1372
f 838//1373 799//1373 831//1373
f 839//1374 807//1374 832//1374
f 840//1375 808//1375 801//1375
f 840//1376 801//1376 833//1376
f 841//1377 817//1377 809//1377
f 841//1378 809//1378 802//1378
f 841//1379 802//1379 834//1379
f 842//1380 810//1380 803//1380
f 842//1381 803//1381 835//1381
f 843//1382 811//1382 804//1382
f 843//1383 804//1383 836//1383
f 844//1384 812//1384 805//1384
f 844//1385 805//1385 837//1385
f 844//1386 813//1386 812//1386
f 844//1387 845//1387 813//1387
f 846//1388 820//1388 814//1388
f 846//1389 814//1389 806//1389
f 846//1390 806//1390 838//1390
f 847//1391 807//1391 839//1391
f 847//1392 821//1392 815//1392
f 847//1393 815//1393 807//1393
f 848//1394 816//1394 808//1394
f 848//1395 808//1395 840//1395
f 849//1396 817//1396 841//1396
f 850//1397 818//1397 810//1397
f 850//1398 810//1398 842//1398
f 851//1399 811//1399 843//1399
f 851//1400 819//1400 811//1400
f 852//1401 820//1401 846//1401
f 853//1402 821//1402 847//1402
f 854//1403 822//1403 816//1403
f 854//1404 816//1404 848//1404
f 855//1405 823//1405 817//1405
f 855//1406 817//1406 849//1406
f 856//1407 824//1407 818//1407
f 856//1408 818//1408 850//1408
f 857//1409 819//1409 851//1409
f 857//1410 832//1410 825//1410
f 857//1411 825//1411 819//1411
f 858//1412 820//1412 852//1412
f 858//1413 826//1413 820//1413
f 858//1414 833//1414 826//1414
f 859//1415 827//1415 821//1415
f 859//1416 821//1416 853//1416
f 859//1417 834//1417 827//1417
f 860//1418 153//1418 155//1418
f 860//1419 155//1419 157//1419
f 860//1420 828//1420 153//1420
f 861//1421 822//1421 854//1421
f 861//1422 829//1422 822//1422
f 862//1423 823//1423 855//1423
f 862//1424 837//1424 830//1424
f 862//1425 830//1425 823//1425
f 863//1426 824//1426 856//1426
f 863//1427 831//1427 824//1427
f 863//1428 838//1428 831//1428
f 864//1429 832//1429 857//1429
f 865//1430 833//1430 858//1430
f 866//1431 834//1431 859//1431
f 867//1432 835//1432 828//1432
f 867//1433 828//1433 860//1433
f 868//1434 843//1434 836//1434
f 868//1435 829//1435 861//1435
f 868//1436 836//1436 829//1436
f 869//1437 837//1437 862//1437
f 870//1438 846//1438 838//1438
f 870//1439 838//1439 863//1439
f 871//1440 832//1440 864//1440
f 871//1441 839//1441 832//1441
f 872//1442 840//1442 833//1442
f 872//1443 833//1443 865//1443
f 873//1444 849//1444 841//1444
f 873//1445 841//1445 834//1445
f 873//1446 834//1446 866//1446
f 874//1447 835//1447 867//1447
f 874//1448 842//1448 835//1448
f 875//1449 843//1449 868//1449
f 876//1450 845//1450 844//1450
f 876//1451 877//1451 845//1451
f 876//1452 844//1452 837//1452
f 876//1453 837//1453 869//1453
f 878//1454 846//1454 870//1454
f 879//1455 839//1455 871//1455
f 879//1456 847//1456 839//1456
f 880//1457 848//1457 840//1457
f 880//1458 840//1458 872//1458
f 881//1459 849//1459 873//1459
f 882//1460 856//1460 850//1460
f 882//1461 842//1461 874//1461
f 882//1462 850//1462 842//1462
f 883//1463 851//1463 843//1463
f 883//1464 843//1464 875//1464
f 883//1465 857//1465 851//1465
f 884//1466 846//1466 878//1466
f 884//1467 852//1467 846//1467
f 885//1468 853//1468 847//1468
f 885//1469 847//1469 879//1469
f 886//1470 848//1470 880//1470
f 886//1471 854//1471 848//1471
f 887//1472 855//1472 849//1472
f 887//1473 849//1473 881//1473
f 888//1474 856//1474 882//1474
f 889//1475 857//1475 883//1475
f 890//1476 852//1476 884//1476
f 890//1477 858//1477 852//1477
f 890//1478 865//1478 858//1478
f 891//1479 853//1479 885//1479
f 891//1480 859//1480 853//1480
f 891//1481 866//1481 859//1481
f 892//1482 860//1482 157//1482
f 892//1483 867//1483 860//1483
f 893//1484 861//1484 854//1484
f 893//1485 854//1485 886//1485
f 894//1486 862//1486 855//1486
f 894//1487 855//1487 887//1487
f 894//1488 869//1488 862//1488
f 895//1489 856//1489 888//1489
f 895//1490 863//1490 856//1490
f 896//1491 857//1491 889//1491
f 896//1492 864//1492 857//1492
f 897//1493 865//1493 890//1493
f 898//1494 866//1494 891//1494
f 899//1495 867//1495 892//1495
f 900//1496 868//1496 861//1496
f 900//1497 861//1497 893//1497
f 901//1498 869//1498 894//1498
f 902//1499 870//1499 863//1499
f 902//1500 863//1500 895//1500
f 903//1501 864//1501 896//1501
f 903//1502 871//1502 864//1502
f 904//1503 865//1503 897//1503
f 904//1504 872//1504 865//1504
f 905//1505 873//1505 866//1505
f 905//1506 866//1506 898//1506
f 906//1507 874//1507 867//1507
f 906//1508 867//1508 899//1508
f 907//1509 883//1509 875//1509
f 907//1510 868//1510 900//1510
f 907//1511 875//1511 868//1511
f 908//1512 876//1512 869//1512
f 908//1513 877//1513 876//1513
f 908//1514 909//1514 877//1514
f 908//1515 869//1515 901//1515
f 910//1516 870//1516 902//1516
f 910//1517 878//1517 870//1517
f 911//1518 871//1518 903//1518
f 911//1519 879//1519 871//1519
f 912//1520 880//1520 872//1520
f 912//1521 886//1521 880//1521
f 912//1522 872//1522 904//1522
f 913//1523 887//1523 881//1523
f 913//1524 873//1524 905//1524
f 913//1525 881//1525 873//1525
f 914//1526 882//1526 874//1526
f 914//1527 874//1527 906//1527
f 915//1528 883//1528 907//1528
f 916//1529 878//1529 910//1529
f 916//1530 884//1530 878//1530
f 917//1531 885//1531 879//1531
f 917//1532 879//1532 911//1532
f 918//1533 886//1533 912//1533
f 918//1534 893//1534 886//1534
f 919//1535 887//1535 913//1535
f 920//1536 882//1536 914//1536
f 920//1537 888//1537 882//1537
f 921//1538 883//1538 915//1538
f 921//1539 889//1539 883//1539
f 922//1540 884//1540 916//1540
f 922//1541 890//1541 884//1541
f 923//1542 885//1542 917//1542
f 923//1543 891//1543 885//1543
f 924//1544 892//1544 157//1544
f 924//1545 157//1545 159//1545
f 925//1546 893//1546 918//1546
f 926//1547 887//1547 919//1547
f 926//1548 894//1548 887//1548
f 926//1549 901//1549 894//1549
f 927//1550 895//1550 888//1550
f 927//1551 888//1551 920//1551
f 928//1552 896//1552 889//1552
f 928//1553 889//1553 921//1553
f 929//1554 897//1554 890//1554
f 929//1555 890//1555 922//1555
f 930//1556 891//1556 923//1556
f 930//1557 898//1557 891//1557
f 931//1558 899//1558 892//1558
f 931//1559 892//1559 924//1559
f 932//1560 893//1560 925//1560
f 932//1561 900//1561 893//1561
f 933//1562 901//1562 926//1562
f 934//1563 895//1563 927//1563
f 934//1564 902//1564 895//1564
f 935//1565 896//1565 928//1565
f 935//1566 903//1566 896//1566
f 936//1567 897//1567 929//1567
f 936//1568 904//1568 897//1568
f 937//1569 898//1569 930//1569
f 937//1570 905//1570 898//1570
f 938//1571 899//1571 931//1571
f 938//1572 906//1572 899//1572
f 939//1573 900//1573 932//1573
f 939//1574 907//1574 900//1574
f 940//1575 909//1575 908//1575
f 940//1576 908//1576 901//1576
f 940//1577 941//1577 909//1577
f 940//1578 901//1578 933//1578
f 942//1579 910//1579 902//1579
f 942//1580 902//1580 934//1580
f 943//1581 903//1581 935//1581
f 943//1582 911//1582 903//1582
f 944//1583 912//1583 904//1583
f 944//1584 904//1584 936//1584
f 945//1585 919//1585 913//1585
f 945//1586 905//1586 937//1586
f 945//1587 913//1587 905//1587
f 946//1588 914//1588 906//1588
f 946//1589 906//1589 938//1589
f 947//1590 921//1590 915//1590
f 947//1591 915//1591 907//1591
f 947//1592 907//1592 939//1592
f 948//1593 910//1593 942//1593
f 948//1594 916//1594 910//1594
f 949//1595 917//1595 911//1595
f 949//1596 911//1596 943//1596
f 950//1597 918//1597 912//1597
f 950//1598 912//1598 944//1598
f 951//1599 919//1599 945//1599
f 952//1600 920//1600 914//1600
f 952//1601 914//1601 946//1601
f 953//1602 921//1602 947//1602
f 954//1603 916//1603 948//1603
f 954//1604 922//1604 916//1604
f 955//1605 917//1605 949//1605
f 955//1606 923//1606 917//1606
f 956//1607 924//1607 159//1607
f 956//1608 159//1608 162//1608
f 956//1609 931//1609 924//1609
f 957//1610 925//1610 918//1610
f 957//1611 918//1611 950//1611
f 958//1612 926//1612 919//1612
f 958//1613 919//1613 951//1613
f 959//1614 934//1614 927//1614
f 959//1615 927//1615 920//1615
f 959//1616 920//1616 952//1616
f 960//1617 928//1617 921//1617
f 960//1618 921//1618 953//1618
f 961//1619 922//1619 954//1619
f 961//1620 929//1620 922//1620
f 962//1621 923//1621 955//1621
f 962//1622 930//1622 923//1622
f 963//1623 931//1623 956//1623
f 964//1624 939//1624 932//1624
f 964//1625 932//1625 925//1625
f 964//1626 925//1626 957//1626
f 965//1627 926//1627 958//1627
f 965//1628 933//1628 926//1628
f 965//1629 940//1629 933//1629
f 966//1630 934//1630 959//1630
f 966//1631 942//1631 934//1631
f 967//1632 935//1632 928//1632
f 967//1633 928//1633 960//1633
f 967//1634 943//1634 935//1634
f 968//1635 929//1635 961//1635
f 968//1636 936//1636 929//1636
f 969//1637 930//1637 962//1637
f 969//1638 937//1638 930//1638
f 970//1639 938//1639 931//1639
f 970//1640 931//1640 963//1640
f 971//1641 939//1641 964//1641
f 972//1642 973//1642 941//1642
f 972//1643 974//1643 973//1643
f 972//1644 940//1644 965//1644
f 972//1645 941//1645 940//1645
f 975//1646 942//1646 966//1646
f 976//1647 949//1647 943//1647
f 976//1648 943//1648 967//1648
f 977//1649 944//1649 936//1649
f 977//1650 936//1650 968//1650
f 978//1651 945//1651 937//1651
f 978//1652 937//1652 969//1652
f 979//1653 952//1653 946//1653
f 979//1654 946//1654 938//1654
f 979//1655 938//1655 970//1655
f 980//1656 947//1656 939//1656
f 980//1657 939//1657 971//1657
f 981//1658 942//1658 975//1658
f 981//1659 948//1659 942//1659
f 982//1660 949//1660 976//1660
f 983//1661 950//1661 944//1661
f 983//1662 944//1662 977//1662
f 984//1663 951//1663 945//1663
f 984//1664 958//1664 951//1664
f 984//1665 945//1665 978//1665
f 985//1666 952//1666 979//1666
f 986//1667 947//1667 980//1667
f 986//1668 953//1668 947//1668
f 987//1669 948//1669 981//1669
f 987//1670 961//1670 954//1670
f 987//1671 954//1671 948//1671
f 988//1672 955//1672 949//1672
f 988//1673 949//1673 982//1673
f 989//1674 956//1674 162//1674
f 989//1675 162//1675 164//1675
f 990//1676 950//1676 983//1676
f 990//1677 957//1677 950//1677
f 991//1678 958//1678 984//1678
f 992//1679 952//1679 985//1679
f 992//1680 959//1680 952//1680
f 993//1681 953//1681 986//1681
f 993//1682 960//1682 953//1682
f 994//1683 961//1683 987//1683
f 995//1684 969//1684 962//1684
f 995//1685 962//1685 955//1685
f 995//1686 955//1686 988//1686
f 996//1687 963//1687 956//1687
f 996//1688 956//1688 989//1688
f 996//1689 970//1689 963//1689
f 997//1690 957//1690 990//1690
f 997//1691 964//1691 957//1691
f 998//1692 958//1692 991//1692
f 998//1693 965//1693 958//1693
f 998//1694 972//1694 965//1694
f 999//1695 959//1695 992//1695
f 999//1696 966//1696 959//1696
f 1000//1697 967//1697 960//1697
f 1000//1698 960//1698 993//1698
f 1001//1699 968//1699 961//1699
f 1001//1700 977//1700 968//1700
f 1001//1701 961//1701 994//1701
f 1002//1702 969//1702 995//1702
f 1003//1703 970//1703 996//1703
f 1004//1704 964//1704 997//1704
f 1004//1705 971//1705 964//1705
f 1005//1706 972//1706 998//1706
f 1005//1707 974//1707 972//1707
f 1006//1708 975//1708 966//1708
f 1006//1709 966//1709 999//1709
f 1007//1710 967//1710 1000//1710
f 1007//1711 976//1711 967//1711
f 1008//1712 977//1712 1001//1712
f 1008//1713 983//1713 977//1713
f 1009//1714 969//1714 1002//1714
f 1009//1715 978//1715 969//1715
f 1010//1716 985//1716 979//1716
f 1010//1717 970//1717 1003//1717
f 1010//1718 979//1718 970//1718
f 1011//1719 971//1719 1004//1719
f 1011//1720 980//1720 971//1720
f 1012//1721 981//1721 975//1721
f 1012//1722 975//1722 1006//1722
f 1013//1723 982//1723 976//1723
f 1013//1724 976//1724 1007//1724
f 1014//1725 990//1725 983//1725
f 1014//1726 983//1726 1008//1726
f 1015//1727 991//1727 984//1727
f 1015//1728 984//1728 978//1728
f 1015//1729 978//1729 1009//1729
f 1016//1730 985//1730 1010//1730
f 1017//1731 986//1731 980//1731
f 1017//1732 980//1732 1011//1732
f 1018//1733 981//1733 1012//1733
f 1018//1734 994//1734 987//1734
f 1018//1735 987//1735 981//1735
f 1019//1736 982//1736 1013//1736
f 1019//1737 988//1737 982//1737
f 1020//1738 989//1738 164//1738
f 1020//1739 164//1739 173//1739
f 1021//1740 990//1740 1014//1740
f 1022//1741 998//1741 991//1741
f 1022//1742 991//1742 1015//1742
f 1023//1743 992//1743 985//1743
f 1023//1744 999//1744 992//1744
f 1023//1745 985//1745 1016//1745
f 1024//1746 986//1746 1017//1746
f 1024//1747 993//1747 986//1747
f 1025//1748 994//1748 1018//1748
f 1026//1749 988//1749 1019//1749
f 1026//1750 995//1750 988//1750
f 1027//1751 989//1751 1020//1751
f 1027//1752 996//1752 989//1752
f 1028//1753 990//1753 1021//1753
f 1028//1754 997//1754 990//1754
f 1028//1755 1004//1755 997//1755
f 1029//1756 998//1756 1022//1756
f 1030//1757 999//1757 1023//1757
f 1030//1758 1006//1758 999//1758
f 1031//1759 993//1759 1024//1759
f 1031//1760 1000//1760 993//1760
f 1032//1761 994//1761 1025//1761
f 1032//1762 1001//1762 994//1762
f 1033//1763 995//1763 1026//1763
f 1033//1764 1002//1764 995//1764
f 1034//1765 1003//1765 996//1765
f 1034//1766 996//1766 1027//1766
f 1035//1767 1004//1767 1028//1767
f 1036//1768 1037//1768 974//1768
f 1036//1769 1038//1769 1037//1769
f 1036//1770 998//1770 1029//1770
f 1036//1771 1005//1771 998//1771
f 1036//1772 974//1772 1005//1772
f 1039//1773 1006//1773 1030//1773
f 1040//1774 1007//1774 1000//1774
f 1040//1775 1000//1775 1031//1775
f 1041//1776 1001//1776 1032//1776
f 1041//1777 1008//1777 1001//1777
f 1042//1778 1002//1778 1033//1778
f 1042//1779 1009//1779 1002//1779
f 1043//1780 1003//1780 1034//1780
f 1043//1781 1010//1781 1003//1781
f 1044//1782 1004//1782 1035//1782
f 1044//1783 1011//1783 1004//1783
f 1045//1784 1006//1784 1039//1784
f 1045//1785 1012//1785 1006//1785
f 1046//1786 1013//1786 1007//1786
f 1046//1787 1007//1787 1040//1787
f 1047//1788 1014//1788 1008//1788
f 1047//1789 1008//1789 1041//1789
f 1048//1790 1009//1790 1042//1790
f 1048//1791 1015//1791 1009//1791
f 1049//1792 1010//1792 1043//1792
f 1049//1793 1016//1793 1010//1793
f 1050//1794 1017//1794 1011//1794
f 1050//1795 1024//1795 1017//1795
f 1050//1796 1011//1796 1044//1796
f 1051//1797 1012//1797 1045//1797
f 1051//1798 1018//1798 1012//1798
f 1052//1799 1019//1799 1013//1799
f 1052//1800 1013//1800 1046//1800
f 1053//1801 1020//1801 173//1801
f 1053//1802 173//1802 178//1802
f 1053//1803 1027//1803 1020//1803
f 1054//1804 1021//1804 1014//1804
f 1054//1805 1014//1805 1047//1805
f 1055//1806 1022//1806 1015//1806
f 1055//1807 1015//1807 1048//1807
f 1056//1808 1023//1808 1016//1808
f 1056//1809 1016//1809 1049//1809
f 1056//1810 1030//1810 1023//1810
f 1057//1811 1024//1811 1050//1811
f 1058//1812 1025//1812 1018//1812
f 1058//1813 1018//1813 1051//1813
f 1059//1814 1019//1814 1052//1814
f 1059//1815 1026//1815 1019//1815
f 1060//1816 1027//1816 1053//1816
f 1061//1817 1021//1817 1054//1817
f 1061//1818 1028//1818 1021//1818
f 1062//1819 1029//1819 1022//1819
f 1062//1820 1022//1820 1055//1820
f 1063//1821 1030//1821 1056//1821
f 1064//1822 1031//1822 1024//1822
f 1064//1823 1024//1823 1057//1823
f 1065//1824 1025//1824 1058//1824
f 1065//1825 1032//1825 1025//1825
f 1065//1826 1041//1826 1032//1826
f 1066//1827 1033//1827 1026//1827
f 1066//1828 1026//1828 1059//1828
f 1067//1829 1027//1829 1060//1829
f 1067//1830 1034//1830 1027//1830
f 1068//1831 1028//1831 1061//1831
f 1068//1832 1035//1832 1028//1832
f 1069//1833 1029//1833 1062//1833
f 1069//1834 1038//1834 1036//1834
f 1069//1835 1036//1835 1029//1835
f 1070//1836 1030//1836 1063//1836
f 1070//1837 1039//1837 1030//1837
f 1071//1838 1040//1838 1031//1838
f 1071//1839 1046//1839 1040//1839
f 1071//1840 1031//1840 1064//1840
f 1072//1841 1041//1841 1065//1841
f 1072//1842 1047//1842 1041//1842
f 1073//1843 1033//1843 1066//1843
f 1073//1844 1042//1844 1033//1844
f 1074//1845 1043//1845 1034//1845
f 1074//1846 1034//1846 1067//1846
f 1075//1847 1035//1847 1068//1847
f 1075//1848 1044//1848 1035//1848
f 1076//1849 1051//1849 1045//1849
f 1076//1850 1039//1850 1070//1850
f 1076//1851 1045//1851 1039//1851
f 1077//1852 1046//1852 1071//1852
f 1078//1853 1047//1853 1072//1853
f 1079//1854 1048//1854 1042//1854
f 1079//1855 1042//1855 1073//1855
f 1080//1856 1043//1856 1074//1856
f 1080//1857 1049//1857 1043//1857
f 1081//1858 1050//1858 1044//1858
f 1081//1859 1044//1859 1075//1859
f 1082//1860 1058//1860 1051//1860
f 1082//1861 1051//1861 1076//1861
f 1083//1862 1052//1862 1046//1862
f 1083//1863 1046//1863 1077//1863
f 1084//1864 1053//1864 178//1864
f 1084//1865 178//1865 183//1865
f 1085//1866 1054//1866 1047//1866
f 1085//1867 1047//1867 1078//1867
f 1085//1868 1061//1868 1054//1868
f 1086//1869 1048//1869 1079//1869
f 1086//1870 1055//1870 1048//1870
f 1087//1871 1056//1871 1049//1871
f 1087//1872 1049//1872 1080//1872
f 1088//1873 1050//1873 1081//1873
f 1088//1874 1057//1874 1050//1874
f 1089//1875 1058//1875 1082//1875
f 1090//1876 1066//1876 1059//1876
f 1090//1877 1052//1877 1083//1877
f 1090//1878 1059//1878 1052//1878
f 1091//1879 1060//1879 1053//1879
f 1091//1880 1053//1880 1084//1880
f 1092//1881 1068//1881 1061//1881
f 1092//1882 1061//1882 1085//1882
f 1093//1883 1055//1883 1086//1883
f 1093//1884 1062//1884 1055//1884
f 1094//1885 1056//1885 1087//1885
f 1094//1886 1063//1886 1056//1886
f 1095//1887 1064//1887 1057//1887
f 1095//1888 1057//1888 1088//1888
f 1096//1889 1065//1889 1058//1889
f 1096//1890 1058//1890 1089//1890
f 1097//1891 1066//1891 1090//1891
f 1098//1892 1074//1892 1067//1892
f 1098//1893 1067//1893 1060//1893
f 1098//1894 1060//1894 1091//1894
f 1099//1895 1068//1895 1092//1895
f 1100//1896 1062//1896 1093//1896
f 1100//1897 1069//1897 1062//1897
f 1100//1898 1101//1898 1038//1898
f 1100//1899 1038//1899 1069//1899
f 1102//1900 1070//1900 1063//1900
f 1102//1901 1063//1901 1094//1901
f 1103//1902 1071//1902 1064//1902
f 1103//1903 1064//1903 1095//1903
f 1104//1904 1065//1904 1096//1904
f 1104//1905 1072//1905 1065//1905
f 1105//1906 1066//1906 1097//1906
f 1105//1907 1073//1907 1066//1907
f 1105//1908 1079//1908 1073//1908
f 1106//1909 1074//1909 1098//1909
f 1106//1910 1080//1910 1074//1910
f 1107//1911 1068//1911 1099//1911
f 1107//1912 1075//1912 1068//1912
f 1108//1913 1076//1913 1070//1913
f 1108//1914 1070//1914 1102//1914
f 1109//1915 1071//1915 1103//1915
f 1109//1916 1077//1916 1071//1916
f 1110//1917 1078//1917 1072//1917
f 1110//1918 1072//1918 1104//1918
f 1111//1919 1079//1919 1105//1919
f 1111//1920 1086//1920 1079//1920
f 1112//1921 1080//1921 1106//1921
f 1113//1922 1081//1922 1075//1922
f 1113//1923 1075//1923 1107//1923
f 1113//1924 1088//1924 1081//1924
f 1114//1925 1076//1925 1108//1925
f 1114//1926 1082//1926 1076//1926
f 1115//1927 1083//1927 1077//1927
f 1115//1928 1077//1928 1109//1928
f 1116//1929 1084//1929 183//1929
f 1116//1930 183//1930 189//1930
f 1116//1931 189//1931 196//1931
f 1117//1932 1085//1932 1078//1932
f 1117//1933 1078//1933 1110//1933
f 1117//1934 1092//1934 1085//1934
f 1118//1935 1086//1935 1111//1935
f 1119//1936 1094//1936 1087//1936
f 1119//1937 1080//1937 1112//1937
f 1119//1938 1087//1938 1080//1938
f 1120//1939 1088//1939 1113//1939
f 1121//1940 1089//1940 1082//1940
f 1121//1941 1082//1941 1114//1941
f 1122//1942 1090//1942 1083//1942
f 1122//1943 1083//1943 1115//1943
f 1123//1944 1091//1944 1084//1944
f 1123//1945 1084//1945 1116//1945
f 1124//1946 1092//1946 1117//1946
f 1125//1947 1093//1947 1086//1947
f 1125//1948 1100//1948 1093//1948
f 1125//1949 1086//1949 1118//1949
f 1126//1950 1094//1950 1119//1950
f 1127//1951 1095//1951 1088//1951
f 1127//1952 1088//1952 1120//1952
f 1128//1953 1096//1953 1089//1953
f 1128//1954 1089//1954 1121//1954
f 1129//1955 1090//1955 1122//1955
f 1129//1956 1097//1956 1090//1956
f 1130//1957 1091//1957 1123//1957
f 1130//1958 1098//1958 1091//1958
f 1131//1959 1092//1959 1124//1959
f 1131//1960 1099//1960 1092//1960
f 1132//1961 1100//1961 1125//1961
f 1132//1962 1133//1962 1101//1962
f 1132//1963 1101//1963 1100//1963
f 1134//1964 1102//1964 1094//1964
f 1134//1965 1094//1965 1126//1965
f 1135//1966 1095//1966 1127//1966
f 1135//1967 1109//1967 1103//1967
f 1135//1968 1103//1968 1095//1968
f 1136//1969 1104//1969 1096//1969
f 1136//1970 1096//1970 1128//1970
f 1137//1971 1097//1971 1129//1971
f 1137//1972 1105//1972 1097//1972
f 1138//1973 1098//1973 1130//1973
f 1138//1974 1106//1974 1098//1974
f 1138//1975 1112//1975 1106//1975
f 1139//1976 1107//1976 1099//1976
f 1139//1977 1099//1977 1131//1977
f 1140//1978 1102//1978 1134//1978
f 1140//1979 1108//1979 1102//1979
f 1140//1980 1114//1980 1108//1980
f 1141//1981 1109//1981 1135//1981
f 1142//1982 1104//1982 1136//1982
f 1142//1983 1110//1983 1104//1983
f 1143//1984 1111//1984 1105//1984
f 1143//1985 1105//1985 1137//1985
f 1144//1986 1112//1986 1138//1986
f 1145//1987 1107//1987 1139//1987
f 1145//1988 1113//1988 1107//1988
f 1146//1989 1114//1989 1140//1989
f 1147//1990 1109//1990 1141//1990
f 1147//1991 1115//1991 1109//1991
f 1147//1992 1122//1992 1115//1992
f 1148//1993 1116//1993 196//1993
f 1148//1994 1123//1994 1116//1994
f 1149//1995 1117//1995 1110//1995
f 1149//1996 1110//1996 1142//1996
f 1150//1997 1111//1997 1143//1997
f 1150//1998 1118//1998 1111//1998
f 1151//1999 1119//1999 1112//1999
f 1151//2000 1112//2000 1144//2000
f 1152//2001 1127//2001 1120//2001
f 1152//2002 1120//2002 1113//2002
f 1152//2003 1113//2003 1145//2003
f 1153//2004 1121//2004 1114//2004
f 1153//2005 1114//2005 1146//2005
f 1154//2006 1129//2006 1122//2006
f 1154//2007 1122//2007 1147//2007
f 1155//2008 1123//2008 1148//2008
f 1156//2009 1117//2009 1149//2009
f 1156//2010 1124//2010 1117//2010
f 1157//2011 1125//2011 1118//2011
f 1157//2012 1118//2012 1150//2012
f 1158//2013 1126//2013 1119//2013
f 1158//2014 1119//2014 1151//2014
f 1159//2015 1127//2015 1152//2015
f 1160//2016 1136//2016 1128//2016
f 1160//2017 1128//2017 1121//2017
f 1160//2018 1121//2018 1153//2018
f 1161//2019 1137//2019 1129//2019
f 1161//2020 1129//2020 1154//2020
f 1162//2021 1123//2021 1155//2021
f 1162//2022 1130//2022 1123//2022
f 1163//2023 1124//2023 1156//2023
f 1163//2024 1131//2024 1124//2024
f 1164//2025 1125//2025 1157//2025
f 1164//2026 1132//2026 1125//2026
f 1164//2027 1133//2027 1132//2027
f 1164//2028 1165//2028 1133//2028
f 1166//2029 1134//2029 1126//2029
f 1166//2030 1126//2030 1158//2030
f 1167//2031 1135//2031 1127//2031
f 1167//2032 1127//2032 1159//2032
f 1168//2033 1136//2033 1160//2033
f 1169//2034 1137//2034 1161//2034
f 1170//2035 1138//2035 1130//2035
f 1170//2036 1144//2036 1138//2036
f 1170//2037 1130//2037 1162//2037
f 1171//2038 1131//2038 1163//2038
f 1171//2039 1139//2039 1131//2039
f 1172//2040 1140//2040 1134//2040
f 1172//2041 1134//2041 1166//2041
f 1173//2042 1135//2042 1167//2042
f 1173//2043 1141//2043 1135//2043
f 1174//2044 1136//2044 1168//2044
f 1174//2045 1142//2045 1136//2045
f 1175//2046 1137//2046 1169//2046
f 1175//2047 1143//2047 1137//2047
f 1175//2048 1150//2048 1143//2048
f 1176//2049 1144//2049 1170//2049
f 1177//2050 1139//2050 1171//2050
f 1177//2051 1145//2051 1139//2051
f 1178//2052 1140//2052 1172//2052
f 1178//2053 1146//2053 1140//2053
f 1179//2054 1141//2054 1173//2054
f 1179//2055 1147//2055 1141//2055
f 1180//2056 1148//2056 196//2056
f 1180//2057 196//2057 202//2057
f 1181//2058 1142//2058 1174//2058
f 1181//2059 1149//2059 1142//2059
f 1181//2060 1156//2060 1149//2060
f 1182//2061 1150//2061 1175//2061
f 1183//2062 1151//2062 1144//2062
f 1183//2063 1144//2063 1176//2063
f 1184//2064 1152//2064 1145//2064
f 1184//2065 1145//2065 1177//2065
f 1185//2066 1153//2066 1146//2066
f 1185//2067 1146//2067 1178//2067
f 1186//2068 1154//2068 1147//2068
f 1186//2069 1147//2069 1179//2069
f 1187//2070 1155//2070 1148//2070
f 1187//2071 1148//2071 1180//2071
f 1188//2072 1156//2072 1181//2072
f 1189//2073 1150//2073 1182//2073
f 1189//2074 1157//2074 1150//2074
f 1189//2075 1164//2075 1157//2075
f 1190//2076 1158//2076 1151//2076
f 1190//2077 1151//2077 1183//2077
f 1191//2078 1152//2078 1184//2078
f 1191//2079 1159//2079 1152//2079
f 1192//2080 1160//2080 1153//2080
f 1192//2081 1153//2081 1185//2081
f 1193//2082 1161//2082 1154//2082
f 1193//2083 1154//2083 1186//2083
f 1194//2084 1162//2084 1155//2084
f 1194//2085 1155//2085 1187//2085
f 1195//2086 1163//2086 1156//2086
f 1195//2087 1156//2087 1188//2087
f 1196//2088 1164//2088 1189//2088
f 1196//2089 1165//2089 1164//2089
f 1196//2090 1197//2090 1165//2090
f 1198//2091 1166//2091 1158//2091
f 1198//2092 1158//2092 1190//2092
f 1199//2093 1159//2093 1191//2093
f 1199//2094 1167//2094 1159//2094
f 1200//2095 1168//2095 1160//2095
f 1200//2096 1160//2096 1192//2096
f 1201//2097 1161//2097 1193//2097
f 1201//2098 1169//2098 1161//2098
f 1202//2099 1170//2099 1162//2099
f 1202//2100 1162//2100 1194//2100
f 1203//2101 1163//2101 1195//2101
f 1203//2102 1171//2102 1163//2102
f 1203//2103 1177//2103 1171//2103
f 1204//2104 1166//2104 1198//2104
f 1204//2105 1172//2105 1166//2105
f 1205//2106 1173//2106 1167//2106
f 1205//2107 1167//2107 1199//2107
f 1206//2108 1168//2108 1200//2108
f 1206//2109 1174//2109 1168//2109
f 1207//2110 1169//2110 1201//2110
f 1207//2111 1175//2111 1169//2111
f 1208//2112 1170//2112 1202//2112
f 1208//2113 1176//2113 1170//2113
f 1209//2114 1177//2114 1203//2114
f 1209//2115 1184//2115 1177//2115
f 1210//2116 1172//2116 1204//2116
f 1210//2117 1178//2117 1172//2117
f 1211//2118 1179//2118 1173//2118
f 1211//2119 1173//2119 1205//2119
f 1212//2120 202//2120 208//2120
f 1212//2121 1180//2121 202//2121
f 1213//2122 1174//2122 1206//2122
f 1213//2123 1181//2123 1174//2123
f 1214//2124 1175//2124 1207//2124
f 1214//2125 1182//2125 1175//2125
f 1215//2126 1176//2126 1208//2126
f 1215//2127 1190//2127 1183//2127
f 1215//2128 1183//2128 1176//2128
f 1216//2129 1184//2129 1209//2129
f 1217//2130 1178//2130 1210//2130
f 1217//2131 1185//2131 1178//2131
f 1218//2132 1179//2132 1211//2132
f 1218//2133 1186//2133 1179//2133
f 1219//2134 1187//2134 1180//2134
f 1219//2135 1180//2135 1212//2135
f 1220//2136 1188//2136 1181//2136
f 1220//2137 1181//2137 1213//2137
f 1221//2138 1182//2138 1214//2138
f 1221//2139 1189//2139 1182//2139
f 1222//2140 1198//2140 1190//2140
f 1222//2141 1190//2141 1215//2141
f 1223//2142 1199//2142 1191//2142
f 1223//2143 1184//2143 1216//2143
f 1223//2144 1191//2144 1184//2144
f 1224//2145 1192//2145 1185//2145
f 1224//2146 1200//2146 1192//2146
f 1224//2147 1185//2147 1217//2147
f 1225//2148 1186//2148 1218//2148
f 1225//2149 1193//2149 1186//2149
f 1226//2150 1187//2150 1219//2150
f 1226//2151 1194//2151 1187//2151
f 1227//2152 1195//2152 1188//2152
f 1227//2153 1188//2153 1220//2153
f 1228//2154 1189//2154 1221//2154
f 1228//2155 1197//2155 1196//2155
f 1228//2156 1196//2156 1189//2156
f 1228//2157 1229//2157 1197//2157
f 1230//2158 1198//2158 1222//2158
f 1231//2159 1199//2159 1223//2159
f 1232//2160 1200//2160 1224//2160
f 1233//2161 1201//2161 1193//2161
f 1233//2162 1193//2162 1225//2162
f 1234//2163 1194//2163 1226//2163
f 1234//2164 1202//2164 1194//2164
f 1235//2165 1195//2165 1227//2165
f 1235//2166 1203//2166 1195//2166
f 1236//2167 1204//2167 1198//2167
f 1236//2168 1198//2168 1230//2168
f 1236//2169 1210//2169 1204//2169
f 1237//2170 1199//2170 1231//2170
f 1237//2171 1205//2171 1199//2171
f 1238//2172 1200//2172 1232//2172
f 1238//2173 1206//2173 1200//2173
f 1239//2174 1201//2174 1233//2174
f 1239//2175 1207//2175 1201//2175
f 1240//2176 1208//2176 1202//2176
f 1240//2177 1202//2177 1234//2177
f 1240//2178 1215//2178 1208//2178
f 1241//2179 1209//2179 1203//2179
f 1241//2180 1203//2180 1235//2180
f 1242//2181 1210//2181 1236//2181
f 1243//2182 1211//2182 1205//2182
f 1243//2183 1205//2183 1237//2183
f 1244//2184 208//2184 214//2184
f 1244//2185 1212//2185 208//2185
f 1244//2186 1219//2186 1212//2186
f 1245//2187 1206//2187 1238//2187
f 1245//2188 1213//2188 1206//2188
f 1246//2189 1207//2189 1239//2189
f 1246//2190 1214//2190 1207//2190
f 1247//2191 1215//2191 1240//2191
f 1248//2192 1209//2192 1241//2192
f 1248//2193 1216//2193 1209//2193
f 1249//2194 1210//2194 1242//2194
f 1249//2195 1217//2195 1210//2195
f 1250//2196 1225//2196 1218//2196
f 1250//2197 1211//2197 1243//2197
f 1250//2198 1218//2198 1211//2198
f 1251//2199 1219//2199 1244//2199
f 1252//2200 1213//2200 1245//2200
f 1252//2201 1220//2201 1213//2201
f 1253//2202 1221//2202 1214//2202
f 1253//2203 1214//2203 1246//2203
f 1254//2204 1222//2204 1215//2204
f 1254//2205 1215//2205 1247//2205
f 1255//2206 1216//2206 1248//2206
f 1255//2207 1223//2207 1216//2207
f 1256//2208 1224//2208 1217//2208
f 1256//2209 1232//2209 1224//2209
f 1256//2210 1217//2210 1249//2210
f 1257//2211 1225//2211 1250//2211
f 1257//2212 1233//2212 1225//2212
f 1258//2213 1234//2213 1226//2213
f 1258//2214 1226//2214 1219//2214
f 1258//2215 1219//2215 1251//2215
f 1259//2216 1220//2216 1252//2216
f 1259//2217 1227//2217 1220//2217
f 1260//2218 1228//2218 1221//2218
f 1260//2219 1229//2219 1228//2219
f 1260//2220 1261//2220 1229//2220
f 1260//2221 1221//2221 1253//2221
f 1262//2222 1222//2222 1254//2222
f 1262//2223 1230//2223 1222//2223
f 1263//2224 1231//2224 1223//2224
f 1263//2225 1223//2225 1255//2225
f 1264//2226 1232//2226 1256//2226
f 1265//2227 1233//2227 1257//2227
f 1265//2228 1239//2228 1233//2228
f 1266//2229 1234//2229 1258//2229
f 1267//2230 1227//2230 1259//2230
f 1267//2231 1235//2231 1227//2231
f 1268//2232 1230//2232 1262//2232
f 1268//2233 1236//2233 1230//2233
f 1269//2234 1237//2234 1231//2234
f 1269//2235 1231//2235 1263//2235
f 1270//2236 1232//2236 1264//2236
f 1270//2237 1238//2237 1232//2237
f 1271//2238 1239//2238 1265//2238
f 1272//2239 1247//2239 1240//2239
f 1272//2240 1234//2240 1266//2240
f 1272//2241 1240//2241 1234//2241
f 1273//2242 1241//2242 1235//2242
f 1273//2243 1248//2243 1241//2243
f 1273//2244 1235//2244 1267//2244
f 1274//2245 1242//2245 1236//2245
f 1274//2246 1236//2246 1268//2246
f 1275//2247 1243//2247 1237//2247
f 1275//2248 1237//2248 1269//2248
f 1276//2249 214//2249 222//2249
f 1276//2250 1244//2250 214//2250
f 1277//2251 1252//2251 1245//2251
f 1277//2252 1245//2252 1238//2252
f 1277//2253 1238//2253 1270//2253
f 1278//2254 1239//2254 1271//2254
f 1278//2255 1246//2255 1239//2255
f 1278//2256 1253//2256 1246//2256
f 1279//2257 1254//2257 1247//2257
f 1279//2258 1247//2258 1272//2258
f 1280//2259 1248//2259 1273//2259
f 1281//2260 1249//2260 1242//2260
f 1281//2261 1242//2261 1274//2261
f 1282//2262 1243//2262 1275//2262
f 1282//2263 1250//2263 1243//2263
f 1283//2264 1251//2264 1244//2264
f 1283//2265 1244//2265 1276//2265
f 1284//2266 1252//2266 1277//2266
f 1285//2267 1253//2267 1278//2267
f 1286//2268 1254//2268 1279//2268
f 1287//2269 1255//2269 1248//2269
f 1287//2270 1263//2270 1255//2270
f 1287//2271 1248//2271 1280//2271
f 1288//2272 1249//2272 1281//2272
f 1288//2273 1256//2273 1249//2273
f 1289//2274 1250//2274 1282//2274
f 1289//2275 1257//2275 1250//2275
f 1290//2276 1258//2276 1251//2276
f 1290//2277 1251//2277 1283//2277
f 1291//2278 1259//2278 1252//2278
f 1291//2279 1252//2279 1284//2279
f 1292//2280 1261//2280 1260//2280
f 1292//2281 1260//2281 1253//2281
f 1292//2282 1293//2282 1261//2282
f 1292//2283 1253//2283 1285//2283
f 1294//2284 1254//2284 1286//2284
f 1294//2285 1262//2285 1254//2285
f 1295//2286 1263//2286 1287//2286
f 1296//2287 1264//2287 1256//2287
f 1296//2288 1256//2288 1288//2288
f 1297//2289 1265//2289 1257//2289
f 1297//2290 1257//2290 1289//2290
f 1298//2291 1258//2291 1290//2291
f 1298//2292 1266//2292 1258//2292
f 1299//2293 1273//2293 1267//2293
f 1299//2294 1267//2294 1259//2294
f 1299//2295 1259//2295 1291//2295
f 1300//2296 1268//2296 1262//2296
f 1300//2297 1262//2297 1294//2297
f 1300//2298 1274//2298 1268//2298
f 1301//2299 1263//2299 1295//2299
f 1301//2300 1269//2300 1263//2300
f 1302//2301 1270//2301 1264//2301
f 1302//2302 1264//2302 1296//2302
f 1303//2303 1271//2303 1265//2303
f 1303//2304 1265//2304 1297//2304
f 1304//2305 1266//2305 1298//2305
f 1304//2306 1272//2306 1266//2306
f 1305//2307 1273//2307 1299//2307
f 1305//2308 1280//2308 1273//2308
f 1306//2309 1274//2309 1300//2309
f 1307//2310 1275//2310 1269//2310
f 1307//2311 1269//2311 1301//2311
f 1308//2312 1276//2312 222//2312
f 1308//2313 222//2313 231//2313
f 1308//2314 231//2314 234//2314
f 1309//2315 1277//2315 1270//2315
f 1309//2316 1270//2316 1302//2316
f 1310//2317 1278//2317 1271//2317
f 1310//2318 1271//2318 1303//2318
f 1311//2319 1272//2319 1304//2319
f 1311//2320 1279//2320 1272//2320
f 1312//2321 1280//2321 1305//2321
f 1313//2322 1274//2322 1306//2322
f 1313//2323 1281//2323 1274//2323
f 1314//2324 1275//2324 1307//2324
f 1314//2325 1282//2325 1275//2325
f 1315//2326 1276//2326 1308//2326
f 1315//2327 1283//2327 1276//2327
f 1316//2328 1277//2328 1309//2328
f 1316//2329 1284//2329 1277//2329
f 1317//2330 1278//2330 1310//2330
f 1317//2331 1285//2331 1278//2331
f 1318//2332 1279//2332 1311//2332
f 1318//2333 1286//2333 1279//2333
f 1319//2334 1280//2334 1312//2334
f 1319//2335 1295//2335 1287//2335
f 1319//2336 1287//2336 1280//2336
f 1320//2337 1296//2337 1288//2337
f 1320//2338 1281//2338 1313//2338
f 1320//2339 1288//2339 1281//2339
f 1321//2340 1282//2340 1314//2340
f 1321//2341 1289//2341 1282//2341
f 1322//2342 1283//2342 1315//2342
f 1322//2343 1290//2343 1283//2343
f 1323//2344 1284//2344 1316//2344
f 1323//2345 1291//2345 1284//2345
f 1324//2346 1293//2346 1292//2346
f 1324//2347 1292//2347 1285//2347
f 1324//2348 1325//2348 1293//2348
f 1324//2349 1326//2349 1325//2349
f 1324//2350 1285//2350 1317//2350
f 1327//2351 1286//2351 1318//2351
f 1327//2352 1294//2352 1286//2352
f 1328//2353 1295//2353 1319//2353
f 1329//2354 1296//2354 1320//2354
f 1330//2355 1289//2355 1321//2355
f 1330//2356 1297//2356 1289//2356
f 1330//2357 1303//2357 1297//2357
f 1331//2358 1298//2358 1290//2358
f 1331//2359 1290//2359 1322//2359
f 1332//2360 1299//2360 1291//2360
f 1332//2361 1291//2361 1323//2361
f 1333//2362 1294//2362 1327//2362
f 1333//2363 1300//2363 1294//2363
f 1334//2364 1301//2364 1295//2364
f 1334//2365 1295//2365 1328//2365
f 1335//2366 1302//2366 1296//2366
f 1335//2367 1296//2367 1329//2367
f 1336//2368 1303//2368 1330//2368
f 1337//2369 1304//2369 1298//2369
f 1337//2370 1298//2370 1331//2370
f 1338//2371 1305//2371 1299//2371
f 1338//2372 1299//2372 1332//2372
f 1339//2373 1306//2373 1300//2373
f 1339//2374 1300//2374 1333//2374
f 1340//2375 1301//2375 1334//2375
f 1340//2376 1307//2376 1301//2376
f 1341//2377 1315//2377 1308//2377
f 1341//2378 1308//2378 234//2378
f 1342//2379 1309//2379 1302//2379
f 1342//2380 1302//2380 1335//2380
f 1342//2381 1316//2381 1309//2381
f 1343//2382 1303//2382 1336//2382
f 1343//2383 1310//2383 1303//2383
f 1344//2384 1304//2384 1337//2384
f 1344//2385 1311//2385 1304//2385
f 1345//2386 1312//2386 1305//2386
f 1345//2387 1305//2387 1338//2387
f 1346//2388 1306//2388 1339//2388
f 1346//2389 1313//2389 1306//2389
f 1347//2390 1307//2390 1340//2390
f 1347//2391 1314//2391 1307//2391
f 1347//2392 1321//2392 1314//2392
f 1348//2393 1315//2393 1341//2393
f 1349//2394 1316//2394 1342//2394
f 1350//2395 1310//2395 1343//2395
f 1350//2396 1317//2396 1310//2396
f 1351//2397 1311//2397 1344//2397
f 1351//2398 1318//2398 1311//2398
f 1352//2399 1319//2399 1312//2399
f 1352//2400 1312//2400 1345//2400
f 1353//2401 1313//2401 1346//2401
f 1353//2402 1320//2402 1313//2402
f 1354//2403 1321//2403 1347//2403
f 1354//2404 1330//2404 1321//2404
f 1355//2405 1331//2405 1322//2405
f 1355//2406 1315//2406 1348//2406
f 1355//2407 1322//2407 1315//2407
f 1356//2408 1316//2408 1349//2408
f 1356//2409 1323//2409 1316//2409
f 1357//2410 1358//2410 1326//2410
f 1357//2411 1317//2411 1350//2411
f 1357//2412 1326//2412 1324//2412
f 1357//2413 1324//2413 1317//2413
f 1359//2414 1327//2414 1318//2414
f 1359//2415 1318//2415 1351//2415
f 1360//2416 1319//2416 1352//2416
f 1360//2417 1328//2417 1319//2417
f 1361//2418 1329//2418 1320//2418
f 1361//2419 1320//2419 1353//2419
f 1362//2420 1336//2420 1330//2420
f 1362//2421 1330//2421 1354//2421
f 1363//2422 1331//2422 1355//2422
f 1364//2423 1332//2423 1323//2423
f 1364//2424 1323//2424 1356//2424
f 1365//2425 1327//2425 1359//2425
f 1365//2426 1333//2426 1327//2426
f 1366//2427 1328//2427 1360//2427
f 1366//2428 1334//2428 1328//2428
f 1367//2429 1335//2429 1329//2429
f 1367//2430 1329//2430 1361//2430
f 1368//2431 1343//2431 1336//2431
f 1368//2432 1336//2432 1362//2432
f 1369//2433 1344//2433 1337//2433
f 1369//2434 1337//2434 1331//2434
f 1369//2435 1331//2435 1363//2435
f 1370//2436 1338//2436 1332//2436
f 1370//2437 1345//2437 1338//2437
f 1370//2438 1332//2438 1364//2438
f 1371//2439 1339//2439 1333//2439
f 1371//2440 1333//2440 1365//2440
f 1372//2441 1334//2441 1366//2441
f 1372//2442 1340//2442 1334//2442
f 1373//2443 1341//2443 234//2443
f 1373//2444 234//2444 236//2444
f 1373//2445 236//2445 239//2445
f 1374//2446 1335//2446 1367//2446
f 1374//2447 1342//2447 1335//2447
f 1375//2448 1343//2448 1368//2448
f 1376//2449 1351//2449 1344//2449
f 1376//2450 1344//2450 1369//2450
f 1377//2451 1352//2451 1345//2451
f 1377//2452 1345//2452 1370//2452
f 1378//2453 1346//2453 1339//2453
f 1378//2454 1339//2454 1371//2454
f 1379//2455 1340//2455 1372//2455
f 1379//2456 1347//2456 1340//2456
f 1380//2457 1341//2457 1373//2457
f 1380//2458 1348//2458 1341//2458
f 1381//2459 1342//2459 1374//2459
f 1381//2460 1349//2460 1342//2460
f 1382//2461 1343//2461 1375//2461
f 1382//2462 1350//2462 1343//2462
f 1382//2463 1357//2463 1350//2463
f 1383//2464 1351//2464 1376//2464
f 1384//2465 1352//2465 1377//2465
f 1385//2466 1346//2466 1378//2466
f 1385//2467 1353//2467 1346//2467
f 1386//2468 1347//2468 1379//2468
f 1386//2469 1354//2469 1347//2469
f 1387//2470 1348//2470 1380//2470
f 1387//2471 1355//2471 1348//2471
f 1388//2472 1349//2472 1381//2472
f 1388//2473 1356//2473 1349//2473
f 1389//2474 1357//2474 1382//2474
f 1389//2475 1358//2475 1357//2475
f 1390//2476 1351//2476 1383//2476
f 1390//2477 1359//2477 1351//2477
f 1391//2478 1360//2478 1352//2478
f 1391//2479 1352//2479 1384//2479
f 1392//2480 1361//2480 1353//2480
f 1392//2481 1353//2481 1385//2481
f 1393//2482 1362//2482 1354//2482
f 1393//2483 1354//2483 1386//2483
f 1394//2484 1363//2484 1355//2484
f 1394//2485 1369//2485 1363//2485
f 1394//2486 1355//2486 1387//2486
f 1395//2487 1364//2487 1356//2487
f 1395//2488 1356//2488 1388//2488
f 1396//2489 1359//2489 1390//2489
f 1396//2490 1371//2490 1365//2490
f 1396//2491 1365//2491 1359//2491
f 1397//2492 1366//2492 1360//2492
f 1397//2493 1360//2493 1391//2493
f 1397//2494 1372//2494 1366//2494
f 1398//2495 1367//2495 1361//2495
f 1398//2496 1361//2496 1392//2496
f 1399//2497 1368//2497 1362//2497
f 1399//2498 1362//2498 1393//2498
f 1400//2499 1369//2499 1394//2499
f 1401//2500 1364//2500 1395//2500
f 1401//2501 1370//2501 1364//2501
f 1402//2502 1378//2502 1371//2502
f 1402//2503 1371//2503 1396//2503
f 1403//2504 1372//2504 1397//2504
f 1404//2505 1380//2505 1373//2505
f 1404//2506 1373//2506 239//2506
f 1405//2507 1367//2507 1398//2507
f 1405//2508 1374//2508 1367//2508
f 1405//2509 1381//2509 1374//2509
f 1406//2510 1368//2510 1399//2510
f 1406//2511 1375//2511 1368//2511
f 1407//2512 1369//2512 1400//2512
f 1407//2513 1376//2513 1369//2513
f 1408//2514 1377//2514 1370//2514
f 1408//2515 1370//2515 1401//2515
f 1409//2516 1378//2516 1402//2516
f 1410//2517 1372//2517 1403//2517
f 1410//2518 1379//2518 1372//2518
f 1411//2519 1387//2519 1380//2519
f 1411//2520 1380//2520 1404//2520
f 1412//2521 1381//2521 1405//2521
f 1413//2522 1375//2522 1406//2522
f 1413//2523 1382//2523 1375//2523
f 1414//2524 1376//2524 1407//2524
f 1414//2525 1383//2525 1376//2525
f 1415//2526 1384//2526 1377//2526
f 1415//2527 1377//2527 1408//2527
f 1416//2528 1378//2528 1409//2528
f 1416//2529 1385//2529 1378//2529
f 1416//2530 1392//2530 1385//2530
f 1417//2531 1379//2531 1410//2531
f 1417//2532 1386//2532 1379//2532
f 1417//2533 1393//2533 1386//2533
f 1418//2534 1387//2534 1411//2534
f 1419//2535 1381//2535 1412//2535
f 1419//2536 1388//2536 1381//2536
f 1420//2537 1382//2537 1413//2537
f 1420//2538 1421//2538 1358//2538
f 1420//2539 1389//2539 1382//2539
f 1420//2540 1358//2540 1389//2540
f 1422//2541 1390//2541 1383//2541
f 1422//2542 1383//2542 1414//2542
f 1422//2543 1396//2543 1390//2543
f 1423//2544 1384//2544 1415//2544
f 1423//2545 1391//2545 1384//2545
f 1424//2546 1392//2546 1416//2546
f 1425//2547 1399//2547 1393//2547
f 1425//2548 1393//2548 1417//2548
f 1426//2549 1387//2549 1418//2549
f 1426//2550 1394//2550 1387//2550
f 1427//2551 1395//2551 1388//2551
f 1427//2552 1388//2552 1419//2552
f 1428//2553 1396//2553 1422//2553
f 1429//2554 1397//2554 1391//2554
f 1429//2555 1391//2555 1423//2555
f 1430//2556 1405//2556 1398//2556
f 1430//2557 1392//2557 1424//2557
f 1430//2558 1398//2558 1392//2558
f 1431//2559 1399//2559 1425//2559
f 1432//2560 1400//2560 1394//2560
f 1432//2561 1394//2561 1426//2561
f 1433//2562 1401//2562 1395//2562
f 1433//2563 1395//2563 1427//2563
f 1434//2564 1402//2564 1396//2564
f 1434//2565 1396//2565 1428//2565
f 1435//2566 1403//2566 1397//2566
f 1435//2567 1397//2567 1429//2567
f 1436//2568 1404//2568 239//2568
f 1436//2569 239//2569 241//2569
f 1437//2570 1405//2570 1430//2570
f 1438//2571 1406//2571 1399//2571
f 1438//2572 1413//2572 1406//2572
f 1438//2573 1399//2573 1431//2573
f 1439//2574 1407//2574 1400//2574
f 1439//2575 1400//2575 1432//2575
f 1440//2576 1408//2576 1401//2576
f 1440//2577 1401//2577 1433//2577
f 1441//2578 1402//2578 1434//2578
f 1441//2579 1409//2579 1402//2579
f 1442//2580 1410//2580 1403//2580
f 1442//2581 1403//2581 1435//2581
f 1443//2582 1404//2582 1436//2582
f 1443//2583 1418//2583 1411//2583
f 1443//2584 1411//2584 1404//2584
f 1444//2585 1405//2585 1437//2585
f 1444//2586 1412//2586 1405//2586
f 1445//2587 1413//2587 1438//2587
f 1446//2588 1407//2588 1439//2588
f 1446//2589 1414//2589 1407//2589
f 1446//2590 1422//2590 1414//2590
f 1447//2591 1408//2591 1440//2591
f 1447//2592 1415//2592 1408//2592
f 1448//2593 1409//2593 1441//2593
f 1448//2594 1416//2594 1409//2594
f 1449//2595 1417//2595 1410//2595
f 1449//2596 1410//2596 1442//2596
f 1450//2597 1418//2597 1443//2597
f 1451//2598 1412//2598 1444//2598
f 1451//2599 1419//2599 1412//2599
f 1451//2600 1427//2600 1419//2600
f 1452//2601 1413//2601 1445//2601
f 1452//2602 1420//2602 1413//2602
f 1452//2603 1453//2603 1421//2603
f 1452//2604 1421//2604 1420//2604
f 1454//2605 1422//2605 1446//2605
f 1455//2606 1423//2606 1415//2606
f 1455//2607 1415//2607 1447//2607
f 1456//2608 1424//2608 1416//2608
f 1456//2609 1416//2609 1448//2609
f 1457//2610 1417//2610 1449//2610
f 1457//2611 1425//2611 1417//2611
f 1458//2612 1432//2612 1426//2612
f 1458//2613 1418//2613 1450//2613
f 1458//2614 1426//2614 1418//2614
f 1459//2615 1427//2615 1451//2615
f 1460//2616 1422//2616 1454//2616
f 1460//2617 1428//2617 1422//2617
f 1461//2618 1429//2618 1423//2618
f 1461//2619 1423//2619 1455//2619
f 1462//2620 1424//2620 1456//2620
f 1462//2621 1430//2621 1424//2621
f 1463//2622 1425//2622 1457//2622
f 1463//2623 1431//2623 1425//2623
f 1464//2624 1432//2624 1458//2624
f 1465//2625 1440//2625 1433//2625
f 1465//2626 1433//2626 1427//2626
f 1465//2627 1427//2627 1459//2627
f 1466//2628 1428//2628 1460//2628
f 1466//2629 1434//2629 1428//2629
f 1467//2630 1429//2630 1461//2630
f 1467//2631 1435//2631 1429//2631
f 1468//2632 1436//2632 241//2632
f 1468//2633 241//2633 243//2633
f 1469//2634 1437//2634 1430//2634
f 1469//2635 1430//2635 1462//2635
f 1470//2636 1431//2636 1463//2636
f 1470//2637 1438//2637 1431//2637
f 1471//2638 1439//2638 1432//2638
f 1471//2639 1432//2639 1464//2639
f 1472//2640 1440//2640 1465//2640
f 1473//2641 1434//2641 1466//2641
f 1473//2642 1441//2642 1434//2642
f 1474//2643 1442//2643 1435//2643
f 1474//2644 1435//2644 1467//2644
f 1475//2645 1436//2645 1468//2645
f 1475//2646 1443//2646 1436//2646
f 1476//2647 1444//2647 1437//2647
f 1476//2648 1437//2648 1469//2648
f 1477//2649 1445//2649 1438//2649
f 1477//2650 1438//2650 1470//2650
f 1478//2651 1446//2651 1439//2651
f 1478//2652 1439//2652 1471//2652
f 1479//2653 1440//2653 1472//2653
f 1479//2654 1447//2654 1440//2654
f 1479//2655 1455//2655 1447//2655
f 1480//2656 1448//2656 1441//2656
f 1480//2657 1456//2657 1448//2657
f 1480//2658 1441//2658 1473//2658
f 1481//2659 1442//2659 1474//2659
f 1481//2660 1449//2660 1442//2660
f 1482//2661 1443//2661 1475//2661
f 1482//2662 1450//2662 1443//2662
f 1483//2663 1444//2663 1476//2663
f 1483//2664 1451//2664 1444//2664
f 1484//2665 1445//2665 1477//2665
f 1484//2666 1452//2666 1445//2666
f 1484//2667 1485//2667 1453//2667
f 1484//2668 1453//2668 1452//2668
f 1486//2669 1446//2669 1478//2669
f 1486//2670 1454//2670 1446//2670
f 1486//2671 1460//2671 1454//2671
f 1487//2672 1455//2672 1479//2672
f 1488//2673 1462//2673 1456//2673
f 1488//2674 1456//2674 1480//2674
f 1489//2675 1457//2675 1449//2675
f 1489//2676 1449//2676 1481//2676
f 1490//2677 1458//2677 1450//2677
f 1490//2678 1450//2678 1482//2678
f 1491//2679 1451//2679 1483//2679
f 1491//2680 1459//2680 1451//2680
f 1492//2681 1460//2681 1486//2681
f 1493//2682 1455//2682 1487//2682
f 1493//2683 1461//2683 1455//2683
f 1494//2684 1469//2684 1462//2684
f 1494//2685 1462//2685 1488//2685
f 1495//2686 1457//2686 1489//2686
f 1495//2687 1463//2687 1457//2687
f 1496//2688 1464//2688 1458//2688
f 1496//2689 1458//2689 1490//2689
f 1497//2690 1465//2690 1459//2690
f 1497//2691 1459//2691 1491//2691
f 1498//2692 1460//2692 1492//2692
f 1498//2693 1466//2693 1460//2693
f 1499//2694 1474//2694 1467//2694
f 1499//2695 1461//2695 1493//2695
f 1499//2696 1467//2696 1461//2696
f 1500//2697 1468//2697 243//2697
f 1500//2698 243//2698 246//2698
f 1501//2699 1469//2699 1494//2699
f 1502//2700 1470//2700 1463//2700
f 1502//2701 1463//2701 1495//2701
f 1503//2702 1471//2702 1464//2702
f 1503//2703 1464//2703 1496//2703
f 1504//2704 1465//2704 1497//2704
f 1504//2705 1472//2705 1465//2705
f 1505//2706 1473//2706 1466//2706
f 1505//2707 1466//2707 1498//2707
f 1506//2708 1474//2708 1499//2708
f 1507//2709 1468//2709 1500//2709
f 1507//2710 1475//2710 1468//2710
f 1508//2711 1476//2711 1469//2711
f 1508//2712 1469//2712 1501//2712
f 1509//2713 1477//2713 1470//2713
f 1509//2714 1470//2714 1502//2714
f 1510//2715 1471//2715 1503//2715
f 1510//2716 1478//2716 1471//2716
f 1511//2717 1479//2717 1472//2717
f 1511//2718 1472//2718 1504//2718
f 1512//2719 1473//2719 1505//2719
f 1512//2720 1480//2720 1473//2720
f 1513//2721 1481//2721 1474//2721
f 1513//2722 1489//2722 1481//2722
f 1513//2723 1474//2723 1506//2723
f 1514//2724 1475//2724 1507//2724
f 1514//2725 1482//2725 1475//2725
f 1515//2726 1483//2726 1476//2726
f 1515//2727 1476//2727 1508//2727
f 1516//2728 1477//2728 1509//2728
f 1516//2729 1484//2729 1477//2729
f 1516//2730 1485//2730 1484//2730
f 1516//2731 1517//2731 1485//2731
f 1516//2732 1518//2732 1517//2732
f 1519//2733 1478//2733 1510//2733
f 1519//2734 1486//2734 1478//2734
f 1520//2735 1479//2735 1511//2735
f 1520//2736 1487//2736 1479//2736
f 1521//2737 1488//2737 1480//2737
f 1521//2738 1480//2738 1512//2738
f 1522//2739 1489//2739 1513//2739
f 1522//2740 1495//2740 1489//2740
f 1523//2741 1482//2741 1514//2741
f 1523//2742 1490//2742 1482//2742
f 1523//2743 1496//2743 1490//2743
f 1524//2744 1483//2744 1515//2744
f 1524//2745 1491//2745 1483//2745
f 1524//2746 1497//2746 1491//2746
f 1525//2747 1486//2747 1519//2747
f 1525//2748 1492//2748 1486//2748
f 1526//2749 1487//2749 1520//2749
f 1526//2750 1493//2750 1487//2750
f 1527//2751 1494//2751 1488//2751
f 1527//2752 1488//2752 1521//2752
f 1528//2753 1495//2753 1522//2753
f 1529//2754 1496//2754 1523//2754
f 1530//2755 1497//2755 1524//2755
f 1530//2756 1504//2756 1497//2756
f 1531//2757 1498//2757 1492//2757
f 1531//2758 1492//2758 1525//2758
f 1532//2759 1499//2759 1493//2759
f 1532//2760 1493//2760 1526//2760
f 1533//2761 246//2761 248//2761
f 1533//2762 248//2762 250//2762
f 1533//2763 1500//2763 246//2763
f 1534//2764 1494//2764 1527//2764
f 1534//2765 1501//2765 1494//2765
f 1535//2766 1502//2766 1495//2766
f 1535//2767 1495//2767 1528//2767
f 1536//2768 1496//2768 1529//2768
f 1536//2769 1503//2769 1496//2769
f 1537//2770 1504//2770 1530//2770
f 1538//2771 1505//2771 1498//2771
f 1538//2772 1498//2772 1531//2772
f 1539//2773 1506//2773 1499//2773
f 1539//2774 1499//2774 1532//2774
f 1540//2775 1507//2775 1500//2775
f 1540//2776 1500//2776 1533//2776
f 1541//2777 1508//2777 1501//2777
f 1541//2778 1501//2778 1534//2778
f 1542//2779 1509//2779 1502//2779
f 1542//2780 1502//2780 1535//2780
f 1543//2781 1519//2781 1510//2781
f 1543//2782 1503//2782 1536//2782
f 1543//2783 1510//2783 1503//2783
f 1544//2784 1511//2784 1504//2784
f 1544//2785 1520//2785 1511//2785
f 1544//2786 1504//2786 1537//2786
f 1545//2787 1505//2787 1538//2787
f 1545//2788 1512//2788 1505//2788
f 1546//2789 1513//2789 1506//2789
f 1546//2790 1506//2790 1539//2790
f 1547//2791 1514//2791 1507//2791
f 1547//2792 1507//2792 1540//2792
f 1548//2793 1508//2793 1541//2793
f 1548//2794 1515//2794 1508//2794
f 1549//2795 1509//2795 1542//2795
f 1549//2796 1516//2796 1509//2796
f 1549//2797 1518//2797 1516//2797
f 1549//2798 1550//2798 1518//2798
f 1551//2799 1519//2799 1543//2799
f 1551//2800 1525//2800 1519//2800
f 1552//2801 1520//2801 1544//2801
f 1553//2802 1512//2802 1545//2802
f 1553//2803 1521//2803 1512//2803
f 1554//2804 1513//2804 1546//2804
f 1554//2805 1522//2805 1513//2805
f 1555//2806 1514//2806 1547//2806
f 1555//2807 1523//2807 1514//2807
f 1556//2808 1515//2808 1548//2808
f 1556//2809 1524//2809 1515//2809
f 1557//2810 1525//2810 1551//2810
f 1558//2811 1520//2811 1552//2811
f 1558//2812 1526//2812 1520//2812
f 1559//2813 1521//2813 1553//2813
f 1559//2814 1527//2814 1521//2814
f 1560//2815 1522//2815 1554//2815
f 1560//2816 1528//2816 1522//2816
f 1561//2817 1529//2817 1523//2817
f 1561//2818 1523//2818 1555//2818
f 1562//2819 1530//2819 1524//2819
f 1562//2820 1524//2820 1556//2820
f 1563//2821 1531//2821 1525//2821
f 1563//2822 1525//2822 1557//2822
f 1564//2823 1532//2823 1526//2823
f 1564//2824 1526//2824 1558//2824
f 1564//2825 1539//2825 1532//2825
f 1565//2826 1540//2826 1533//2826
f 1565//2827 250//2827 252//2827
f 1565//2828 1533//2828 250//2828
f 1566//2829 1534//2829 1527//2829
f 1566//2830 1527//2830 1559//2830
f 1567//2831 1535//2831 1528//2831
f 1567//2832 1528//2832 1560//2832
f 1568//2833 1529//2833 1561//2833
f 1568//2834 1536//2834 1529//2834
f 1569//2835 1530//2835 1562//2835
f 1569//2836 1537//2836 1530//2836
f 1570//2837 1538//2837 1531//2837
f 1570//2838 1531//2838 1563//2838
f 1571//2839 1539//2839 1564//2839
f 1572//2840 1540//2840 1565//2840
f 1573//2841 1541//2841 1534//2841
f 1573//2842 1534//2842 1566//2842
f 1574//2843 1542//2843 1535//2843
f 1574//2844 1535//2844 1567//2844
f 1575//2845 1543//2845 1536//2845
f 1575//2846 1536//2846 1568//2846
f 1576//2847 1544//2847 1537//2847
f 1576//2848 1537//2848 1569//2848
f 1577//2849 1553//2849 1545//2849
f 1577//2850 1545//2850 1538//2850
f 1577//2851 1538//2851 1570//2851
f 1578//2852 1539//2852 1571//2852
f 1578//2853 1554//2853 1546//2853
f 1578//2854 1546//2854 1539//2854
f 1579//2855 1547//2855 1540//2855
f 1579//2856 1540//2856 1572//2856
f 1580//2857 1548//2857 1541//2857
f 1580//2858 1541//2858 1573//2858
f 1581//2859 1550//2859 1549//2859
f 1581//2860 1549//2860 1542//2860
f 1581//2861 1542//2861 1574//2861
f 1581//2862 1582//2862 1550//2862
f 1583//2863 1551//2863 1543//2863
f 1583//2864 1543//2864 1575//2864
f 1584//2865 1544//2865 1576//2865
f 1584//2866 1552//2866 1544//2866
f 1585//2867 1553//2867 1577//2867
f 1585//2868 1559//2868 1553//2868
f 1586//2869 1554//2869 1578//2869
f 1587//2870 1547//2870 1579//2870
f 1587//2871 1555//2871 1547//2871
f 1588//2872 1548//2872 1580//2872
f 1588//2873 1556//2873 1548//2873
f 1589//2874 1551//2874 1583//2874
f 1589//2875 1557//2875 1551//2875
f 1590//2876 1552//2876 1584//2876
f 1590//2877 1558//2877 1552//2877
f 1591//2878 1559//2878 1585//2878
f 1591//2879 1566//2879 1559//2879
f 1592//2880 1554//2880 1586//2880
f 1592//2881 1560//2881 1554//2881
f 1593//2882 1561//2882 1555//2882
f 1593//2883 1555//2883 1587//2883
f 1594//2884 1556//2884 1588//2884
f 1594//2885 1562//2885 1556//2885
f 1595//2886 1557//2886 1589//2886
f 1595//2887 1563//2887 1557//2887
f 1596//2888 1558//2888 1590//2888
f 1596//2889 1564//2889 1558//2889
f 1597//2890 1572//2890 1565//2890
f 1597//2891 1565//2891 252//2891
f 1598//2892 1566//2892 1591//2892
f 1599//2893 1574//2893 1567//2893
f 1599//2894 1560//2894 1592//2894
f 1599//2895 1567//2895 1560//2895
f 1600//2896 1561//2896 1593//2896
f 1600//2897 1568//2897 1561//2897
f 1601//2898 1569//2898 1562//2898
f 1601//2899 1562//2899 1594//2899
f 1602//2900 1570//2900 1563//2900
f 1602//2901 1563//2901 1595//2901
f 1603//2902 1564//2902 1596//2902
f 1603//2903 1571//2903 1564//2903
f 1604//2904 1579//2904 1572//2904
f 1604//2905 1572//2905 1597//2905
f 1605//2906 1573//2906 1566//2906
f 1605//2907 1566//2907 1598//2907
f 1606//2908 1581//2908 1574//2908
f 1606//2909 1574//2909 1599//2909
f 1607//2910 1568//2910 1600//2910
f 1607//2911 1575//2911 1568//2911
f 1608//2912 1576//2912 1569//2912
f 1608//2913 1569//2913 1601//2913
f 1609//2914 1577//2914 1570//2914
f 1609//2915 1570//2915 1602//2915
f 1610//2916 1578//2916 1571//2916
f 1610//2917 1571//2917 1603//2917
f 1611//2918 1579//2918 1604//2918
f 1612//2919 1580//2919 1573//2919
f 1612//2920 1573//2920 1605//2920
f 1613//2921 1582//2921 1581//2921
f 1613//2922 1581//2922 1606//2922
f 1614//2923 1575//2923 1607//2923
f 1614//2924 1583//2924 1575//2924
f 1615//2925 1576//2925 1608//2925
f 1615//2926 1584//2926 1576//2926
f 1616//2927 1585//2927 1577//2927
f 1616//2928 1577//2928 1609//2928
f 1617//2929 1586//2929 1578//2929
f 1617//2930 1578//2930 1610//2930
f 1618//2931 1587//2931 1579//2931
f 1618//2932 1579//2932 1611//2932
f 1619//2933 1588//2933 1580//2933
f 1619//2934 1594//2934 1588//2934
f 1619//2935 1580//2935 1612//2935
f 1620//2936 1583//2936 1614//2936
f 1620//2937 1589//2937 1583//2937
f 1621//2938 1590//2938 1584//2938
f 1621//2939 1584//2939 1615//2939
f 1622//2940 1585//2940 1616//2940
f 1622//2941 1591//2941 1585//2941
f 1623//2942 1592//2942 1586//2942
f 1623//2943 1586//2943 1617//2943
f 1624//2944 1593//2944 1587//2944
f 1624//2945 1600//2945 1593//2945
f 1624//2946 1587//2946 1618//2946
f 1625//2947 1594//2947 1619//2947
f 1625//2948 1601//2948 1594//2948
f 1626//2949 1589//2949 1620//2949
f 1626//2950 1595//2950 1589//2950
f 1627//2951 1590//2951 1621//2951
f 1627//2952 1596//2952 1590//2952
f 1628//2953 252//2953 254//2953
f 1628//2954 254//2954 257//2954
f 1628//2955 1597//2955 252//2955
f 1629//2956 1591//2956 1622//2956
f 1629//2957 1598//2957 1591//2957
f 1630//2958 1592//2958 1623//2958
f 1630//2959 1599//2959 1592//2959
f 1631//2960 1600//2960 1624//2960
f 1632//2961 1601//2961 1625//2961
f 1633//2962 1602//2962 1595//2962
f 1633//2963 1595//2963 1626//2963
f 1634//2964 1596//2964 1627//2964
f 1634//2965 1603//2965 1596//2965
f 1635//2966 1604//2966 1597//2966
f 1635//2967 1597//2967 1628//2967
f 1636//2968 1605//2968 1598//2968
f 1636//2969 1598//2969 1629//2969
f 1637//2970 1606//2970 1599//2970
f 1637//2971 1599//2971 1630//2971
f 1638//2972 1607//2972 1600//2972
f 1638//2973 1600//2973 1631//2973
f 1639//2974 1615//2974 1608//2974
f 1639//2975 1601//2975 1632//2975
f 1639//2976 1608//2976 1601//2976
f 1640//2977 1609//2977 1602//2977
f 1640//2978 1602//2978 1633//2978
f 1641//2979 1610//2979 1603//2979
f 1641//2980 1603//2980 1634//2980
f 1642//2981 1604//2981 1635//2981
f 1642//2982 1611//2982 1604//2982
f 1643//2983 1612//2983 1605//2983
f 1643//2984 1605//2984 1636//2984
f 1644//2985 1613//2985 1606//2985
f 1644//2986 1606//2986 1637//2986
f 1644//2987 1582//2987 1613//2987
f 1644//2988 1645//2988 1582//2988
f 1646//2989 1614//2989 1607//2989
f 1646//2990 1620//2990 1614//2990
f 1646//2991 1607//2991 1638//2991
f 1647//2992 1615//2992 1639//2992
f 1648//2993 1616//2993 1609//2993
f 1648//2994 1609//2994 1640//2994
f 1649//2995 1617//2995 1610//2995
f 1649//2996 1610//2996 1641//2996
f 1650//2997 1618//2997 1611//2997
f 1650//2998 1611//2998 1642//2998
f 1651//2999 1612//2999 1643//2999
f 1651//3000 1619//3000 1612//3000
f 1652//3001 1620//3001 1646//3001
f 1653//3002 1621//3002 1615//3002
f 1653//3003 1615//3003 1647//3003
f 1654//3004 1622//3004 1616//3004
f 1654//3005 1616//3005 1648//3005
f 1655//3006 1623//3006 1617//3006
f 1655//3007 1617//3007 1649//3007
f 1656//3008 1618//3008 1650//3008
f 1656//3009 1624//3009 1618//3009
f 1657//3010 1619//3010 1651//3010
f 1657//3011 1625//3011 1619//3011
f 1658//3012 1626//3012 1620//3012
f 1658//3013 1620//3013 1652//3013
f 1659//3014 1621//3014 1653//3014
f 1659//3015 1627//3015 1621//3015
f 1659//3016 1634//3016 1627//3016
f 1660//3017 1628//3017 257//3017
f 1660//3018 257//3018 259//3018
f 1660//3019 1635//3019 1628//3019
f 1661//3020 1622//3020 1654//3020
f 1661//3021 1629//3021 1622//3021
f 1662//3022 1630//3022 1623//3022
f 1662//3023 1623//3023 1655//3023
f 1663//3024 1624//3024 1656//3024
f 1663//3025 1631//3025 1624//3025
f 1664//3026 1625//3026 1657//3026
f 1664//3027 1632//3027 1625//3027
f 1665//3028 1626//3028 1658//3028
f 1665//3029 1633//3029 1626//3029
f 1666//3030 1634//3030 1659//3030
f 1667//3031 1642//3031 1635//3031
f 1667//3032 1635//3032 1660//3032
f 1668//3033 1636//3033 1629//3033
f 1668//3034 1629//3034 1661//3034
f 1669//3035 1630//3035 1662//3035
f 1669//3036 1637//3036 1630//3036
f 1670//3037 1631//3037 1663//3037
f 1670//3038 1638//3038 1631//3038
f 1671//3039 1632//3039 1664//3039
f 1671//3040 1639//3040 1632//3040
f 1672//3041 1633//3041 1665//3041
f 1672//3042 1640//3042 1633//3042
f 1672//3043 1648//3043 1640//3043
f 1673//3044 1649//3044 1641//3044
f 1673//3045 1641//3045 1634//3045
f 1673//3046 1634//3046 1666//3046
f 1674//3047 1642//3047 1667//3047
f 1675//3048 1643//3048 1636//3048
f 1675//3049 1636//3049 1668//3049
f 1676//3050 1645//3050 1644//3050
f 1676//3051 1644//3051 1637//3051
f 1676//3052 1637//3052 1669//3052
f 1676//3053 1677//3053 1645//3053
f 1676//3054 1678//3054 1677//3054
f 1679//3055 1652//3055 1646//3055
f 1679//3056 1646//3056 1638//3056
f 1679//3057 1638//3057 1670//3057
f 1680//3058 1647//3058 1639//3058
f 1680//3059 1639//3059 1671//3059
f 1681//3060 1648//3060 1672//3060
f 1682//3061 1649//3061 1673//3061
f 1683//3062 1642//3062 1674//3062
f 1683//3063 1656//3063 1650//3063
f 1683//3064 1650//3064 1642//3064
f 1684//3065 1651//3065 1643//3065
f 1684//3066 1643//3066 1675//3066
f 1685//3067 1652//3067 1679//3067
f 1686//3068 1653//3068 1647//3068
f 1686//3069 1647//3069 1680//3069
f 1687//3070 1648//3070 1681//3070
f 1687//3071 1654//3071 1648//3071
f 1688//3072 1649//3072 1682//3072
f 1688//3073 1655//3073 1649//3073
f 1689//3074 1656//3074 1683//3074
f 1690//3075 1657//3075 1651//3075
f 1690//3076 1651//3076 1684//3076
f 1691//3077 1658//3077 1652//3077
f 1691//3078 1652//3078 1685//3078
f 1692//3079 1659//3079 1653//3079
f 1692//3080 1653//3080 1686//3080
f 1693//3081 1660//3081 259//3081
f 1694//3082 1654//3082 1687//3082
f 1694//3083 1661//3083 1654//3083
f 1695//3084 1655//3084 1688//3084
f 1695//3085 1669//3085 1662//3085
f 1695//3086 1662//3086 1655//3086
f 1696//3087 1656//3087 1689//3087
f 1696//3088 1663//3088 1656//3088
f 1697//3089 1664//3089 1657//3089
f 1697//3090 1657//3090 1690//3090
f 1698//3091 1665//3091 1658//3091
f 1698//3092 1672//3092 1665//3092
f 1698//3093 1658//3093 1691//3093
f 1699//3094 1659//3094 1692//3094
f 1699//3095 1666//3095 1659//3095
f 1700//3096 1660//3096 1693//3096
f 1700//3097 1667//3097 1660//3097
f 1701//3098 1661//3098 1694//3098
f 1701//3099 1668//3099 1661//3099
f 1702//3100 1676//3100 1669//3100
f 1702//3101 1669//3101 1695//3101
f 1703//3102 1679//3102 1670//3102
f 1703//3103 1663//3103 1696//3103
f 1703//3104 1670//3104 1663//3104
f 1704//3105 1671//3105 1664//3105
f 1704//3106 1664//3106 1697//3106
f 1705//3107 1681//3107 1672//3107
f 1705//3108 1672//3108 1698//3108
f 1706//3109 1673//3109 1666//3109
f 1706//3110 1666//3110 1699//3110
f 1707//3111 1674//3111 1667//3111
f 1707//3112 1667//3112 1700//3112
f 1708//3113 1675//3113 1668//3113
f 1708//3114 1668//3114 1701//3114
f 1709//3115 1678//3115 1676//3115
f 1709//3116 1676//3116 1702//3116
f 1710//3117 1679//3117 1703//3117
f 1711//3118 1671//3118 1704//3118
f 1711//3119 1680//3119 1671//3119
f 1712//3120 1687//3120 1681//3120
f 1712//3121 1681//3121 1705//3121
f 1713//3122 1682//3122 1673//3122
f 1713//3123 1673//3123 1706//3123
f 1714//3124 1674//3124 1707//3124
f 1714//3125 1683//3125 1674//3125
f 1715//3126 1675//3126 1708//3126
f 1715//3127 1684//3127 1675//3127
f 1716//3128 1679//3128 1710//3128
f 1716//3129 1685//3129 1679//3129
f 1717//3130 1686//3130 1680//3130
f 1717//3131 1680//3131 1711//3131
f 1718//3132 1687//3132 1712//3132
f 1719//3133 1688//3133 1682//3133
f 1719//3134 1682//3134 1713//3134
f 1720//3135 1689//3135 1683//3135
f 1720//3136 1683//3136 1714//3136
f 1721//3137 1697//3137 1690//3137
f 1721//3138 1690//3138 1684//3138
f 1721//3139 1684//3139 1715//3139
f 1722//3140 1685//3140 1716//3140
f 1722//3141 1691//3141 1685//3141
f 1723//3142 1692//3142 1686//3142
f 1723//3143 1686//3143 1717//3143
f 1724//3144 1693//3144 259//3144
f 1724//3145 259//3145 261//3145
f 1724//3146 261//3146 263//3146
f 1725//3147 1701//3147 1694//3147
f 1725//3148 1687//3148 1718//3148
f 1725//3149 1694//3149 1687//3149
f 1726//3150 1688//3150 1719//3150
f 1726//3151 1695//3151 1688//3151
f 1727//3152 1696//3152 1689//3152
f 1727//3153 1689//3153 1720//3153
f 1728//3154 1697//3154 1721//3154
f 1729//3155 1691//3155 1722//3155
f 1729//3156 1698//3156 1691//3156
f 1730//3157 1692//3157 1723//3157
f 1730//3158 1699//3158 1692//3158
f 1731//3159 1700//3159 1693//3159
f 1731//3160 1693//3160 1724//3160
f 1731//3161 1707//3161 1700//3161
f 1732//3162 1701//3162 1725//3162
f 1733//3163 1695//3163 1726//3163
f 1733//3164 1702//3164 1695//3164
f 1734//3165 1710//3165 1703//3165
f 1734//3166 1703//3166 1696//3166
f 1734//3167 1696//3167 1727//3167
f 1735//3168 1697//3168 1728//3168
f 1735//3169 1704//3169 1697//3169
f 1736//3170 1705//3170 1698//3170
f 1736//3171 1698//3171 1729//3171
f 1737//3172 1699//3172 1730//3172
f 1737//3173 1706//3173 1699//3173
f 1738//3174 1707//3174 1731//3174
f 1739//3175 1708//3175 1701//3175
f 1739//3176 1701//3176 1732//3176
f 1740//3177 1709//3177 1702//3177
f 1740//3178 1702//3178 1733//3178
f 1740//3179 1741//3179 1678//3179
f 1740//3180 1742//3180 1741//3180
f 1740//3181 1678//3181 1709//3181
f 1743//3182 1710//3182 1734//3182
f 1744//3183 1704//3183 1735//3183
f 1744//3184 1711//3184 1704//3184
f 1745//3185 1712//3185 1705//3185
f 1745//3186 1705//3186 1736//3186
f 1746//3187 1706//3187 1737//3187
f 1746//3188 1713//3188 1706//3188
f 1747//3189 1714//3189 1707//3189
f 1747//3190 1707//3190 1738//3190
f 1748//3191 1715//3191 1708//3191
f 1748//3192 1708//3192 1739//3192
f 1749//3193 1710//3193 1743//3193
f 1749//3194 1716//3194 1710//3194
f 1750//3195 1711//3195 1744//3195
f 1750//3196 1723//3196 1717//3196
f 1750//3197 1717//3197 1711//3197
f 1751//3198 1718//3198 1712//3198
f 1751//3199 1712//3199 1745//3199
f 1752//3200 1713//3200 1746//3200
f 1752//3201 1719//3201 1713//3201
f 1753//3202 1720//3202 1714//3202
f 1753//3203 1714//3203 1747//3203
f 1754//3204 1728//3204 1721//3204
f 1754//3205 1715//3205 1748//3205
f 1754//3206 1721//3206 1715//3206
f 1755//3207 1716//3207 1749//3207
f 1755//3208 1722//3208 1716//3208
f 1756//3209 1723//3209 1750//3209
f 1757//3210 1731//3210 1724//3210
f 1757//3211 1724//3211 263//3211
f 1758//3212 1718//3212 1751//3212
f 1758//3213 1725//3213 1718//3213
f 1759//3214 1719//3214 1752//3214
f 1759//3215 1726//3215 1719//3215
f 1760//3216 1720//3216 1753//3216
f 1760//3217 1727//3217 1720//3217
f 1761//3218 1728//3218 1754//3218
f 1762//3219 1722//3219 1755//3219
f 1762//3220 1729//3220 1722//3220
f 1763//3221 1730//3221 1723//3221
f 1763//3222 1723//3222 1756//3222
f 1764//3223 1731//3223 1757//3223
f 1765//3224 1725//3224 1758//3224
f 1765//3225 1732//3225 1725//3225
f 1766//3226 1726//3226 1759//3226
f 1766//3227 1733//3227 1726//3227
f 1767//3228 1734//3228 1727//3228
f 1767//3229 1727//3229 1760//3229
f 1768//3230 1735//3230 1728//3230
f 1768//3231 1728//3231 1761//3231
f 1769//3232 1736//3232 1729//3232
f 1769//3233 1745//3233 1736//3233
f 1769//3234 1729//3234 1762//3234
f 1770//3235 1730//3235 1763//3235
f 1770//3236 1737//3236 1730//3236
f 1770//3237 1746//3237 1737//3237
f 1771//3238 1731//3238 1764//3238
f 1771//3239 1738//3239 1731//3239
f 1772//3240 1748//3240 1739//3240
f 1772//3241 1732//3241 1765//3241
f 1772//3242 1739//3242 1732//3242
f 1773//3243 1740//3243 1733//3243
f 1773//3244 1733//3244 1766//3244
f 1773//3245 1742//3245 1740//3245
f 1774//3246 1734//3246 1767//3246
f 1774//3247 1749//3247 1743//3247
f 1774//3248 1743//3248 1734//3248
f 1775//3249 1735//3249 1768//3249
f 1775//3250 1744//3250 1735//3250
f 1776//3251 1745//3251 1769//3251
f 1777//3252 1746//3252 1770//3252
f 1778//3253 1747//3253 1738//3253
f 1778//3254 1738//3254 1771//3254
f 1779//3255 1748//3255 1772//3255
f 1780//3256 1749//3256 1774//3256
f 1781//3257 1744//3257 1775//3257
f 1781//3258 1750//3258 1744//3258
f 1782//3259 1758//3259 1751//3259
f 1782//3260 1751//3260 1745//3260
f 1782//3261 1745//3261 1776//3261
f 1783//3262 1752//3262 1746//3262
f 1783//3263 1746//3263 1777//3263
f 1784//3264 1753//3264 1747//3264
f 1784//3265 1747//3265 1778//3265
f 1785//3266 1754//3266 1748//3266
f 1785//3267 1748//3267 1779//3267
f 1786//3268 1755//3268 1749//3268
f 1786//3269 1749//3269 1780//3269
f 1787//3270 1763//3270 1756//3270
f 1787//3271 1756//3271 1750//3271
f 1787//3272 1750//3272 1781//3272
f 1788//3273 1757//3273 263//3273
f 1788//3274 263//3274 266//3274
f 1788//3275 266//3275 268//3275
f 1789//3276 1758//3276 1782//3276
f 1790//3277 1759//3277 1752//3277
f 1790//3278 1752//3278 1783//3278
f 1791//3279 1753//3279 1784//3279
f 1791//3280 1760//3280 1753//3280
f 1792//3281 1754//3281 1785//3281
f 1792//3282 1768//3282 1761//3282
f 1792//3283 1761//3283 1754//3283
f 1793//3284 1755//3284 1786//3284
f 1793//3285 1762//3285 1755//3285
f 1794//3286 1763//3286 1787//3286
f 1795//3287 1764//3287 1757//3287
f 1795//3288 1771//3288 1764//3288
f 1795//3289 1757//3289 1788//3289
f 1796//3290 1765//3290 1758//3290
f 1796//3291 1758//3291 1789//3291
f 1797//3292 1759//3292 1790//3292
f 1797//3293 1766//3293 1759//3293
f 1797//3294 1773//3294 1766//3294
f 1798//3295 1760//3295 1791//3295
f 1798//3296 1767//3296 1760//3296
f 1799//3297 1768//3297 1792//3297
f 1800//3298 1762//3298 1793//3298
f 1800//3299 1769//3299 1762//3299
f 1801//3300 1763//3300 1794//3300
f 1801//3301 1777//3301 1770//3301
f 1801//3302 1770//3302 1763//3302
f 1802//3303 1771//3303 1795//3303
f 1803//3304 1765//3304 1796//3304
f 1803//3305 1772//3305 1765//3305
f 1804//3306 1773//3306 1797//3306
f 1804//3307 1805//3307 1742//3307
f 1804//3308 1806//3308 1805//3308
f 1804//3309 1742//3309 1773//3309
f 1807//3310 1767//3310 1798//3310
f 1807//3311 1774//3311 1767//3311
f 1808//3312 1768//3312 1799//3312
f 1808//3313 1775//3313 1768//3313
f 1809//3314 1769//3314 1800//3314
f 1809//3315 1776//3315 1769//3315
f 1810//3316 1777//3316 1801//3316
f 1811//3317 1784//3317 1778//3317
f 1811//3318 1771//3318 1802//3318
f 1811//3319 1778//3319 1771//3319
f 1812//3320 1779//3320 1772//3320
f 1812//3321 1772//3321 1803//3321
f 1813//3322 1780//3322 1774//3322
f 1813//3323 1774//3323 1807//3323
f 1814//3324 1781//3324 1775//3324
f 1814//3325 1775//3325 1808//3325
f 1815//3326 1782//3326 1776//3326
f 1815//3327 1776//3327 1809//3327
f 1816//3328 1783//3328 1777//3328
f 1816//3329 1777//3329 1810//3329
f 1817//3330 1784//3330 1811//3330
f 1818//3331 1792//3331 1785//3331
f 1818//3332 1779//3332 1812//3332
f 1818//3333 1785//3333 1779//3333
f 1819//3334 1786//3334 1780//3334
f 1819//3335 1780//3335 1813//3335
f 1820//3336 1781//3336 1814//3336
f 1820//3337 1794//3337 1787//3337
f 1820//3338 1787//3338 1781//3338
f 1821//3339 1788//3339 268//3339
f 1822//3340 1782//3340 1815//3340
f 1822//3341 1789//3341 1782//3341
f 1823//3342 1797//3342 1790//3342
f 1823//3343 1790//3343 1783//3343
f 1823//3344 1783//3344 1816//3344
f 1824//3345 1791//3345 1784//3345
f 1824//3346 1784//3346 1817//3346
f 1825//3347 1792//3347 1818//3347
f 1826//3348 1800//3348 1793//3348
f 1826//3349 1793//3349 1786//3349
f 1826//3350 1786//3350 1819//3350
f 1827//3351 1794//3351 1820//3351
f 1828//3352 1795//3352 1788//3352
f 1828//3353 1788//3353 1821//3353
f 1829//3354 1789//3354 1822//3354
f 1829//3355 1796//3355 1789//3355
f 1830//3356 1797//3356 1823//3356
f 1830//3357 1804//3357 1797//3357
f 1831//3358 1798//3358 1791//3358
f 1831//3359 1791//3359 1824//3359
f 1832//3360 1799//3360 1792//3360
f 1832//3361 1792//3361 1825//3361
f 1833//3362 1800//3362 1826//3362
f 1833//3363 1809//3363 1800//3363
f 1834//3364 1801//3364 1794//3364
f 1834//3365 1794//3365 1827//3365
f 1835//3366 1802//3366 1795//3366
f 1835//3367 1795//3367 1828//3367
f 1835//3368 1811//3368 1802//3368
f 1836//3369 1803//3369 1796//3369
f 1836//3370 1796//3370 1829//3370
f 1837//3371 1804//3371 1830//3371
f 1837//3372 1838//3372 1806//3372
f 1837//3373 1806//3373 1804//3373
f 1839//3374 1798//3374 1831//3374
f 1839//3375 1813//3375 1807//3375
f 1839//3376 1807//3376 1798//3376
f 1840//3377 1799//3377 1832//3377
f 1840//3378 1808//3378 1799//3378
f 1841//3379 1815//3379 1809//3379
f 1841//3380 1809//3380 1833//3380
f 1842//3381 1801//3381 1834//3381
f 1842//3382 1810//3382 1801//3382
f 1843//3383 1811//3383 1835//3383
f 1844//3384 1803//3384 1836//3384
f 1844//3385 1812//3385 1803//3385
f 1845//3386 1813//3386 1839//3386
f 1846//3387 1808//3387 1840//3387
f 1846//3388 1814//3388 1808//3388
f 1847//3389 1815//3389 1841//3389
f 1848//3390 1816//3390 1810//3390
f 1848//3391 1810//3391 1842//3391
f 1849//3392 1811//3392 1843//3392
f 1849//3393 1817//3393 1811//3393
f 1850//3394 1818//3394 1812//3394
f 1850//3395 1812//3395 1844//3395
f 1851//3396 1813//3396 1845//3396
f 1851//3397 1819//3397 1813//3397
f 1852//3398 1814//3398 1846//3398
f 1852//3399 1820//3399 1814//3399
f 1852//3400 1827//3400 1820//3400
f 1853//3401 1821//3401 268//3401
f 1853//3402 268//3402 270//3402
f 1853//3403 270//3403 272//3403
f 1854//3404 1829//3404 1822//3404
f 1854//3405 1822//3405 1815//3405
f 1854//3406 1815//3406 1847//3406
f 1855//3407 1816//3407 1848//3407
f 1855//3408 1823//3408 1816//3408
f 1856//3409 1824//3409 1817//3409
f 1856//3410 1831//3410 1824//3410
f 1856//3411 1817//3411 1849//3411
f 1857//3412 1825//3412 1818//3412
f 1857//3413 1818//3413 1850//3413
f 1858//3414 1819//3414 1851//3414
f 1858//3415 1826//3415 1819//3415
f 1859//3416 1827//3416 1852//3416
f 1860//3417 1821//3417 1853//3417
f 1860//3418 1835//3418 1828//3418
f 1860//3419 1828//3419 1821//3419
f 1861//3420 1829//3420 1854//3420
f 1862//3421 1830//3421 1823//3421
f 1862//3422 1823//3422 1855//3422
f 1863//3423 1831//3423 1856//3423
f 1863//3424 1839//3424 1831//3424
f 1864//3425 1825//3425 1857//3425
f 1864//3426 1832//3426 1825//3426
f 1865//3427 1833//3427 1826//3427
f 1865//3428 1826//3428 1858//3428
f 1866//3429 1827//3429 1859//3429
f 1866//3430 1842//3430 1834//3430
f 1866//3431 1834//3431 1827//3431
f 1867//3432 1835//3432 1860//3432
f 1867//3433 1843//3433 1835//3433
f 1868//3434 1836//3434 1829//3434
f 1868//3435 1829//3435 1861//3435
f 1869//3436 1830//3436 1862//3436
f 1869//3437 1837//3437 1830//3437
f 1869//3438 1838//3438 1837//3438
f 1870//3439 1839//3439 1863//3439
f 1871//3440 1832//3440 1864//3440
f 1871//3441 1840//3441 1832//3441
f 1872//3442 1833//3442 1865//3442
f 1872//3443 1841//3443 1833//3443
f 1873//3444 1848//3444 1842//3444
f 1873//3445 1842//3445 1866//3445
f 1874//3446 1843//3446 1867//3446
f 1875//3447 1836//3447 1868//3447
f 1875//3448 1844//3448 1836//3448
f 1876//3449 1839//3449 1870//3449
f 1876//3450 1845//3450 1839//3450
f 1877//3451 1840//3451 1871//3451
f 1877//3452 1846//3452 1840//3452
f 1878//3453 1847//3453 1841//3453
f 1878//3454 1841//3454 1872//3454
f 1879//3455 1848//3455 1873//3455
f 1880//3456 1843//3456 1874//3456
f 1880//3457 1849//3457 1843//3457
f 1881//3458 1844//3458 1875//3458
f 1881//3459 1850//3459 1844//3459
f 1881//3460 1857//3460 1850//3460
f 1882//3461 1851//3461 1845//3461
f 1882//3462 1845//3462 1876//3462
f 1883//3463 1852//3463 1846//3463
f 1883//3464 1846//3464 1877//3464
f 1884//3465 1853//3465 272//3465
f 1885//3466 1854//3466 1847//3466
f 1885//3467 1847//3467 1878//3467
f 1886//3468 1855//3468 1848//3468
f 1886//3469 1862//3469 1855//3469
f 1886//3470 1848//3470 1879//3470
f 1887//3471 1863//3471 1856//3471
f 1887//3472 1849//3472 1880//3472
f 1887//3473 1856//3473 1849//3473
f 1888//3474 1864//3474 1857//3474
f 1888//3475 1857//3475 1881//3475
f 1889//3476 1858//3476 1851//3476
f 1889//3477 1851//3477 1882//3477
f 1890//3478 1859//3478 1852//3478
f 1890//3479 1852//3479 1883//3479
f 1891//3480 1860//3480 1853//3480
f 1891//3481 1853//3481 1884//3481
f 1892//3482 1854//3482 1885//3482
f 1892//3483 1861//3483 1854//3483
f 1893//3484 1862//3484 1886//3484
f 1894//3485 1863//3485 1887//3485
f 1895//3486 1864//3486 1888//3486
f 1896//3487 1858//3487 1889//3487
f 1896//3488 1865//3488 1858//3488
f 1897//3489 1859//3489 1890//3489
f 1897//3490 1866//3490 1859//3490
f 1898//3491 1867//3491 1860//3491
f 1898//3492 1860//3492 1891//3492
f 1899//3493 1868//3493 1861//3493
f 1899//3494 1861//3494 1892//3494
f 1900//3495 1869//3495 1862//3495
f 1900//3496 1862//3496 1893//3496
f 1900//3497 1838//3497 1869//3497
f 1900//3498 1901//3498 1838//3498
f 1900//3499 1902//3499 1901//3499
f 1903//3500 1863//3500 1894//3500
f 1903//3501 1876//3501 1870//3501
f 1903//3502 1870//3502 1863//3502
f 1904//3503 1864//3503 1895//3503
f 1904//3504 1871//3504 1864//3504
f 1905//3505 1865//3505 1896//3505
f 1905//3506 1878//3506 1872//3506
f 1905//3507 1872//3507 1865//3507
f 1906//3508 1866//3508 1897//3508
f 1906//3509 1873//3509 1866//3509
f 1907//3510 1874//3510 1867//3510
f 1907//3511 1867//3511 1898//3511
f 1908//3512 1868//3512 1899//3512
f 1908//3513 1875//3513 1868//3513
f 1909//3514 1876//3514 1903//3514
f 1910//3515 1871//3515 1904//3515
f 1910//3516 1877//3516 1871//3516
f 1911//3517 1878//3517 1905//3517
f 1912//3518 1873//3518 1906//3518
f 1912//3519 1879//3519 1873//3519
f 1913//3520 1874//3520 1907//3520
f 1913//3521 1880//3521 1874//3521
f 1914//3522 1881//3522 1875//3522
f 1914//3523 1875//3523 1908//3523
f 1915//3524 1876//3524 1909//3524
f 1915//3525 1882//3525 1876//3525
f 1915//3526 1889//3526 1882//3526
f 1916//3527 1890//3527 1883//3527
f 1916//3528 1877//3528 1910//3528
f 1916//3529 1883//3529 1877//3529
f 1917//3530 1891//3530 1884//3530
f 1917//3531 1884//3531 272//3531
f 1917//3532 272//3532 275//3532
f 1918//3533 1892//3533 1885//3533
f 1918//3534 1885//3534 1878//3534
f 1918//3535 1878//3535 1911//3535
f 1919//3536 1886//3536 1879//3536
f 1919//3537 1879//3537 1912//3537
f 1920//3538 1887//3538 1880//3538
f 1920//3539 1880//3539 1913//3539
f 1921//3540 1888//3540 1881//3540
f 1921//3541 1881//3541 1914//3541
f 1922//3542 1889//3542 1915//3542
f 1923//3543 1890//3543 1916//3543
f 1924//3544 1898//3544 1891//3544
f 1924//3545 1891//3545 1917//3545
f 1925//3546 1899//3546 1892//3546
f 1925//3547 1892//3547 1918//3547
f 1926//3548 1886//3548 1919//3548
f 1926//3549 1893//3549 1886//3549
f 1927//3550 1894//3550 1887//3550
f 1927//3551 1887//3551 1920//3551
f 1928//3552 1888//3552 1921//3552
f 1928//3553 1895//3553 1888//3553
f 1929//3554 1889//3554 1922//3554
f 1929//3555 1896//3555 1889//3555
f 1930//3556 1897//3556 1890//3556
f 1930//3557 1890//3557 1923//3557
f 1931//3558 1898//3558 1924//3558
f 1931//3559 1907//3559 1898//3559
f 1932//3560 1899//3560 1925//3560
f 1933//3561 1893//3561 1926//3561
f 1933//3562 1900//3562 1893//3562
f 1933//3563 1902//3563 1900//3563
f 1934//3564 1903//3564 1894//3564
f 1934//3565 1894//3565 1927//3565
f 1935//3566 1895//3566 1928//3566
f 1935//3567 1904//3567 1895//3567
f 1936//3568 1911//3568 1905//3568
f 1936//3569 1905//3569 1896//3569
f 1936//3570 1896//3570 1929//3570
f 1937//3571 1906//3571 1897//3571
f 1937//3572 1897//3572 1930//3572
f 1938//3573 1907//3573 1931//3573
f 1939//3574 1908//3574 1899//3574
f 1939//3575 1899//3575 1932//3575
f 1939//3576 1914//3576 1908//3576
f 1940//3577 1903//3577 1934//3577
f 1940//3578 1909//3578 1903//3578
f 1941//3579 1904//3579 1935//3579
f 1941//3580 1910//3580 1904//3580
f 1942//3581 1911//3581 1936//3581
f 1943//3582 1906//3582 1937//3582
f 1943//3583 1912//3583 1906//3583
f 1944//3584 1913//3584 1907//3584
f 1944//3585 1907//3585 1938//3585
f 1945//3586 1914//3586 1939//3586
f 1945//3587 1921//3587 1914//3587
f 1946//3588 1909//3588 1940//3588
f 1946//3589 1915//3589 1909//3589
f 1947//3590 1910//3590 1941//3590
f 1947//3591 1916//3591 1910//3591
f 1948//3592 1917//3592 275//3592
f 1948//3593 275//3593 277//3593
f 1948//3594 277//3594 279//3594
f 1949//3595 1918//3595 1911//3595
f 1949//3596 1911//3596 1942//3596
f 1949//3597 1925//3597 1918//3597
f 1950//3598 1926//3598 1919//3598
f 1950//3599 1919//3599 1912//3599
f 1950//3600 1912//3600 1943//3600
f 1951//3601 1920//3601 1913//3601
f 1951//3602 1913//3602 1944//3602
f 1951//3603 1927//3603 1920//3603
f 1952//3604 1921//3604 1945//3604
f 1953//3605 1922//3605 1915//3605
f 1953//3606 1915//3606 1946//3606
f 1954//3607 1923//3607 1916//3607
f 1954//3608 1916//3608 1947//3608
f 1955//3609 1917//3609 1948//3609
f 1955//3610 1924//3610 1917//3610
f 1956//3611 1932//3611 1925//3611
f 1956//3612 1925//3612 1949//3612
f 1957//3613 1926//3613 1950//3613
f 1958//3614 1927//3614 1951//3614
f 1959//3615 1928//3615 1921//3615
f 1959//3616 1921//3616 1952//3616
f 1959//3617 1935//3617 1928//3617
f 1960//3618 1929//3618 1922//3618
f 1960//3619 1922//3619 1953//3619
f 1961//3620 1923//3620 1954//3620
f 1961//3621 1930//3621 1923//3621
f 1962//3622 1924//3622 1955//3622
f 1962//3623 1931//3623 1924//3623
f 1963//3624 1932//3624 1956//3624
f 1964//3625 1933//3625 1926//3625
f 1964//3626 1902//3626 1933//3626
f 1964//3627 1965//3627 1902//3627
f 1964//3628 1966//3628 1965//3628
f 1964//3629 1926//3629 1957//3629
f 1967//3630 1934//3630 1927//3630
f 1967//3631 1927//3631 1958//3631
f 1968//3632 1935//3632 1959//3632
f 1969//3633 1936//3633 1929//3633
f 1969//3634 1929//3634 1960//3634
f 1970//3635 1930//3635 1961//3635
f 1970//3636 1937//3636 1930//3636
f 1971//3637 1931//3637 1962//3637
f 1971//3638 1938//3638 1931//3638
f 1972//3639 1932//3639 1963//3639
f 1972//3640 1939//3640 1932//3640
f 1972//3641 1945//3641 1939//3641
f 1973//3642 1934//3642 1967//3642
f 1973//3643 1940//3643 1934//3643
f 1974//3644 1935//3644 1968//3644
f 1974//3645 1941//3645 1935//3645
f 1975//3646 1936//3646 1969//3646
f 1975//3647 1942//3647 1936//3647
f 1976//3648 1943//3648 1937//3648
f 1976//3649 1937//3649 1970//3649
f 1977//3650 1944//3650 1938//3650
f 1977//3651 1938//3651 1971//3651
f 1978//3652 1945//3652 1972//3652
f 1978//3653 1952//3653 1945//3653
f 1979//3654 1940//3654 1973//3654
f 1979//3655 1946//3655 1940//3655
f 1979//3656 1953//3656 1946//3656
f 1980//3657 1954//3657 1947//3657
f 1980//3658 1941//3658 1974//3658
f 1980//3659 1947//3659 1941//3659
f 1981//3660 279//3660 281//3660
f 1981//3661 1948//3661 279//3661
f 1982//3662 1949//3662 1942//3662
f 1982//3663 1942//3663 1975//3663
f 1983//3664 1943//3664 1976//3664
f 1983//3665 1950//3665 1943//3665
f 1984//3666 1951//3666 1944//3666
f 1984//3667 1944//3667 1977//3667
f 1985//3668 1952//3668 1978//3668
f 1986//3669 1953//3669 1979//3669
f 1987//3670 1961//3670 1954//3670
f 1987//3671 1954//3671 1980//3671
f 1988//3672 1948//3672 1981//3672
f 1988//3673 1955//3673 1948//3673
f 1988//3674 1962//3674 1955//3674
f 1989//3675 1956//3675 1949//3675
f 1989//3676 1949//3676 1982//3676
f 1990//3677 1957//3677 1950//3677
f 1990//3678 1950//3678 1983//3678
f 1991//3679 1958//3679 1951//3679
f 1991//3680 1951//3680 1984//3680
f 1992//3681 1959//3681 1952//3681
f 1992//3682 1952//3682 1985//3682
f 1993//3683 1960//3683 1953//3683
f 1993//3684 1953//3684 1986//3684
f 1994//3685 1961//3685 1987//3685
f 1995//3686 1971//3686 1962//3686
f 1995//3687 1962//3687 1988//3687
f 1996//3688 1963//3688 1956//3688
f 1996//3689 1956//3689 1989//3689
f 1997//3690 1957//3690 1990//3690
f 1997//3691 1964//3691 1957//3691
f 1997//3692 1966//3692 1964//3692
f 1998//3693 1967//3693 1958//3693
f 1998//3694 1958//3694 1991//3694
f 1999//3695 1968//3695 1959//3695
f 1999//3696 1959//3696 1992//3696
f 2000//3697 1975//3697 1969//3697
f 2000//3698 1969//3698 1960//3698
f 2000//3699 1960//3699 1993//3699
f 2001//3700 1961//3700 1994//3700
f 2001//3701 1970//3701 1961//3701
f 2002//3702 1971//3702 1995//3702
f 2003//3703 1972//3703 1963//3703
f 2003//3704 1963//3704 1996//3704
f 2004//3705 1973//3705 1967//3705
f 2004//3706 1967//3706 1998//3706
f 2005//3707 1968//3707 1999//3707
f 2005//3708 1974//3708 1968//3708
f 2005//3709 1980//3709 1974//3709
f 2006//3710 1975//3710 2000//3710
f 2007//3711 1970//3711 2001//3711
f 2007//3712 1976//3712 1970//3712
f 2007//3713 1983//3713 1976//3713
f 2008//3714 1971//3714 2002//3714
f 2008//3715 1977//3715 1971//3715
f 2008//3716 1984//3716 1977//3716
f 2009//3717 1978//3717 1972//3717
f 2009//3718 1972//3718 2003//3718
f 2010//3719 1973//3719 2004//3719
f 2010//3720 1979//3720 1973//3720
f 2011//3721 1980//3721 2005//3721
f 2012//3722 1981//3722 281//3722
f 2013//3723 1975//3723 2006//3723
f 2013//3724 1989//3724 1982//3724
f 2013//3725 1982//3725 1975//3725
f 2014//3726 1983//3726 2007//3726
f 2015//3727 1984//3727 2008//3727
f 2016//3728 1978//3728 2009//3728
f 2016//3729 1985//3729 1978//3729
f 2017//3730 1979//3730 2010//3730
f 2017//3731 1986//3731 1979//3731
f 2018//3732 1994//3732 1987//3732
f 2018//3733 1987//3733 1980//3733
f 2018//3734 1980//3734 2011//3734
f 2019//3735 1981//3735 2012//3735
f 2019//3736 1988//3736 1981//3736
f 2020//3737 1996//3737 1989//3737
f 2020//3738 1989//3738 2013//3738
f 2021//3739 1983//3739 2014//3739
f 2021//3740 1990//3740 1983//3740
f 2021//3741 1997//3741 1990//3741
f 2022//3742 1998//3742 1991//3742
f 2022//3743 1984//3743 2015//3743
f 2022//3744 1991//3744 1984//3744
f 2023//3745 1992//3745 1985//3745
f 2023//3746 1985//3746 2016//3746
f 2024//3747 1986//3747 2017//3747
f 2024//3748 1993//3748 1986//3748
f 2025//3749 1994//3749 2018//3749
f 2026//3750 1995//3750 1988//3750
f 2026//3751 2002//3751 1995//3751
f 2026//3752 1988//3752 2019//3752
f 2027//3753 1996//3753 2020//3753
f 2028//3754 1997//3754 2021//3754
f 2028//3755 1966//3755 1997//3755
f 2028//3756 2029//3756 1966//3756
f 2028//3757 2030//3757 2029//3757
f 2031//3758 1998//3758 2022//3758
f 2032//3759 1999//3759 1992//3759
f 2032//3760 1992//3760 2023//3760
f 2033//3761 2000//3761 1993//3761
f 2033//3762 1993//3762 2024//3762
f 2034//3763 1994//3763 2025//3763
f 2034//3764 2001//3764 1994//3764
f 2035//3765 2002//3765 2026//3765
f 2036//3766 1996//3766 2027//3766
f 2036//3767 2003//3767 1996//3767
f 2037//3768 2004//3768 1998//3768
f 2037//3769 1998//3769 2031//3769
f 2038//3770 1999//3770 2032//3770
f 2038//3771 2005//3771 1999//3771
f 2039//3772 2006//3772 2000//3772
f 2039//3773 2000//3773 2033//3773
f 2040//3774 2001//3774 2034//3774
f 2040//3775 2007//3775 2001//3775
f 2040//3776 2014//3776 2007//3776
f 2041//3777 2002//3777 2035//3777
f 2041//3778 2008//3778 2002//3778
f 2042//3779 2009//3779 2003//3779
f 2042//3780 2016//3780 2009//3780
f 2042//3781 2003//3781 2036//3781
f 2043//3782 2004//3782 2037//3782
f 2043//3783 2010//3783 2004//3783
f 2043//3784 2017//3784 2010//3784
f 2044//3785 2005//3785 2038//3785
f 2044//3786 2011//3786 2005//3786
f 2045//3787 2012//3787 281//3787
f 2045//3788 281//3788 283//3788
f 2045//3789 283//3789 286//3789
f 2046//3790 2006//3790 2039//3790
f 2046//3791 2013//3791 2006//3791
f 2047//3792 2014//3792 2040//3792
f 2048//3793 2015//3793 2008//3793
f 2048//3794 2008//3794 2041//3794
f 2049//3795 2016//3795 2042//3795
f 2050//3796 2017//3796 2043//3796
f 2051//3797 2011//3797 2044//3797
f 2051//3798 2018//3798 2011//3798
f 2052//3799 2026//3799 2019//3799
f 2052//3800 2012//3800 2045//3800
f 2052//3801 2019//3801 2012//3801
f 2053//3802 2020//3802 2013//3802
f 2053//3803 2013//3803 2046//3803
f 2054//3804 2028//3804 2021//3804
f 2054//3805 2014//3805 2047//3805
f 2054//3806 2021//3806 2014//3806
f 2055//3807 2031//3807 2022//3807
f 2055//3808 2015//3808 2048//3808
f 2055//3809 2022//3809 2015//3809
f 2056//3810 2023//3810 2016//3810
f 2056//3811 2016//3811 2049//3811
f 2057//3812 2024//3812 2017//3812
f 2057//3813 2033//3813 2024//3813
f 2057//3814 2017//3814 2050//3814
f 2058//3815 2018//3815 2051//3815
f 2058//3816 2025//3816 2018//3816
f 2059//3817 2026//3817 2052//3817
f 2060//3818 2020//3818 2053//3818
f 2060//3819 2027//3819 2020//3819
f 2061//3820 2030//3820 2028//3820
f 2061//3821 2028//3821 2054//3821
f 2062//3822 2031//3822 2055//3822
f 2063//3823 2023//3823 2056//3823
f 2063//3824 2032//3824 2023//3824
f 2064//3825 2033//3825 2057//3825
f 2064//3826 2039//3826 2033//3826
f 2065//3827 2034//3827 2025//3827
f 2065//3828 2025//3828 2058//3828
f 2066//3829 2026//3829 2059//3829
f 2066//3830 2035//3830 2026//3830
f 2067//3831 2027//3831 2060//3831
f 2067//3832 2036//3832 2027//3832
f 2068//3833 2031//3833 2062//3833
f 2068//3834 2037//3834 2031//3834
f 2069//3835 2032//3835 2063//3835
f 2069//3836 2038//3836 2032//3836
f 2069//3837 2044//3837 2038//3837
f 2070//3838 2039//3838 2064//3838
f 2070//3839 2046//3839 2039//3839
f 2071//3840 2040//3840 2034//3840
f 2071//3841 2034//3841 2065//3841
f 2072//3842 2035//3842 2066//3842
f 2072//3843 2041//3843 2035//3843
f 2073//3844 2042//3844 2036//3844
f 2073//3845 2036//3845 2067//3845
f 2074//3846 2043//3846 2037//3846
f 2074//3847 2037//3847 2068//3847
f 2075//3848 2044//3848 2069//3848
f 2075//3849 2051//3849 2044//3849
f 2076//3850 2045//3850 286//3850
f 2076//3851 286//3851 288//3851
f 2077//3852 2046//3852 2070//3852
f 2077//3853 2053//3853 2046//3853
f 2078//3854 2040//3854 2071//3854
f 2078//3855 2047//3855 2040//3855
f 2079//3856 2048//3856 2041//3856
f 2079//3857 2041//3857 2072//3857
f 2080//3858 2042//3858 2073//3858
f 2080//3859 2049//3859 2042//3859
f 2080//3860 2056//3860 2049//3860
f 2081//3861 2043//3861 2074//3861
f 2081//3862 2050//3862 2043//3862
f 2082//3863 2051//3863 2075//3863
f 2082//3864 2058//3864 2051//3864
f 2083//3865 2045//3865 2076//3865
f 2083//3866 2052//3866 2045//3866
f 2084//3867 2053//3867 2077//3867
f 2084//3868 2060//3868 2053//3868
f 2085//3869 2047//3869 2078//3869
f 2085//3870 2054//3870 2047//3870
f 2086//3871 2055//3871 2048//3871
f 2086//3872 2048//3872 2079//3872
f 2087//3873 2056//3873 2080//3873
f 2088//3874 2057//3874 2050//3874
f 2088//3875 2050//3875 2081//3875
f 2088//3876 2064//3876 2057//3876
f 2089//3877 2065//3877 2058//3877
f 2089//3878 2058//3878 2082//3878
f 2090//3879 2059//3879 2052//3879
f 2090//3880 2066//3880 2059//3880
f 2090//3881 2052//3881 2083//3881
f 2091//3882 2060//3882 2084//3882
f 2092//3883 2061//3883 2054//3883
f 2092//3884 2030//3884 2061//3884
f 2092//3885 2054//3885 2085//3885
f 2092//3886 2093//3886 2030//3886
f 2092//3887 2094//3887 2093//3887
f 2095//3888 2055//3888 2086//3888
f 2095//3889 2062//3889 2055//3889
f 2096//3890 2056//3890 2087//3890
f 2096//3891 2063//3891 2056//3891
f 2097//3892 2070//3892 2064//3892
f 2097//3893 2064//3893 2088//3893
f 2098//3894 2065//3894 2089//3894
f 2099//3895 2066//3895 2090//3895
f 2100//3896 2067//3896 2060//3896
f 2100//3897 2073//3897 2067//3897
f 2100//3898 2060//3898 2091//3898
f 2101//3899 2068//3899 2062//3899
f 2101//3900 2062//3900 2095//3900
f 2102//3901 2069//3901 2063//3901
f 2102//3902 2063//3902 2096//3902
f 2103//3903 2077//3903 2070//3903
f 2103//3904 2070//3904 2097//3904
f 2104//3905 2065//3905 2098//3905
f 2104//3906 2078//3906 2071//3906
f 2104//3907 2071//3907 2065//3907
f 2105//3908 2072//3908 2066//3908
f 2105//3909 2066//3909 2099//3909
f 2106//3910 2073//3910 2100//3910
f 2107//3911 2074//3911 2068//3911
f 2107//3912 2068//3912 2101//3912
f 2108//3913 2075//3913 2069//3913
f 2108//3914 2069//3914 2102//3914
f 2109//3915 2076//3915 288//3915
f 2110//3916 2077//3916 2103//3916
f 2110//3917 2084//3917 2077//3917
f 2111//3918 2078//3918 2104//3918
f 2112//3919 2079//3919 2072//3919
f 2112//3920 2072//3920 2105//3920
f 2113//3921 2080//3921 2073//3921
f 2113//3922 2073//3922 2106//3922
f 2114//3923 2074//3923 2107//3923
f 2114//3924 2081//3924 2074//3924
f 2115//3925 2082//3925 2075//3925
f 2115//3926 2075//3926 2108//3926
f 2116//3927 2090//3927 2083//3927
f 2116//3928 2076//3928 2109//3928
f 2116//3929 2083//3929 2076//3929
f 2117//3930 2084//3930 2110//3930
f 2117//3931 2091//3931 2084//3931
f 2118//3932 2092//3932 2085//3932
f 2118//3933 2078//3933 2111//3933
f 2118//3934 2085//3934 2078//3934
f 2119//3935 2079//3935 2112//3935
f 2119//3936 2086//3936 2079//3936
f 2120//3937 2080//3937 2113//3937
f 2120//3938 2087//3938 2080//3938
f 2121//3939 2081//3939 2114//3939
f 2121//3940 2088//3940 2081//3940
f 2122//3941 2082//3941 2115//3941
f 2122//3942 2089//3942 2082//3942
f 2123//3943 2090//3943 2116//3943
f 2124//3944 2091//3944 2117//3944
f 2125//3945 2094//3945 2092//3945
f 2125//3946 2092//3946 2118//3946
f 2126//3947 2095//3947 2086//3947
f 2126//3948 2086//3948 2119//3948
f 2127//3949 2096//3949 2087//3949
f 2127//3950 2087//3950 2120//3950
f 2128//3951 2097//3951 2088//3951
f 2128//3952 2088//3952 2121//3952
f 2129//3953 2089//3953 2122//3953
f 2129//3954 2098//3954 2089//3954
f 2130//3955 2099//3955 2090//3955
f 2130//3956 2090//3956 2123//3956
f 2131//3957 2106//3957 2100//3957
f 2131//3958 2100//3958 2091//3958
f 2131//3959 2091//3959 2124//3959
f 2132//3960 2095//3960 2126//3960
f 2132//3961 2101//3961 2095//3961
f 2133//3962 2108//3962 2102//3962
f 2133//3963 2096//3963 2127//3963
f 2133//3964 2102//3964 2096//3964
f 2134//3965 2103//3965 2097//3965
f 2134//3966 2097//3966 2128//3966
f 2135//3967 2098//3967 2129//3967
f 2135//3968 2104//3968 2098//3968
f 2136//3969 2099//3969 2130//3969
f 2136//3970 2105//3970 2099//3970
f 2137//3971 2113//3971 2106//3971
f 2137//3972 2106//3972 2131//3972
f 2138//3973 2114//3973 2107//3973
f 2138//3974 2101//3974 2132//3974
f 2138//3975 2107//3975 2101//3975
f 2139//3976 2108//3976 2133//3976
f 2140//3977 2109//3977 288//3977
f 2140//3978 288//3978 290//3978
f 2140//3979 290//3979 292//3979
f 2141//3980 2110//3980 2103//3980
f 2141//3981 2103//3981 2134//3981
f 2142//3982 2104//3982 2135//3982
f 2142//3983 2111//3983 2104//3983
f 2143//3984 2105//3984 2136//3984
f 2143//3985 2112//3985 2105//3985
f 2144//3986 2113//3986 2137//3986
f 2145//3987 2114//3987 2138//3987
f 2146//3988 2108//3988 2139//3988
f 2146//3989 2115//3989 2108//3989
f 2146//3990 2122//3990 2115//3990
f 2147//3991 2109//3991 2140//3991
f 2147//3992 2116//3992 2109//3992
f 2148//3993 2117//3993 2110//3993
f 2148//3994 2110//3994 2141//3994
f 2149//3995 2111//3995 2142//3995
f 2149//3996 2118//3996 2111//3996
f 2150//3997 2119//3997 2112//3997
f 2150//3998 2112//3998 2143//3998
f 2151//3999 2113//3999 2144//3999
f 2151//4000 2120//4000 2113//4000
f 2152//4001 2121//4001 2114//4001
f 2152//4002 2114//4002 2145//4002
f 2153//4003 2122//4003 2146//4003
f 2154//4004 2123//4004 2116//4004
f 2154//4005 2116//4005 2147//4005
f 2155//4006 2117//4006 2148//4006
f 2155//4007 2124//4007 2117//4007
f 2156//4008 2125//4008 2118//4008
f 2156//4009 2118//4009 2149//4009
f 2156//4010 2094//4010 2125//4010
f 2156//4011 2157//4011 2094//4011
f 2158//4012 2126//4012 2119//4012
f 2158//4013 2119//4013 2150//4013
f 2159//4014 2127//4014 2120//4014
f 2159//4015 2120//4015 2151//4015
f 2160//4016 2128//4016 2121//4016
f 2160//4017 2121//4017 2152//4017
f 2161//4018 2135//4018 2129//4018
f 2161//4019 2122//4019 2153//4019
f 2161//4020 2129//4020 2122//4020
f 2162//4021 2123//4021 2154//4021
f 2162//4022 2130//4022 2123//4022
f 2163//4023 2124//4023 2155//4023
f 2163//4024 2131//4024 2124//4024
f 2164//4025 2132//4025 2126//4025
f 2164//4026 2126//4026 2158//4026
f 2165//4027 2133//4027 2127//4027
f 2165//4028 2127//4028 2159//4028
f 2166//4029 2134//4029 2128//4029
f 2166//4030 2128//4030 2160//4030
f 2167//4031 2142//4031 2135//4031
f 2167//4032 2135//4032 2161//4032
f 2168//4033 2136//4033 2130//4033
f 2168//4034 2130//4034 2162//4034
f 2169//4035 2137//4035 2131//4035
f 2169//4036 2131//4036 2163//4036
f 2170//4037 2132//4037 2164//4037
f 2170//4038 2138//4038 2132//4038
f 2171//4039 2139//4039 2133//4039
f 2171//4040 2146//4040 2139//4040
f 2171//4041 2133//4041 2165//4041
f 2172//4042 2140//4042 292//4042
f 2172//4043 292//4043 35//4043
f 2173//4044 2148//4044 2141//4044
f 2173//4045 2141//4045 2134//4045
f 2173//4046 2134//4046 2166//4046
f 2174//4047 2142//4047 2167//4047
f 2175//4048 2136//4048 2168//4048
f 2175//4049 2143//4049 2136//4049
f 2176//4050 2144//4050 2137//4050
f 2176//4051 2137//4051 2169//4051
f 2177//4052 2138//4052 2170//4052
f 2177//4053 2145//4053 2138//4053
f 2178//4054 2146//4054 2171//4054
f 2178//4055 2153//4055 2146//4055
f 2179//4056 2147//4056 2140//4056
f 2179//4057 2140//4057 2172//4057
f 2179//4058 2154//4058 2147//4058
f 2179//4059 35//4059 37//4059
f 2179//4060 2172//4060 35//4060
f 2179//4061 37//4061 38//4061
f 2180//4062 2148//4062 2173//4062
f 2181//4063 2142//4063 2174//4063
f 2181//4064 2149//4064 2142//4064
f 2182//4065 2150//4065 2143//4065
f 2182//4066 2143//4066 2175//4066
f 2183//4067 2151//4067 2144//4067
f 2183//4068 2144//4068 2176//4068
f 2184//4069 2145//4069 2177//4069
f 2184//4070 2152//4070 2145//4070
f 2185//4071 2153//4071 2178//4071
f 2185//4072 2161//4072 2153//4072
f 2186//4073 2154//4073 2179//4073
f 2186//4074 2179//4074 38//4074
f 2187//4075 2148//4075 2180//4075
f 2187//4076 2155//4076 2148//4076
f 2188//4077 2156//4077 2149//4077
f 2188//4078 2149//4078 2181//4078
f 2188//4079 2189//4079 2157//4079
f 2188//4080 2157//4080 2156//4080
f 2190//4081 2150//4081 2182//4081
f 2190//4082 2158//4082 2150//4082
f 2191//4083 2159//4083 2151//4083
f 2191//4084 2151//4084 2183//4084
f 2192//4085 2160//4085 2152//4085
f 2192//4086 2152//4086 2184//4086
f 2193//4087 2161//4087 2185//4087
f 2194//4088 2162//4088 2154//4088
f 2194//4089 2186//4089 38//4089
f 2194//4090 2154//4090 2186//4090
f 2194//4091 38//4091 39//4091
f 2195//4092 2155//4092 2187//4092
f 2195//4093 2163//4093 2155//4093
f 2196//4094 2158//4094 2190//4094
f 2196//4095 2164//4095 2158//4095
f 2197//4096 2165//4096 2159//4096
f 2197//4097 2159//4097 2191//4097
f 2198//4098 2160//4098 2192//4098
f 2198//4099 2166//4099 2160//4099
f 2199//4100 2167//4100 2161//4100
f 2199//4101 2161//4101 2193//4101
f 2199//4102 2174//4102 2167//4102
f 2200//4103 2194//4103 39//4103
f 2200//4104 40//4104 41//4104
f 2200//4105 2162//4105 2194//4105
f 2200//4106 2168//4106 2162//4106
f 2200//4107 39//4107 40//4107
f 2201//4108 2163//4108 2195//4108
f 2201//4109 2176//4109 2169//4109
f 2201//4110 2169//4110 2163//4110
f 2202//4111 2170//4111 2164//4111
f 2202//4112 2164//4112 2196//4112
f 2203//4113 2165//4113 2197//4113
f 2203//4114 2171//4114 2165//4114
f 2204//4115 2166//4115 2198//4115
f 2204//4116 2173//4116 2166//4116
f 2205//4117 2174//4117 2199//4117
f 2206//4118 2175//4118 2168//4118
f 2206//4119 2200//4119 41//4119
f 2206//4120 2168//4120 2200//4120
f 2207//4121 2176//4121 2201//4121
f 2208//4122 2170//4122 2202//4122
f 2208//4123 2177//4123 2170//4123
f 2209//4124 2178//4124 2171//4124
f 2209//4125 2171//4125 2203//4125
f 2210//4126 2173//4126 2204//4126
f 2210//4127 2180//4127 2173//4127
f 2211//4128 2174//4128 2205//4128
f 2211//4129 2181//4129 2174//4129
f 2211//4130 2188//4130 2181//4130
f 2212//4131 41//4131 42//4131
f 2212//4132 2175//4132 2206//4132
f 2212//4133 2182//4133 2175//4133
f 2212//4134 2206//4134 41//4134
f 2213//4135 2183//4135 2176//4135
f 2213//4136 2176//4136 2207//4136
f 2214//4137 2177//4137 2208//4137
f 2214//4138 2184//4138 2177//4138
f 2215//4139 2178//4139 2209//4139
f 2215//4140 2185//4140 2178//4140
f 2215//4141 2193//4141 2185//4141
f 2216//4142 2187//4142 2180//4142
f 2216//4143 2180//4143 2210//4143
f 2217//4144 2188//4144 2211//4144
f 2217//4145 2218//4145 2189//4145
f 2217//4146 2219//4146 2218//4146
f 2217//4147 2189//4147 2188//4147
f 2220//4148 42//4148 43//4148
f 2220//4149 2182//4149 2212//4149
f 2220//4150 2190//4150 2182//4150
f 2220//4151 2212//4151 42//4151
f 2221//4152 2191//4152 2183//4152
f 2221//4153 2183//4153 2213//4153
f 2222//4154 2184//4154 2214//4154
f 2222//4155 2198//4155 2192//4155
f 2222//4156 2192//4156 2184//4156
f 2223//4157 2193//4157 2215//4157
f 2224//4158 2195//4158 2187//4158
f 2224//4159 2187//4159 2216//4159
f 2225//4160 43//4160 44//4160
f 2225//4161 2196//4161 2190//4161
f 2225//4162 2190//4162 2220//4162
f 2225//4163 2220//4163 43//4163
f 2226//4164 2191//4164 2221//4164
f 2226//4165 2197//4165 2191//4165
f 2227//4166 2198//4166 2222//4166
f 2228//4167 2193//4167 2223//4167
f 2228//4168 2199//4168 2193//4168
f 2229//4169 2195//4169 2224//4169
f 2229//4170 2201//4170 2195//4170
f 2230//4171 2225//4171 44//4171
f 2230//4172 44//4172 45//4172
f 2230//4173 2202//4173 2196//4173
f 2230//4174 2196//4174 2225//4174
f 2230//4175 2208//4175 2202//4175
f 2231//4176 2203//4176 2197//4176
f 2231//4177 2197//4177 2226//4177
f 2232//4178 2204//4178 2198//4178
f 2232//4179 2198//4179 2227//4179
f 2233//4180 2205//4180 2199//4180
f 2233//4181 2199//4181 2228//4181
f 2234//4182 2201//4182 2229//4182
f 2234//4183 2207//4183 2201//4183
f 2235//4184 2208//4184 2230//4184
f 2235//4185 45//4185 46//4185
f 2235//4186 2230//4186 45//4186
f 2236//4187 2209//4187 2203//4187
f 2236//4188 2203//4188 2231//4188
f 2237//4189 2204//4189 2232//4189
f 2237//4190 2210//4190 2204//4190
f 2238//4191 2211//4191 2205//4191
f 2238//4192 2205//4192 2233//4192
f 2239//4193 2213//4193 2207//4193
f 2239//4194 2207//4194 2234//4194
f 2240//4195 2235//4195 46//4195
f 2240//4196 46//4196 47//4196
f 2240//4197 2214//4197 2208//4197
f 2240//4198 2208//4198 2235//4198
f 2241//4199 2215//4199 2209//4199
f 2241//4200 2209//4200 2236//4200
f 2242//4201 2210//4201 2237//4201
f 2242//4202 2216//4202 2210//4202
f 2243//4203 2217//4203 2211//4203
f 2243//4204 2211//4204 2238//4204
f 2243//4205 2219//4205 2217//4205
f 2244//4206 2221//4206 2213//4206
f 2244//4207 2213//4207 2239//4207
f 2245//4208 47//4208 48//4208
f 2245//4209 2214//4209 2240//4209
f 2245//4210 2222//4210 2214//4210
f 2245//4211 2240//4211 47//4211
f 2246//4212 2215//4212 2241//4212
f 2246//4213 2223//4213 2215//4213
f 2247//4214 2224//4214 2216//4214
f 2247//4215 2216//4215 2242//4215
f 2248//4216 2221//4216 2244//4216
f 2248//4217 2226//4217 2221//4217
f 2249//4218 48//4218 50//4218
f 2249//4219 2245//4219 48//4219
f 2249//4220 2222//4220 2245//4220
f 2249//4221 2227//4221 2222//4221
f 2250//4222 2233//4222 2228//4222
f 2250//4223 2223//4223 2246//4223
f 2250//4224 2228//4224 2223//4224
f 2251//4225 2229//4225 2224//4225
f 2251//4226 2224//4226 2247//4226
f 2252//4227 2226//4227 2248//4227
f 2252//4228 2231//4228 2226//4228
f 2253//4229 2232//4229 2227//4229
f 2253//4230 50//4230 51//4230
f 2253//4231 2249//4231 50//4231
f 2253//4232 2227//4232 2249//4232
f 2254//4233 2233//4233 2250//4233
f 2255//4234 2229//4234 2251//4234
f 2255//4235 2234//4235 2229//4235
f 2256//4236 2231//4236 2252//4236
f 2256//4237 2236//4237 2231//4237
f 2257//4238 51//4238 52//4238
f 2257//4239 2237//4239 2232//4239
f 2257//4240 2232//4240 2253//4240
f 2257//4241 2253//4241 51//4241
f 2258//4242 2238//4242 2233//4242
f 2258//4243 2233//4243 2254//4243
f 2259//4244 2234//4244 2255//4244
f 2259//4245 2239//4245 2234//4245
f 2260//4246 2241//4246 2236//4246
f 2260//4247 2236//4247 2256//4247
f 2261//4248 52//4248 53//4248
f 2261//4249 2242//4249 2237//4249
f 2261//4250 2257//4250 52//4250
f 2261//4251 2237//4251 2257//4251
f 2262//4252 2243//4252 2238//4252
f 2262//4253 2219//4253 2243//4253
f 2262//4254 2238//4254 2258//4254
f 2262//4255 2263//4255 2219//4255
f 2264//4256 2244//4256 2239//4256
f 2264//4257 2239//4257 2259//4257
f 2265//4258 2246//4258 2241//4258
f 2265//4259 2241//4259 2260//4259
f 2266//4260 53//4260 54//4260
f 2266//4261 2247//4261 2242//4261
f 2266//4262 2261//4262 53//4262
f 2266//4263 2242//4263 2261//4263
f 2267//4264 2248//4264 2244//4264
f 2267//4265 2244//4265 2264//4265
f 2268//4266 2250//4266 2246//4266
f 2268//4267 2246//4267 2265//4267
f 2269//4268 54//4268 55//4268
f 2269//4269 2251//4269 2247//4269
f 2269//4270 2266//4270 54//4270
f 2269//4271 2247//4271 2266//4271
f 2270//4272 2252//4272 2248//4272
f 2270//4273 2256//4273 2252//4273
f 2270//4274 2248//4274 2267//4274
f 2271//4275 2254//4275 2250//4275
f 2271//4276 2250//4276 2268//4276
f 2272//4277 2251//4277 2269//4277
f 2272//4278 55//4278 56//4278
f 2272//4279 2255//4279 2251//4279
f 2272//4280 2269//4280 55//4280
f 2273//4281 2256//4281 2270//4281
f 2273//4282 2260//4282 2256//4282
f 2274//4283 2258//4283 2254//4283
f 2274//4284 2254//4284 2271//4284
f 2275//4285 2259//4285 2255//4285
f 2275//4286 56//4286 57//4286
f 2275//4287 2272//4287 56//4287
f 2275//4288 2255//4288 2272//4288
f 2276//4289 2260//4289 2273//4289
f 2277//4290 2258//4290 2274//4290
f 2277//4291 2278//4291 2263//4291
f 2277//4292 2262//4292 2258//4292
f 2277//4293 2263//4293 2262//4293
f 2279//4294 57//4294 58//4294
f 2279//4295 2264//4295 2259//4295
f 2279//4296 2275//4296 57//4296
f 2279//4297 2259//4297 2275//4297
f 2280//4298 2265//4298 2260//4298
f 2280//4299 2260//4299 2276//4299
f 2281//4300 2279//4300 58//4300
f 2281//4301 58//4301 59//4301
f 2281//4302 2264//4302 2279//4302
f 2281//4303 2267//4303 2264//4303
f 2282//4304 2268//4304 2265//4304
f 2282//4305 2265//4305 2280//4305
f 2283//4306 59//4306 60//4306
f 2283//4307 2267//4307 2281//4307
f 2283//4308 2270//4308 2267//4308
f 2283//4309 2281//4309 59//4309
f 2284//4310 2268//4310 2282//4310
f 2284//4311 2271//4311 2268//4311
f 2285//4312 60//4312 61//4312
f 2285//4313 2273//4313 2270//4313
f 2285//4314 2270//4314 2283//4314
f 2285//4315 2283//4315 60//4315
f 2286//4316 2274//4316 2271//4316
f 2286//4317 2271//4317 2284//4317
f 2287//4318 61//4318 62//4318
f 2287//4319 2273//4319 2285//4319
f 2287//4320 2285//4320 61//4320
f 2287//4321 2276//4321 2273//4321
f 2288//4322 2277//4322 2274//4322
f 2288//4323 2278//4323 2277//4323
f 2288//4324 2274//4324 2286//4324
f 2288//4325 2289//4325 2278//4325
f 2290//4326 2280//4326 2276//4326
f 2290//4327 62//4327 63//4327
f 2290//4328 2287//4328 62//4328
f 2290//4329 2276//4329 2287//4329
f 2291//4330 2290//4330 63//4330
f 2291//4331 63//4331 64//4331
f 2291//4332 2282//4332 2280//4332
f 2291//4333 2280//4333 2290//4333
f 2292//4334 64//4334 65//4334
f 2292//4335 2282//4335 2291//4335
f 2292//4336 2284//4336 2282//4336
f 2292//4337 2291//4337 64//4337
f 2293//4338 65//4338 66//4338
f 2293//4339 2286//4339 2284//4339
f 2293//4340 2284//4340 2292//4340
f 2293//4341 2292//4341 65//4341
f 2294//4342 2286//4342 2293//4342
f 2294//4343 66//4343 67//4343
f 2294//4344 67//4344 311//4344
f 2294//4345 2288//4345 2286//4345
f 2294//4346 2289//4346 2288//4346
f 2294//4347 2293//4347 66//4347
f 2294//4348 311//4348 2289//4348
f 19//4349 2295//4349 22//4349
f 32//4350 111//4350 33//4350
f 1//4351 5//4351 2296//4351
f 14//4352 15//4352 294//4352
f 15//4353 16//4353 294//4353
f 22//4354 2297//4354 23//4354
f 23//4355 2297//4355 24//4355
f 2298//4356 2297//4356 2295//4356
f 2295//4357 2297//4357 22//4357
f 24//4358 2299//4358 25//4358
f 25//4359 2299//4359 26//4359
f 26//4360 2299//4360 27//4360
f 2297//4361 2299//4361 24//4361
f 2299//4362 2300//4362 27//4362
f 27//4363 2301//4363 28//4363
f 28//4364 2301//4364 29//4364
f 29//4365 2301//4365 30//4365
f 2300//4366 2301//4366 27//4366
f 30//4367 2302//4367 31//4367
f 31//4368 2302//4368 32//4368
f 32//4369 2302//4369 111//4369
f 111//4370 2302//4370 112//4370
f 2301//4371 2302//4371 30//4371
f 2303//4372 2304//4372 2305//4372
f 2305//4373 2304//4373 2306//4373
f 2304//4374 2307//4374 2308//4374
f 2303//4375 2307//4375 2304//4375
f 2309//4376 2310//4376 2303//4376
f 2303//4377 2310//4377 2307//4377
f 2307//4378 2310//4378 2308//4378
f 2311//4379 2312//4379 2309//4379
f 2309//4380 2312//4380 2310//4380
f 2310//4381 2312//4381 2308//4381
f 114//4382 2313//4382 116//4382
f 2313//4383 2314//4383 116//4383
f 2314//4384 2315//4384 116//4384
f 116//4385 2315//4385 118//4385
f 2308//4386 2315//4386 2314//4386
f 2308//4387 2316//4387 2315//4387
f 2315//4388 2316//4388 118//4388
f 118//4389 2317//4389 120//4389
f 2316//4390 2317//4390 118//4390
f 2308//4391 2317//4391 2316//4391
f 2312//4392 2318//4392 2308//4392
f 2319//4393 2320//4393 2321//4393
f 2308//4394 2322//4394 2317//4394
f 2318//4395 2322//4395 2308//4395
f 2317//4396 2322//4396 120//4396
f 2319//4397 2323//4397 2320//4397
f 2324//4398 2325//4398 2319//4398
f 2323//4399 2325//4399 2326//4399
f 2319//4400 2325//4400 2323//4400
f 2324//4401 2327//4401 2325//4401
f 2325//4402 2327//4402 2326//4402
f 2328//4403 2329//4403 2324//4403
f 2327//4404 2329//4404 2326//4404
f 2324//4405 2329//4405 2327//4405
f 2328//4406 2330//4406 2329//4406
f 123//4407 2331//4407 125//4407
f 2332//4408 2331//4408 123//4408
f 2331//4409 2333//4409 125//4409
f 2326//4410 2333//4410 2331//4410
f 125//4411 2334//4411 127//4411
f 2326//4412 2334//4412 2333//4412
f 2333//4413 2334//4413 125//4413
f 2326//4414 2335//4414 2334//4414
f 2334//4415 2335//4415 127//4415
f 127//4416 2336//4416 129//4416
f 2335//4417 2336//4417 127//4417
f 2337//4418 2338//4418 2339//4418
f 2340//4419 2341//4419 2338//4419
f 2342//4420 2343//4420 2337//4420
f 2337//4421 2343//4421 2338//4421
f 2338//4422 2343//4422 2340//4422
f 2343//4423 2344//4423 2340//4423
f 2342//4424 2344//4424 2343//4424
f 2342//4425 2345//4425 2344//4425
f 2344//4426 2345//4426 2340//4426
f 2346//4427 2345//4427 2342//4427
f 2340//4428 2347//4428 2341//4428
f 2346//4429 2348//4429 2345//4429
f 2347//4430 2349//4430 132//4430
f 132//4431 2349//4431 134//4431
f 2340//4432 2349//4432 2347//4432
f 2349//4433 2350//4433 134//4433
f 2340//4434 2350//4434 2349//4434
f 134//4435 2351//4435 136//4435
f 2350//4436 2351//4436 134//4436
f 2340//4437 2351//4437 2350//4437
f 2351//4438 2352//4438 136//4438
f 2340//4439 2352//4439 2351//4439
f 136//4440 2353//4440 138//4440
f 2352//4441 2353//4441 136//4441
f 2354//4442 2355//4442 2356//4442
f 2356//4443 2357//4443 2354//4443
f 2358//4444 2357//4444 2359//4444
f 2359//4445 2357//4445 2356//4445
f 2357//4446 2360//4446 2354//4446
f 2358//4447 2360//4447 2357//4447
f 2360//4448 2361//4448 2354//4448
f 2362//4449 2361//4449 2358//4449
f 2358//4450 2361//4450 2360//4450
f 2362//4451 2363//4451 2361//4451
f 2361//4452 2363//4452 2354//4452
f 140//4453 2364//4453 141//4453
f 2354//4454 2364//4454 2355//4454
f 2354//4455 2365//4455 2364//4455
f 141//4456 2365//4456 143//4456
f 2364//4457 2365//4457 141//4457
f 2365//4458 2366//4458 143//4458
f 2354//4459 2366//4459 2365//4459
f 2366//4460 2367//4460 143//4460
f 2354//4461 2367//4461 2366//4461
f 143//4462 2367//4462 145//4462
f 2363//4463 2368//4463 2354//4463
f 2368//4464 2369//4464 2354//4464
f 2354//4465 2369//4465 2367//4465
f 2367//4466 2369//4466 145//4466
f 145//4467 2369//4467 147//4467
f 2370//4468 2371//4468 2372//4468
f 2372//4469 2373//4469 2370//4469
f 2374//4470 2373//4470 2375//4470
f 2375//4471 2373//4471 2372//4471
f 2374//4472 2376//4472 2373//4472
f 2373//4473 2376//4473 2370//4473
f 2377//4474 2378//4474 2374//4474
f 2376//4475 2378//4475 2370//4475
f 2374//4476 2378//4476 2376//4476
f 2379//4477 2380//4477 2377//4477
f 2377//4478 2380//4478 2378//4478
f 2378//4479 2380//4479 2370//4479
f 2370//4480 2381//4480 2371//4480
f 149//4481 2381//4481 151//4481
f 2370//4482 2382//4482 2381//4482
f 151//4483 2382//4483 152//4483
f 2381//4484 2382//4484 151//4484
f 2370//4485 2383//4485 2382//4485
f 2382//4486 2383//4486 152//4486
f 2370//4487 2384//4487 2383//4487
f 152//4488 2384//4488 154//4488
f 2383//4489 2384//4489 152//4489
f 2380//4490 2385//4490 2370//4490
f 2385//4491 2386//4491 2370//4491
f 2370//4492 2386//4492 2384//4492
f 2384//4493 2386//4493 154//4493
f 2387//4494 2388//4494 2389//4494
f 2390//4495 2388//4495 2391//4495
f 2392//4496 2393//4496 2387//4496
f 2387//4497 2393//4497 2388//4497
f 2388//4498 2393//4498 2391//4498
f 2392//4499 2394//4499 2393//4499
f 2393//4500 2394//4500 2391//4500
f 2395//4501 2396//4501 2392//4501
f 2394//4502 2396//4502 2391//4502
f 2392//4503 2396//4503 2394//4503
f 158//4504 2397//4504 160//4504
f 2391//4505 2397//4505 2390//4505
f 2395//4506 2398//4506 2396//4506
f 2391//4507 2399//4507 2397//4507
f 2397//4508 2399//4508 160//4508
f 160//4509 2400//4509 161//4509
f 2391//4510 2400//4510 2399//4510
f 2399//4511 2400//4511 160//4511
f 2391//4512 2401//4512 2400//4512
f 2400//4513 2401//4513 161//4513
f 2401//4514 2402//4514 161//4514
f 161//4515 2402//4515 163//4515
f 2391//4516 2402//4516 2401//4516
f 2402//4517 2403//4517 163//4517
f 2404//4518 2405//4518 2406//4518
f 2404//4519 2407//4519 2405//4519
f 2408//4520 2407//4520 2404//4520
f 2408//4521 2409//4521 2407//4521
f 2407//4522 2409//4522 2410//4522
f 2408//4523 2411//4523 2409//4523
f 2409//4524 2411//4524 2410//4524
f 2412//4525 2411//4525 2408//4525
f 171//4526 2413//4526 167//4526
f 2412//4527 2414//4527 2411//4527
f 2413//4528 2415//4528 167//4528
f 2410//4529 2416//4529 2415//4529
f 2415//4530 2416//4530 167//4530
f 167//4531 2416//4531 172//4531
f 2410//4532 2417//4532 2416//4532
f 2416//4533 2417//4533 172//4533
f 2410//4534 2418//4534 2417//4534
f 2417//4535 2418//4535 172//4535
f 172//4536 2418//4536 175//4536
f 2418//4537 2419//4537 175//4537
f 2420//4538 2421//4538 2422//4538
f 2422//4539 2421//4539 2423//4539
f 2420//4540 2424//4540 2421//4540
f 2421//4541 2424//4541 2425//4541
f 2426//4542 2427//4542 2420//4542
f 2424//4543 2427//4543 2425//4543
f 2420//4544 2427//4544 2424//4544
f 2428//4545 2429//4545 2426//4545
f 2426//4546 2429//4546 2427//4546
f 2427//4547 2429//4547 2425//4547
f 2430//4548 2431//4548 188//4548
f 188//4549 2431//4549 195//4549
f 2431//4550 2432//4550 195//4550
f 2425//4551 2432//4551 2431//4551
f 195//4552 2433//4552 193//4552
f 2432//4553 2433//4553 195//4553
f 2425//4554 2433//4554 2432//4554
f 2433//4555 2434//4555 193//4555
f 2425//4556 2434//4556 2433//4556
f 2429//4557 2435//4557 2425//4557
f 193//4558 2436//4558 200//4558
f 2434//4559 2436//4559 193//4559
f 2435//4560 2436//4560 2425//4560
f 2425//4561 2436//4561 2434//4561
f 2437//4562 2438//4562 2439//4562
f 2439//4563 2438//4563 2440//4563
f 2438//4564 2441//4564 2442//4564
f 2437//4565 2441//4565 2438//4565
f 2441//4566 2443//4566 2442//4566
f 2444//4567 2443//4567 2437//4567
f 2437//4568 2443//4568 2441//4568
f 2444//4569 2445//4569 2443//4569
f 2443//4570 2445//4570 2442//4570
f 2446//4571 2447//4571 2444//4571
f 2444//4572 2447//4572 2445//4572
f 212//4573 2448//4573 218//4573
f 2449//4574 2448//4574 212//4574
f 2442//4575 2450//4575 2448//4575
f 2448//4576 2450//4576 218//4576
f 2442//4577 2451//4577 2450//4577
f 2450//4578 2451//4578 218//4578
f 218//4579 2451//4579 225//4579
f 2442//4580 2452//4580 2451//4580
f 2451//4581 2452//4581 225//4581
f 2452//4582 2453//4582 225//4582
f 225//4583 2453//4583 229//4583
f 2454//4584 2455//4584 2456//4584
f 2457//4585 2458//4585 2455//4585
f 2454//4586 2459//4586 2455//4586
f 2460//4587 2459//4587 2454//4587
f 2455//4588 2459//4588 2457//4588
f 2460//4589 2461//4589 2459//4589
f 2459//4590 2461//4590 2457//4590
f 2460//4591 2462//4591 2461//4591
f 2461//4592 2462//4592 2457//4592
f 2463//4593 2462//4593 2460//4593
f 2457//4594 2464//4594 2458//4594
f 2463//4595 2465//4595 2462//4595
f 2462//4596 2465//4596 2457//4596
f 2457//4597 2466//4597 2464//4597
f 2464//4598 2466//4598 240//4598
f 240//4599 2466//4599 242//4599
f 2457//4600 2467//4600 2466//4600
f 2466//4601 2467//4601 242//4601
f 2457//4602 2468//4602 2467//4602
f 2467//4603 2468//4603 242//4603
f 242//4604 2468//4604 244//4604
f 2457//4605 2469//4605 2468//4605
f 2468//4606 2469//4606 244//4606
f 244//4607 2469//4607 245//4607
f 2465//4608 2470//4608 2457//4608
f 2457//4609 2470//4609 2469//4609
f 2471//4610 2472//4610 2473//4610
f 2474//4611 2475//4611 2476//4611
f 2476//4612 2475//4612 2473//4612
f 2473//4613 2475//4613 2471//4613
f 2475//4614 2477//4614 2471//4614
f 2474//4615 2477//4615 2475//4615
f 2474//4616 2478//4616 2477//4616
f 2479//4617 2478//4617 2474//4617
f 2477//4618 2478//4618 2471//4618
f 2479//4619 2480//4619 2478//4619
f 2478//4620 2480//4620 2471//4620
f 2471//4621 2481//4621 2472//4621
f 247//4622 2481//4622 249//4622
f 2471//4623 2482//4623 2481//4623
f 249//4624 2482//4624 251//4624
f 2481//4625 2482//4625 249//4625
f 2471//4626 2483//4626 2482//4626
f 2482//4627 2483//4627 251//4627
f 251//4628 2484//4628 253//4628
f 2483//4629 2484//4629 251//4629
f 2471//4630 2484//4630 2483//4630
f 2480//4631 2485//4631 2471//4631
f 253//4632 2486//4632 255//4632
f 2485//4633 2486//4633 2471//4633
f 2471//4634 2486//4634 2484//4634
f 2484//4635 2486//4635 253//4635
f 2487//4636 2488//4636 2489//4636
f 2489//4637 2488//4637 2490//4637
f 2487//4638 2491//4638 2488//4638
f 2488//4639 2491//4639 2492//4639
f 2493//4640 2494//4640 2487//4640
f 2491//4641 2494//4641 2492//4641
f 2487//4642 2494//4642 2491//4642
f 256//4643 2495//4643 258//4643
f 2493//4644 2496//4644 2494//4644
f 2497//4645 2496//4645 2493//4645
f 2494//4646 2496//4646 2492//4646
f 2495//4647 2498//4647 258//4647
f 2492//4648 2499//4648 2498//4648
f 2498//4649 2499//4649 258//4649
f 258//4650 2499//4650 260//4650
f 2492//4651 2500//4651 2499//4651
f 2499//4652 2500//4652 260//4652
f 2492//4653 2501//4653 2500//4653
f 2500//4654 2501//4654 260//4654
f 260//4655 2501//4655 262//4655
f 2496//4656 2502//4656 2492//4656
f 2492//4657 2503//4657 2501//4657
f 2502//4658 2503//4658 2492//4658
f 2501//4659 2503//4659 262//4659
f 2504//4660 2505//4660 2506//4660
f 2507//4661 2505//4661 2504//4661
f 2505//4662 2508//4662 2509//4662
f 2507//4663 2508//4663 2505//4663
f 2507//4664 2510//4664 2508//4664
f 2511//4665 2510//4665 2507//4665
f 2508//4666 2510//4666 2509//4666
f 2510//4667 2512//4667 2509//4667
f 2511//4668 2512//4668 2510//4668
f 265//4669 2513//4669 267//4669
f 2511//4670 2514//4670 2512//4670
f 2515//4671 2514//4671 2511//4671
f 2513//4672 2516//4672 267//4672
f 2509//4673 2517//4673 2516//4673
f 2516//4674 2517//4674 267//4674
f 267//4675 2517//4675 269//4675
f 2509//4676 2518//4676 2517//4676
f 2517//4677 2518//4677 269//4677
f 2518//4678 2519//4678 269//4678
f 269//4679 2519//4679 271//4679
f 2509//4680 2519//4680 2518//4680
f 2519//4681 2520//4681 271//4681
f 2521//4682 2522//4682 2523//4682
f 2524//4683 2522//4683 2525//4683
f 2526//4684 2527//4684 2524//4684
f 2522//4685 2527//4685 2523//4685
f 2524//4686 2527//4686 2522//4686
f 2527//4687 2528//4687 2523//4687
f 2526//4688 2528//4688 2527//4688
f 2528//4689 2529//4689 2523//4689
f 2530//4690 2529//4690 2526//4690
f 2526//4691 2529//4691 2528//4691
f 2523//4692 2531//4692 2521//4692
f 274//4693 2531//4693 276//4693
f 2530//4694 2532//4694 2529//4694
f 2523//4695 2533//4695 2531//4695
f 2531//4696 2533//4696 276//4696
f 2523//4697 2534//4697 2533//4697
f 276//4698 2534//4698 278//4698
f 2533//4699 2534//4699 276//4699
f 2523//4700 2535//4700 2534//4700
f 2534//4701 2535//4701 278//4701
f 278//4702 2536//4702 280//4702
f 2523//4703 2536//4703 2535//4703
f 2535//4704 2536//4704 278//4704
f 2536//4705 2537//4705 280//4705
f 2538//4706 2539//4706 2540//4706
f 2541//4707 2542//4707 2539//4707
f 2543//4708 2542//4708 2541//4708
f 2539//4709 2542//4709 2540//4709
f 2542//4710 2544//4710 2540//4710
f 2543//4711 2544//4711 2542//4711
f 2543//4712 2545//4712 2544//4712
f 2544//4713 2545//4713 2540//4713
f 2546//4714 2545//4714 2543//4714
f 2547//4715 2548//4715 2546//4715
f 2546//4716 2548//4716 2545//4716
f 2540//4717 2549//4717 2538//4717
f 2540//4718 2550//4718 2549//4718
f 2549//4719 2550//4719 284//4719
f 284//4720 2550//4720 285//4720
f 2550//4721 2551//4721 285//4721
f 2540//4722 2551//4722 2550//4722
f 2540//4723 2552//4723 2551//4723
f 2551//4724 2552//4724 285//4724
f 285//4725 2552//4725 287//4725
f 2540//4726 2553//4726 2552//4726
f 2552//4727 2553//4727 287//4727
f 2296//4728 2554//4728 2555//4728
f 2553//4729 2556//4729 287//4729
f 287//4730 2556//4730 289//4730
f 2554//4731 2557//4731 2558//4731
f 5//4732 2557//4732 2296//4732
f 2296//4733 2557//4733 2554//4733
f 6//4734 2557//4734 5//4734
f 7//4735 2557//4735 6//4735
f 8//4736 2557//4736 7//4736
f 12//4737 2559//4737 11//4737
f 13//4738 2559//4738 12//4738
f 294//4739 2560//4739 14//4739
f 13//4740 2560//4740 2559//4740
f 291//4741 2560//4741 293//4741
f 293//4742 2560//4742 294//4742
f 14//4743 2560//4743 13//4743
f 2305//4744 2561//4744 2298//4744
f 2299//4745 2561//4745 2300//4745
f 2298//4746 2561//4746 2297//4746
f 2300//4747 2561//4747 2306//4747
f 2297//4748 2561//4748 2299//4748
f 2306//4749 2561//4749 2305//4749
f 112//4750 2562//4750 114//4750
f 114//4751 2562//4751 2313//4751
f 2301//4752 2562//4752 2302//4752
f 2302//4753 2562//4753 112//4753
f 2300//4754 2562//4754 2301//4754
f 2313//4755 2563//4755 2314//4755
f 2562//4756 2563//4756 2313//4756
f 2304//4757 2563//4757 2306//4757
f 2308//4758 2563//4758 2304//4758
f 2300//4759 2563//4759 2562//4759
f 2306//4760 2563//4760 2300//4760
f 2314//4761 2563//4761 2308//4761
f 2321//4762 2564//4762 2311//4762
f 2312//4763 2564//4763 2318//4763
f 2311//4764 2564//4764 2312//4764
f 2318//4765 2564//4765 2320//4765
f 2320//4766 2564//4766 2321//4766
f 120//4767 2565//4767 122//4767
f 122//4768 2565//4768 123//4768
f 2318//4769 2565//4769 2322//4769
f 2322//4770 2565//4770 120//4770
f 123//4771 2565//4771 2332//4771
f 2326//4772 2566//4772 2323//4772
f 2323//4773 2566//4773 2320//4773
f 2318//4774 2566//4774 2565//4774
f 2565//4775 2566//4775 2332//4775
f 2331//4776 2566//4776 2326//4776
f 2320//4777 2566//4777 2318//4777
f 2332//4778 2566//4778 2331//4778
f 2329//4779 2567//4779 2326//4779
f 2341//4780 2567//4780 2330//4780
f 2335//4781 2567//4781 2336//4781
f 2326//4782 2567//4782 2335//4782
f 2330//4783 2567//4783 2329//4783
f 2339//4784 2568//4784 2328//4784
f 2328//4785 2568//4785 2330//4785
f 2330//4786 2568//4786 2341//4786
f 2338//4787 2568//4787 2339//4787
f 2341//4788 2568//4788 2338//4788
f 2347//4789 2569//4789 2341//4789
f 132//4790 2569//4790 2347//4790
f 129//4791 2569//4791 131//4791
f 131//4792 2569//4792 132//4792
f 2567//4793 2569//4793 2336//4793
f 2336//4794 2569//4794 129//4794
f 2341//4795 2569//4795 2567//4795
f 2353//4796 2570//4796 2355//4796
f 2345//4797 2570//4797 2340//4797
f 2352//4798 2570//4798 2353//4798
f 2340//4799 2570//4799 2352//4799
f 2348//4800 2570//4800 2345//4800
f 2570//4801 2571//4801 2355//4801
f 2572//4802 2571//4802 2346//4802
f 2359//4803 2571//4803 2572//4803
f 2346//4804 2571//4804 2348//4804
f 2356//4805 2571//4805 2359//4805
f 2348//4806 2571//4806 2570//4806
f 2355//4807 2571//4807 2356//4807
f 140//4808 2573//4808 2364//4808
f 2355//4809 2573//4809 2353//4809
f 2364//4810 2573//4810 2355//4810
f 138//4811 2573//4811 140//4811
f 2353//4812 2573//4812 138//4812
f 2363//4813 2574//4813 2368//4813
f 2575//4814 2574//4814 2362//4814
f 2362//4815 2574//4815 2363//4815
f 2371//4816 2576//4816 2372//4816
f 2375//4817 2576//4817 2575//4817
f 2372//4818 2576//4818 2375//4818
f 2574//4819 2576//4819 2368//4819
f 2368//4820 2576//4820 2371//4820
f 2575//4821 2576//4821 2574//4821
f 2368//4822 2577//4822 2369//4822
f 2369//4823 2577//4823 147//4823
f 147//4824 2578//4824 149//4824
f 2368//4825 2578//4825 2577//4825
f 2577//4826 2578//4826 147//4826
f 2371//4827 2578//4827 2368//4827
f 2381//4828 2579//4828 2371//4828
f 149//4829 2579//4829 2381//4829
f 2578//4830 2579//4830 149//4830
f 2371//4831 2579//4831 2578//4831
f 2380//4832 2580//4832 2385//4832
f 2379//4833 2580//4833 2380//4833
f 2580//4834 2581//4834 2385//4834
f 2389//4835 2581//4835 2379//4835
f 2379//4836 2581//4836 2580//4836
f 2385//4837 2581//4837 2390//4837
f 2389//4838 2582//4838 2581//4838
f 2581//4839 2582//4839 2390//4839
f 2390//4840 2582//4840 2388//4840
f 2388//4841 2582//4841 2389//4841
f 154//4842 2583//4842 156//4842
f 2385//4843 2583//4843 2386//4843
f 2386//4844 2583//4844 154//4844
f 156//4845 2584//4845 158//4845
f 2385//4846 2584//4846 2583//4846
f 2583//4847 2584//4847 156//4847
f 2390//4848 2584//4848 2385//4848
f 158//4849 2584//4849 2397//4849
f 2397//4850 2584//4850 2390//4850
f 2391//4851 2585//4851 2402//4851
f 2586//4852 2585//4852 2398//4852
f 2402//4853 2585//4853 2403//4853
f 2396//4854 2585//4854 2391//4854
f 2398//4855 2585//4855 2396//4855
f 2398//4856 2587//4856 2586//4856
f 2405//4857 2587//4857 2406//4857
f 2406//4858 2587//4858 2395//4858
f 2395//4859 2587//4859 2398//4859
f 2586//4860 2588//4860 2585//4860
f 2585//4861 2588//4861 2403//4861
f 171//4862 2588//4862 2413//4862
f 163//4863 2588//4863 165//4863
f 165//4864 2588//4864 171//4864
f 2403//4865 2588//4865 163//4865
f 2413//4866 2588//4866 2586//4866
f 2410//4867 2589//4867 2407//4867
f 2405//4868 2589//4868 2587//4868
f 2415//4869 2589//4869 2410//4869
f 2413//4870 2589//4870 2415//4870
f 2407//4871 2589//4871 2405//4871
f 2587//4872 2589//4872 2586//4872
f 2586//4873 2589//4873 2413//4873
f 2418//4874 2590//4874 2419//4874
f 2410//4875 2590//4875 2418//4875
f 2411//4876 2590//4876 2410//4876
f 2419//4877 2590//4877 2591//4877
f 2414//4878 2590//4878 2411//4878
f 2412//4879 2592//4879 2414//4879
f 2590//4880 2592//4880 2591//4880
f 2414//4881 2592//4881 2590//4881
f 2593//4882 2592//4882 2412//4882
f 2422//4883 2592//4883 2593//4883
f 2423//4884 2592//4884 2422//4884
f 2591//4885 2592//4885 2423//4885
f 188//4886 2594//4886 2430//4886
f 2419//4887 2594//4887 175//4887
f 2591//4888 2594//4888 2419//4888
f 175//4889 2594//4889 182//4889
f 182//4890 2594//4890 188//4890
f 2591//4891 2595//4891 2594//4891
f 2594//4892 2595//4892 2430//4892
f 2423//4893 2595//4893 2591//4893
f 2421//4894 2595//4894 2423//4894
f 2425//4895 2595//4895 2421//4895
f 2430//4896 2595//4896 2431//4896
f 2431//4897 2595//4897 2425//4897
f 2439//4898 2596//4898 2428//4898
f 2428//4899 2596//4899 2429//4899
f 2440//4900 2596//4900 2439//4900
f 2429//4901 2596//4901 2435//4901
f 2435//4902 2596//4902 2440//4902
f 2448//4903 2597//4903 2442//4903
f 2449//4904 2597//4904 2448//4904
f 2442//4905 2597//4905 2438//4905
f 2440//4906 2597//4906 2435//4906
f 2438//4907 2597//4907 2440//4907
f 2597//4908 2598//4908 2435//4908
f 200//4909 2598//4909 206//4909
f 206//4910 2598//4910 212//4910
f 2436//4911 2598//4911 200//4911
f 2435//4912 2598//4912 2436//4912
f 212//4913 2598//4913 2449//4913
f 2449//4914 2598//4914 2597//4914
f 2458//4915 2599//4915 2447//4915
f 2447//4916 2599//4916 2445//4916
f 2452//4917 2599//4917 2453//4917
f 2445//4918 2599//4918 2442//4918
f 2442//4919 2599//4919 2452//4919
f 2447//4920 2600//4920 2458//4920
f 2455//4921 2600//4921 2456//4921
f 2446//4922 2600//4922 2447//4922
f 2456//4923 2600//4923 2446//4923
f 2458//4924 2600//4924 2455//4924
f 2458//4925 2601//4925 2599//4925
f 2453//4926 2601//4926 229//4926
f 2464//4927 2601//4927 2458//4927
f 240//4928 2601//4928 2464//4928
f 2599//4929 2601//4929 2453//4929
f 229//4930 2601//4930 238//4930
f 238//4931 2601//4931 240//4931
f 2463//4932 2602//4932 2465//4932
f 2465//4933 2602//4933 2470//4933
f 2603//4934 2602//4934 2463//4934
f 2470//4935 2602//4935 2472//4935
f 2476//4936 2604//4936 2603//4936
f 2473//4937 2604//4937 2476//4937
f 2603//4938 2604//4938 2602//4938
f 2472//4939 2604//4939 2473//4939
f 2602//4940 2604//4940 2472//4940
f 2469//4941 2605//4941 245//4941
f 2470//4942 2605//4942 2469//4942
f 2472//4943 2606//4943 2470//4943
f 245//4944 2606//4944 247//4944
f 2605//4945 2606//4945 245//4945
f 2470//4946 2606//4946 2605//4946
f 2481//4947 2607//4947 2472//4947
f 2472//4948 2607//4948 2606//4948
f 2606//4949 2607//4949 247//4949
f 247//4950 2607//4950 2481//4950
f 2608//4951 2609//4951 2479//4951
f 2489//4952 2609//4952 2608//4952
f 2479//4953 2609//4953 2480//4953
f 2490//4954 2609//4954 2489//4954
f 2480//4955 2609//4955 2485//4955
f 255//4956 2610//4956 256//4956
f 2485//4957 2610//4957 2486//4957
f 2486//4958 2610//4958 255//4958
f 2495//4959 2610//4959 2485//4959
f 256//4960 2610//4960 2495//4960
f 2498//4961 2611//4961 2492//4961
f 2495//4962 2611//4962 2498//4962
f 2490//4963 2611//4963 2609//4963
f 2609//4964 2611//4964 2485//4964
f 2485//4965 2611//4965 2495//4965
f 2488//4966 2611//4966 2490//4966
f 2492//4967 2611//4967 2488//4967
f 2497//4968 2612//4968 2496//4968
f 2496//4969 2612//4969 2502//4969
f 2502//4970 2612//4970 2506//4970
f 2506//4971 2612//4971 2504//4971
f 2504//4972 2612//4972 2497//4972
f 2502//4973 2613//4973 2503//4973
f 2503//4974 2613//4974 262//4974
f 265//4975 2613//4975 2513//4975
f 262//4976 2613//4976 264//4976
f 264//4977 2613//4977 265//4977
f 2509//4978 2614//4978 2505//4978
f 2613//4979 2614//4979 2513//4979
f 2502//4980 2614//4980 2613//4980
f 2506//4981 2614//4981 2502//4981
f 2505//4982 2614//4982 2506//4982
f 2516//4983 2614//4983 2509//4983
f 2513//4984 2614//4984 2516//4984
f 2521//4985 2615//4985 2514//4985
f 2509//4986 2615//4986 2519//4986
f 2512//4987 2615//4987 2509//4987
f 2514//4988 2615//4988 2512//4988
f 2519//4989 2615//4989 2520//4989
f 2514//4990 2616//4990 2521//4990
f 2515//4991 2616//4991 2514//4991
f 2525//4992 2616//4992 2515//4992
f 2521//4993 2616//4993 2522//4993
f 2522//4994 2616//4994 2525//4994
f 2531//4995 2617//4995 2521//4995
f 2521//4996 2617//4996 2615//4996
f 2520//4997 2617//4997 271//4997
f 271//4998 2617//4998 273//4998
f 273//4999 2617//4999 274//4999
f 274//5000 2617//5000 2531//5000
f 2615//5001 2617//5001 2520//5001
f 2538//5002 2618//5002 2532//5002
f 2529//5003 2618//5003 2523//5003
f 2532//5004 2618//5004 2529//5004
f 2523//5005 2618//5005 2536//5005
f 2536//5006 2618//5006 2537//5006
f 2538//5007 2619//5007 2539//5007
f 2539//5008 2619//5008 2541//5008
f 2532//5009 2619//5009 2538//5009
f 2620//5010 2619//5010 2530//5010
f 2541//5011 2619//5011 2620//5011
f 2530//5012 2619//5012 2532//5012
f 2618//5013 2621//5013 2537//5013
f 284//5014 2621//5014 2549//5014
f 2538//5015 2621//5015 2618//5015
f 280//5016 2621//5016 282//5016
f 282//5017 2621//5017 284//5017
f 2549//5018 2621//5018 2538//5018
f 2537//5019 2621//5019 280//5019
f 2558//5020 2622//5020 2554//5020
f 2547//5021 2622//5021 2548//5021
f 2555//5022 2622//5022 2547//5022
f 2554//5023 2622//5023 2555//5023
f 2623//5024 2622//5024 2558//5024
f 2623//5025 2624//5025 2622//5025
f 2548//5026 2624//5026 2545//5026
f 2540//5027 2624//5027 2553//5027
f 2545//5028 2624//5028 2540//5028
f 2553//5029 2624//5029 2556//5029
f 2556//5030 2624//5030 2623//5030
f 2622//5031 2624//5031 2548//5031
f 2557//5032 2625//5032 2558//5032
f 8//5033 2625//5033 2557//5033
f 2559//5034 2625//5034 11//5034
f 9//5035 2625//5035 8//5035
f 10//5036 2625//5036 9//5036
f 11//5037 2625//5037 10//5037
f 2558//5038 2625//5038 2623//5038
f 2560//5039 2626//5039 2559//5039
f 2559//5040 2626//5040 2625//5040
f 291//5041 2626//5041 2560//5041
f 2623//5042 2626//5042 2556//5042
f 2556//5043 2626//5043 289//5043
f 289//5044 2626//5044 291//5044
f 2625//5045 2626//5045 2623//5045
f 69//5046 311//5046 68//5046
f 2627//5047 311//5047 69//5047
f 2627//5048 2278//5048 2289//5048
f 2627//5049 2289//5049 311//5049
f 2628//5050 2278//5050 2627//5050
f 2629//5051 2278//5051 2628//5051
f 2629//5052 2263//5052 2278//5052
f 2630//5053 2263//5053 2629//5053
f 2631//5054 2263//5054 2630//5054
f 2632//5055 2263//5055 2631//5055
f 2632//5056 2219//5056 2263//5056
f 2633//5057 2219//5057 2632//5057
f 2634//5058 2219//5058 2633//5058
f 2635//5059 2219//5059 2634//5059
f 2635//5060 2218//5060 2219//5060
f 2636//5061 2218//5061 2635//5061
f 2637//5062 2218//5062 2636//5062
f 2638//5063 2189//5063 2218//5063
f 2638//5064 2218//5064 2637//5064
f 2639//5065 2189//5065 2638//5065
f 2640//5066 2189//5066 2639//5066
f 2641//5067 2157//5067 2189//5067
f 2641//5068 2189//5068 2640//5068
f 2642//5069 2157//5069 2641//5069
f 2643//5070 2157//5070 2642//5070
f 2644//5071 2094//5071 2157//5071
f 2644//5072 2157//5072 2643//5072
f 2645//5073 2094//5073 2644//5073
f 2646//5074 2094//5074 2645//5074
f 2647//5075 2094//5075 2646//5075
f 2093//5076 2094//5076 2647//5076
f 2648//5077 2093//5077 2647//5077
f 2649//5078 2093//5078 2648//5078
f 2650//5079 2093//5079 2649//5079
f 2030//5080 2093//5080 2650//5080
f 2030//5081 2651//5081 2652//5081
f 2030//5082 2650//5082 2651//5082
f 2029//5083 2030//5083 2652//5083
f 2029//5084 2653//5084 2654//5084
f 2029//5085 2655//5085 2653//5085
f 2029//5086 2652//5086 2655//5086
f 1966//5087 2029//5087 2654//5087
f 1966//5088 2656//5088 2657//5088
f 1966//5089 2654//5089 2656//5089
f 1965//5090 1966//5090 2657//5090
f 1965//5091 2658//5091 2659//5091
f 1965//5092 2657//5092 2658//5092
f 1902//5093 1965//5093 2659//5093
f 1901//5094 1902//5094 2659//5094
f 1838//5095 1901//5095 2659//5095
f 1806//5096 1838//5096 2659//5096
f 1805//5097 1806//5097 2659//5097
f 1742//5098 1805//5098 2659//5098
f 1741//5099 1742//5099 2659//5099
f 1678//5100 1741//5100 2659//5100
f 1677//5101 1678//5101 2659//5101
f 1645//5102 1677//5102 2659//5102
f 1582//5103 1645//5103 2659//5103
f 1550//5104 1582//5104 2659//5104
f 1518//5105 1550//5105 2659//5105
f 1517//5106 1518//5106 2659//5106
f 1485//5107 1517//5107 2659//5107
f 1453//5108 1485//5108 2659//5108
f 1421//5109 1453//5109 2659//5109
f 1421//5110 2659//5110 2660//5110
f 1358//5111 1421//5111 2660//5111
f 429//5112 72//5112 71//5112
f 429//5113 2661//5113 72//5113
f 1326//5114 1358//5114 2660//5114
f 461//5115 2661//5115 429//5115
f 1325//5116 1326//5116 2660//5116
f 493//5117 2662//5117 2663//5117
f 493//5118 2661//5118 461//5118
f 493//5119 2663//5119 2661//5119
f 1293//5120 1325//5120 2660//5120
f 525//5121 2664//5121 2662//5121
f 525//5122 2665//5122 2664//5122
f 525//5123 2666//5123 2665//5123
f 525//5124 2662//5124 493//5124
f 1261//5125 1293//5125 2660//5125
f 557//5126 2667//5126 2666//5126
f 557//5127 2668//5127 2667//5127
f 557//5128 2669//5128 2668//5128
f 557//5129 2666//5129 525//5129
f 1229//5130 1261//5130 2660//5130
f 589//5131 2670//5131 2669//5131
f 589//5132 2671//5132 2670//5132
f 589//5133 2672//5133 2671//5133
f 589//5134 2669//5134 557//5134
f 1197//5135 1229//5135 2660//5135
f 621//5136 2673//5136 2672//5136
f 621//5137 2674//5137 2673//5137
f 621//5138 2675//5138 2674//5138
f 621//5139 2672//5139 589//5139
f 1165//5140 1197//5140 2660//5140
f 622//5141 2676//5141 2675//5141
f 622//5142 2677//5142 2676//5142
f 622//5143 2678//5143 2677//5143
f 622//5144 2675//5144 621//5144
f 1133//5145 1165//5145 2660//5145
f 685//5146 2679//5146 2678//5146
f 685//5147 2680//5147 2679//5147
f 685//5148 2681//5148 2680//5148
f 685//5149 2678//5149 622//5149
f 1101//5150 1133//5150 2660//5150
f 717//5151 2682//5151 2681//5151
f 717//5152 2683//5152 2682//5152
f 717//5153 2684//5153 2683//5153
f 717//5154 2681//5154 685//5154
f 1038//5155 1101//5155 2660//5155
f 749//5156 2685//5156 2684//5156
f 749//5157 2686//5157 2685//5157
f 749//5158 2684//5158 717//5158
f 1037//5159 1038//5159 2660//5159
f 781//5160 2687//5160 2686//5160
f 781//5161 2688//5161 2687//5161
f 781//5162 2689//5162 2688//5162
f 781//5163 2686//5163 749//5163
f 974//5164 1037//5164 2660//5164
f 813//5165 2689//5165 781//5165
f 813//5166 2690//5166 2689//5166
f 813//5167 2691//5167 2690//5167
f 973//5168 974//5168 2660//5168
f 845//5169 2691//5169 813//5169
f 845//5170 2692//5170 2691//5170
f 845//5171 2660//5171 2692//5171
f 941//5172 973//5172 2660//5172
f 877//5173 2660//5173 845//5173
f 909//5174 941//5174 2660//5174
f 909//5175 2660//5175 877//5175
f 2693//5176 2694//5176 2//5176
f 2695//5177 2693//5177 2//5177
f 2696//5178 2695//5178 2//5178
f 2697//5179 2696//5179 2//5179
f 2698//5180 2//5180 2694//5180
f 2699//5181 2697//5181 2//5181
f 2700//5182 2694//5182 2693//5182
f 2700//5183 2698//5183 2694//5183
f 2701//5184 2699//5184 2//5184
f 2702//5185 2693//5185 2695//5185
f 2702//5186 2700//5186 2693//5186
f 2703//5187 2701//5187 2//5187
f 2704//5188 2695//5188 2696//5188
f 2704//5189 2702//5189 2695//5189
f 2705//5190 2703//5190 2//5190
f 2706//5191 2704//5191 2696//5191
f 2706//5192 2697//5192 2699//5192
f 2706//5193 2696//5193 2697//5193
f 2707//5194 2705//5194 2//5194
f 2708//5195 2//5195 2698//5195
f 2709//5196 2699//5196 2701//5196
f 2709//5197 2706//5197 2699//5197
f 2710//5198 2707//5198 2//5198
f 2711//5199 2698//5199 2700//5199
f 2711//5200 2708//5200 2698//5200
f 2712//5201 2709//5201 2701//5201
f 2713//5202 2710//5202 2//5202
f 2714//5203 2711//5203 2700//5203
f 2714//5204 2700//5204 2702//5204
f 2715//5205 2701//5205 2703//5205
f 2715//5206 2712//5206 2701//5206
f 2716//5207 2713//5207 2//5207
f 2717//5208 2704//5208 2706//5208
f 2717//5209 2702//5209 2704//5209
f 2717//5210 2714//5210 2702//5210
f 2718//5211 2703//5211 2705//5211
f 2718//5212 2715//5212 2703//5212
f 2719//5213 2716//5213 2//5213
f 2720//5214 2706//5214 2709//5214
f 2720//5215 2717//5215 2706//5215
f 2721//5216 2718//5216 2705//5216
f 2721//5217 2705//5217 2707//5217
f 2722//5218 2//5218 2708//5218
f 2723//5219 2719//5219 2//5219
f 2724//5220 2720//5220 2709//5220
f 2725//5221 2707//5221 2710//5221
f 2725//5222 2721//5222 2707//5222
f 2726//5223 2708//5223 2711//5223
f 2726//5224 2722//5224 2708//5224
f 2727//5225 2723//5225 2//5225
f 2728//5226 2709//5226 2712//5226
f 2728//5227 2724//5227 2709//5227
f 2729//5228 2710//5228 2713//5228
f 2729//5229 2725//5229 2710//5229
f 2730//5230 2711//5230 2714//5230
f 2730//5231 2726//5231 2711//5231
f 2731//5232 2727//5232 2//5232
f 2732//5233 2715//5233 2718//5233
f 2732//5234 2728//5234 2712//5234
f 2732//5235 2712//5235 2715//5235
f 2733//5236 2729//5236 2713//5236
f 2733//5237 2713//5237 2716//5237
f 2734//5238 2714//5238 2717//5238
f 2734//5239 2730//5239 2714//5239
f 2735//5240 2731//5240 2//5240
f 2736//5241 2732//5241 2718//5241
f 2737//5242 2733//5242 2716//5242
f 2737//5243 2716//5243 2719//5243
f 2738//5244 2734//5244 2717//5244
f 2738//5245 2717//5245 2720//5245
f 2739//5246 2735//5246 2//5246
f 2740//5247 2718//5247 2721//5247
f 2740//5248 2736//5248 2718//5248
f 2741//5249 19//5249 2//5249
f 2741//5250 2//5250 2722//5250
f 2742//5251 2719//5251 2723//5251
f 2742//5252 2737//5252 2719//5252
f 2743//5253 2720//5253 2724//5253
f 2743//5254 2738//5254 2720//5254
f 2744//5255 2739//5255 2//5255
f 2745//5256 2721//5256 2725//5256
f 2745//5257 2725//5257 2729//5257
f 2745//5258 2740//5258 2721//5258
f 2746//5259 2722//5259 2726//5259
f 2746//5260 2741//5260 2722//5260
f 2747//5261 2742//5261 2723//5261
f 2747//5262 2723//5262 2727//5262
f 2748//5263 2743//5263 2724//5263
f 2748//5264 2724//5264 2728//5264
f 2749//5265 2744//5265 2//5265
f 2750//5266 2745//5266 2729//5266
f 2751//5267 2726//5267 2730//5267
f 2751//5268 2746//5268 2726//5268
f 2752//5269 2727//5269 2731//5269
f 2752//5270 2747//5270 2727//5270
f 2753//5271 2728//5271 2732//5271
f 2753//5272 2748//5272 2728//5272
f 2754//5273 2749//5273 2//5273
f 2755//5274 2729//5274 2733//5274
f 2755//5275 2750//5275 2729//5275
f 2756//5276 2730//5276 2734//5276
f 2756//5277 2751//5277 2730//5277
f 2757//5278 2752//5278 2731//5278
f 2757//5279 2731//5279 2735//5279
f 2757//5280 2735//5280 2739//5280
f 2758//5281 2753//5281 2732//5281
f 2758//5282 2732//5282 2736//5282
f 2759//5283 2754//5283 2//5283
f 2760//5284 2755//5284 2733//5284
f 2760//5285 2733//5285 2737//5285
f 2761//5286 2734//5286 2738//5286
f 2761//5287 2756//5287 2734//5287
f 2762//5288 2757//5288 2739//5288
f 2763//5289 2758//5289 2736//5289
f 2763//5290 2736//5290 2740//5290
f 2764//5291 19//5291 2741//5291
f 2765//5292 2759//5292 2//5292
f 2766//5293 2737//5293 2742//5293
f 2766//5294 2742//5294 2747//5294
f 2766//5295 2760//5295 2737//5295
f 2767//5296 2761//5296 2738//5296
f 2767//5297 2738//5297 2743//5297
f 2768//5298 2762//5298 2739//5298
f 2768//5299 2739//5299 2744//5299
f 2769//5300 2763//5300 2740//5300
f 2769//5301 2740//5301 2745//5301
f 2770//5302 2764//5302 2741//5302
f 2770//5303 2741//5303 2746//5303
f 2771//5304 2765//5304 2//5304
f 2772//5305 2766//5305 2747//5305
f 2773//5306 2767//5306 2743//5306
f 2773//5307 2743//5307 2748//5307
f 2774//5308 2744//5308 2749//5308
f 2774//5309 2749//5309 2754//5309
f 2774//5310 2768//5310 2744//5310
f 2775//5311 2745//5311 2750//5311
f 2775//5312 2769//5312 2745//5312
f 2775//5313 2750//5313 2755//5313
f 2776//5314 2746//5314 2751//5314
f 2776//5315 2770//5315 2746//5315
f 2777//5316 2771//5316 2//5316
f 2778//5317 2747//5317 2752//5317
f 2778//5318 2772//5318 2747//5318
f 2779//5319 2753//5319 2758//5319
f 2779//5320 2773//5320 2748//5320
f 2779//5321 2748//5321 2753//5321
f 2780//5322 2774//5322 2754//5322
f 2781//5323 2775//5323 2755//5323
f 2782//5324 2776//5324 2751//5324
f 2782//5325 2751//5325 2756//5325
f 2783//5326 2777//5326 2//5326
f 2784//5327 2778//5327 2752//5327
f 2784//5328 2752//5328 2757//5328
f 2785//5329 2779//5329 2758//5329
f 2786//5330 2754//5330 2759//5330
f 2786//5331 2780//5331 2754//5331
f 2787//5332 2755//5332 2760//5332
f 2787//5333 2781//5333 2755//5333
f 2788//5334 2782//5334 2756//5334
f 2788//5335 2756//5335 2761//5335
f 2789//5336 2783//5336 2//5336
f 2790//5337 2757//5337 2762//5337
f 2790//5338 2762//5338 2768//5338
f 2790//5339 2784//5339 2757//5339
f 2791//5340 2758//5340 2763//5340
f 2791//5341 2763//5341 2769//5341
f 2791//5342 2785//5342 2758//5342
f 2792//5343 19//5343 2764//5343
f 2793//5344 2759//5344 2765//5344
f 2793//5345 2786//5345 2759//5345
f 2794//5346 2760//5346 2766//5346
f 2794//5347 2787//5347 2760//5347
f 2794//5348 2766//5348 2772//5348
f 2795//5349 2788//5349 2761//5349
f 2795//5350 2761//5350 2767//5350
f 2796//5351 2789//5351 2//5351
f 2797//5352 2790//5352 2768//5352
f 2798//5353 2791//5353 2769//5353
f 2799//5354 2792//5354 2764//5354
f 2799//5355 2770//5355 2776//5355
f 2799//5356 2764//5356 2770//5356
f 2800//5357 2793//5357 2765//5357
f 2800//5358 2765//5358 2771//5358
f 2801//5359 2794//5359 2772//5359
f 2802//5360 2795//5360 2767//5360
f 2802//5361 2767//5361 2773//5361
f 2803//5362 2796//5362 2//5362
f 2804//5363 2774//5363 2780//5363
f 2804//5364 2768//5364 2774//5364
f 2804//5365 2797//5365 2768//5365
f 2805//5366 2798//5366 2769//5366
f 2805//5367 2769//5367 2775//5367
f 2806//5368 2799//5368 2776//5368
f 2807//5369 2800//5369 2771//5369
f 2807//5370 2771//5370 2777//5370
f 2808//5371 2801//5371 2772//5371
f 2808//5372 2772//5372 2778//5372
f 2809//5373 2773//5373 2779//5373
f 2809//5374 2779//5374 2785//5374
f 2809//5375 2802//5375 2773//5375
f 2810//5376 2803//5376 2//5376
f 2811//5377 2804//5377 2780//5377
f 2812//5378 2805//5378 2775//5378
f 2812//5379 2775//5379 2781//5379
f 2812//5380 2781//5380 2787//5380
f 2813//5381 2782//5381 2788//5381
f 2813//5382 2776//5382 2782//5382
f 2813//5383 2806//5383 2776//5383
f 2814//5384 2777//5384 2783//5384
f 2814//5385 2807//5385 2777//5385
f 2815//5386 2808//5386 2778//5386
f 2815//5387 2778//5387 2784//5387
f 2816//5388 2785//5388 2791//5388
f 2816//5389 2809//5389 2785//5389
f 2817//5390 2780//5390 2786//5390
f 2817//5391 2811//5391 2780//5391
f 2818//5392 2787//5392 2794//5392
f 2818//5393 2812//5393 2787//5393
f 2819//5394 2813//5394 2788//5394
f 2820//5395 2783//5395 2789//5395
f 2820//5396 2814//5396 2783//5396
f 2821//5397 2815//5397 2784//5397
f 2821//5398 2790//5398 2797//5398
f 2821//5399 2784//5399 2790//5399
f 2822//5400 2816//5400 2791//5400
f 2823//5401 19//5401 2792//5401
f 2824//5402 2793//5402 2800//5402
f 2824//5403 2786//5403 2793//5403
f 2824//5404 2817//5404 2786//5404
f 2825//5405 2818//5405 2794//5405
f 2826//5406 2819//5406 2788//5406
f 2826//5407 2788//5407 2795//5407
f 2827//5408 2789//5408 2796//5408
f 2827//5409 2820//5409 2789//5409
f 2828//5410 2797//5410 2804//5410
f 2828//5411 2821//5411 2797//5411
f 2829//5412 2822//5412 2791//5412
f 2829//5413 2791//5413 2798//5413
f 2830//5414 2823//5414 2792//5414
f 2830//5415 2799//5415 2806//5415
f 2830//5416 2792//5416 2799//5416
f 2831//5417 2824//5417 2800//5417
f 2832//5418 2794//5418 2801//5418
f 2832//5419 2825//5419 2794//5419
f 2833//5420 2826//5420 2795//5420
f 2833//5421 2795//5421 2802//5421
f 2834//5422 2827//5422 2796//5422
f 2834//5423 2796//5423 2803//5423
f 2834//5424 2803//5424 2810//5424
f 2835//5425 2828//5425 2804//5425
f 2836//5426 2829//5426 2798//5426
f 2836//5427 2798//5427 2805//5427
f 2837//5428 2830//5428 2806//5428
f 2838//5429 2831//5429 2800//5429
f 2838//5430 2800//5430 2807//5430
f 2838//5431 2807//5431 2814//5431
f 2839//5432 2801//5432 2808//5432
f 2839//5433 2832//5433 2801//5433
f 2840//5434 2802//5434 2809//5434
f 2840//5435 2833//5435 2802//5435
f 2841//5436 2834//5436 2810//5436
f 2841//5437 2810//5437 2//5437
f 2842//5438 2835//5438 2804//5438
f 2842//5439 2804//5439 2811//5439
f 2843//5440 2836//5440 2805//5440
f 2843//5441 2805//5441 2812//5441
f 2844//5442 2813//5442 2819//5442
f 2844//5443 2837//5443 2806//5443
f 2844//5444 2806//5444 2813//5444
f 2845//5445 2838//5445 2814//5445
f 2846//5446 2839//5446 2808//5446
f 2846//5447 2808//5447 2815//5447
f 2847//5448 2809//5448 2816//5448
f 2847//5449 2816//5449 2822//5449
f 2847//5450 2840//5450 2809//5450
f 2848//5451 2811//5451 2817//5451
f 2848//5452 2817//5452 2824//5452
f 2848//5453 2842//5453 2811//5453
f 2849//5454 2812//5454 2818//5454
f 2849//5455 2843//5455 2812//5455
f 2850//5456 2844//5456 2819//5456
f 2851//5457 2814//5457 2820//5457
f 2851//5458 2845//5458 2814//5458
f 2852//5459 2846//5459 2815//5459
f 2852//5460 2815//5460 2821//5460
f 2853//5461 2822//5461 2829//5461
f 2853//5462 2847//5462 2822//5462
f 2854//5463 2295//5463 19//5463
f 2854//5464 2298//5464 2295//5464
f 2854//5465 2305//5465 2298//5465
f 2854//5466 19//5466 2823//5466
f 2854//5467 2823//5467 2830//5467
f 2855//5468 2848//5468 2824//5468
f 2856//5469 2849//5469 2818//5469
f 2856//5470 2818//5470 2825//5470
f 2857//5471 2819//5471 2826//5471
f 2857//5472 2850//5472 2819//5472
f 2858//5473 2820//5473 2827//5473
f 2858//5474 2851//5474 2820//5474
f 2859//5475 2821//5475 2828//5475
f 2859//5476 2852//5476 2821//5476
f 2860//5477 2853//5477 2829//5477
f 2861//5478 2303//5478 2305//5478
f 2861//5479 2309//5479 2303//5479
f 2861//5480 2854//5480 2830//5480
f 2861//5481 2305//5481 2854//5481
f 2862//5482 2824//5482 2831//5482
f 2862//5483 2855//5483 2824//5483
f 2862//5484 2831//5484 2838//5484
f 2863//5485 2856//5485 2825//5485
f 2863//5486 2825//5486 2832//5486
f 2864//5487 2826//5487 2833//5487
f 2864//5488 2857//5488 2826//5488
f 2865//5489 2858//5489 2827//5489
f 2865//5490 2827//5490 2834//5490
f 2866//5491 2859//5491 2828//5491
f 2866//5492 2828//5492 2835//5492
f 2866//5493 2835//5493 2842//5493
f 2867//5494 2860//5494 2829//5494
f 2867//5495 2829//5495 2836//5495
f 2868//5496 2311//5496 2309//5496
f 2868//5497 2321//5497 2311//5497
f 2868//5498 2309//5498 2861//5498
f 2868//5499 2830//5499 2837//5499
f 2868//5500 2861//5500 2830//5500
f 2869//5501 2862//5501 2838//5501
f 2870//5502 2839//5502 2846//5502
f 2870//5503 2863//5503 2832//5503
f 2870//5504 2832//5504 2839//5504
f 2871//5505 2864//5505 2833//5505
f 2871//5506 2833//5506 2840//5506
f 2872//5507 2841//5507 2//5507
f 2872//5508 2865//5508 2834//5508
f 2872//5509 2834//5509 2841//5509
f 2873//5510 2866//5510 2842//5510
f 2874//5511 2843//5511 2849//5511
f 2874//5512 2836//5512 2843//5512
f 2874//5513 2867//5513 2836//5513
f 2875//5514 2319//5514 2321//5514
f 2875//5515 2324//5515 2319//5515
f 2875//5516 2328//5516 2324//5516
f 2875//5517 2868//5517 2837//5517
f 2875//5518 2844//5518 2850//5518
f 2875//5519 2321//5519 2868//5519
f 2875//5520 2837//5520 2844//5520
f 2876//5521 2838//5521 2845//5521
f 2876//5522 2869//5522 2838//5522
f 2877//5523 2846//5523 2852//5523
f 2877//5524 2870//5524 2846//5524
f 2878//5525 2871//5525 2840//5525
f 2878//5526 2847//5526 2853//5526
f 2878//5527 2840//5527 2847//5527
f 2879//5528 2873//5528 2842//5528
f 2879//5529 2842//5529 2848//5529
f 2880//5530 2874//5530 2849//5530
f 2881//5531 2875//5531 2850//5531
f 2881//5532 2339//5532 2328//5532
f 2881//5533 2337//5533 2339//5533
f 2881//5534 2328//5534 2875//5534
f 2882//5535 2845//5535 2851//5535
f 2882//5536 2876//5536 2845//5536
f 2883//5537 2877//5537 2852//5537
f 2884//5538 2878//5538 2853//5538
f 2885//5539 2848//5539 2855//5539
f 2885//5540 2879//5540 2848//5540
f 2886//5541 2880//5541 2849//5541
f 2886//5542 2849//5542 2856//5542
f 2887//5543 2881//5543 2850//5543
f 2887//5544 2850//5544 2857//5544
f 2887//5545 2342//5545 2337//5545
f 2887//5546 2346//5546 2342//5546
f 2887//5547 2857//5547 2864//5547
f 2887//5548 2337//5548 2881//5548
f 2888//5549 2851//5549 2858//5549
f 2888//5550 2882//5550 2851//5550
f 2889//5551 2852//5551 2859//5551
f 2889//5552 2883//5552 2852//5552
f 2890//5553 2884//5553 2853//5553
f 2890//5554 2853//5554 2860//5554
f 2891//5555 2855//5555 2862//5555
f 2891//5556 2885//5556 2855//5556
f 2892//5557 2856//5557 2863//5557
f 2892//5558 2886//5558 2856//5558
f 2893//5559 2864//5559 2871//5559
f 2893//5560 2572//5560 2346//5560
f 2893//5561 2359//5561 2572//5561
f 2893//5562 2346//5562 2887//5562
f 2893//5563 2887//5563 2864//5563
f 2894//5564 2858//5564 2865//5564
f 2894//5565 2888//5565 2858//5565
f 2894//5566 2865//5566 2872//5566
f 2895//5567 2859//5567 2866//5567
f 2895//5568 2889//5568 2859//5568
f 2896//5569 2860//5569 2867//5569
f 2896//5570 2890//5570 2860//5570
f 2896//5571 2867//5571 2874//5571
f 2897//5572 2891//5572 2862//5572
f 2897//5573 2862//5573 2869//5573
f 2897//5574 2869//5574 2876//5574
f 2898//5575 2892//5575 2863//5575
f 2898//5576 2863//5576 2870//5576
f 2899//5577 2893//5577 2871//5577
f 2899//5578 2358//5578 2359//5578
f 2899//5579 2362//5579 2358//5579
f 2899//5580 2359//5580 2893//5580
f 2900//5581 2894//5581 2872//5581
f 2900//5582 2872//5582 2//5582
f 2901//5583 2895//5583 2866//5583
f 2901//5584 2866//5584 2873//5584
f 2902//5585 2896//5585 2874//5585
f 2903//5586 2897//5586 2876//5586
f 2904//5587 2870//5587 2877//5587
f 2904//5588 2898//5588 2870//5588
f 2905//5589 2575//5589 2362//5589
f 2905//5590 2375//5590 2575//5590
f 2905//5591 2899//5591 2871//5591
f 2905//5592 2871//5592 2878//5592
f 2905//5593 2362//5593 2899//5593
f 2905//5594 2878//5594 2884//5594
f 2906//5595 2873//5595 2879//5595
f 2906//5596 2901//5596 2873//5596
f 2907//5597 2902//5597 2874//5597
f 2907//5598 2874//5598 2880//5598
f 2908//5599 2876//5599 2882//5599
f 2908//5600 2903//5600 2876//5600
f 2909//5601 2877//5601 2883//5601
f 2909//5602 2904//5602 2877//5602
f 2910//5603 2375//5603 2905//5603
f 2910//5604 2374//5604 2375//5604
f 2910//5605 2377//5605 2374//5605
f 2910//5606 2905//5606 2884//5606
f 2911//5607 2885//5607 2891//5607
f 2911//5608 2879//5608 2885//5608
f 2911//5609 2906//5609 2879//5609
f 2912//5610 2886//5610 2892//5610
f 2912//5611 2880//5611 2886//5611
f 2912//5612 2907//5612 2880//5612
f 2913//5613 2908//5613 2882//5613
f 2913//5614 2882//5614 2888//5614
f 2914//5615 2889//5615 2895//5615
f 2914//5616 2883//5616 2889//5616
f 2914//5617 2909//5617 2883//5617
f 2915//5618 2884//5618 2890//5618
f 2915//5619 2910//5619 2884//5619
f 2915//5620 2379//5620 2377//5620
f 2915//5621 2377//5621 2910//5621
f 2915//5622 2389//5622 2379//5622
f 2915//5623 2387//5623 2389//5623
f 2916//5624 2911//5624 2891//5624
f 2917//5625 2912//5625 2892//5625
f 2918//5626 2888//5626 2894//5626
f 2918//5627 2913//5627 2888//5627
f 2919//5628 2914//5628 2895//5628
f 2920//5629 2915//5629 2890//5629
f 2920//5630 2392//5630 2387//5630
f 2920//5631 2395//5631 2392//5631
f 2920//5632 2890//5632 2896//5632
f 2920//5633 2896//5633 2902//5633
f 2920//5634 2387//5634 2915//5634
f 2921//5635 2891//5635 2897//5635
f 2921//5636 2897//5636 2903//5636
f 2921//5637 2916//5637 2891//5637
f 2922//5638 2917//5638 2892//5638
f 2922//5639 2898//5639 2904//5639
f 2922//5640 2892//5640 2898//5640
f 2923//5641 2//5641 1//5641
f 2923//5642 2918//5642 2894//5642
f 2923//5643 2900//5643 2//5643
f 2923//5644 2894//5644 2900//5644
f 2924//5645 2919//5645 2895//5645
f 2924//5646 2895//5646 2901//5646
f 2925//5647 2395//5647 2920//5647
f 2925//5648 2920//5648 2902//5648
f 2925//5649 2406//5649 2395//5649
f 2925//5650 2404//5650 2406//5650
f 2925//5651 2902//5651 2907//5651
f 2926//5652 2921//5652 2903//5652
f 2927//5653 2922//5653 2904//5653
f 2928//5654 2924//5654 2901//5654
f 2928//5655 2901//5655 2906//5655
f 2929//5656 2925//5656 2907//5656
f 2929//5657 2408//5657 2404//5657
f 2929//5658 2412//5658 2408//5658
f 2929//5659 2404//5659 2925//5659
f 2930//5660 2926//5660 2903//5660
f 2930//5661 2903//5661 2908//5661
f 2931//5662 2904//5662 2909//5662
f 2931//5663 2927//5663 2904//5663
f 2932//5664 2911//5664 2916//5664
f 2932//5665 2928//5665 2906//5665
f 2932//5666 2906//5666 2911//5666
f 2933//5667 2929//5667 2907//5667
f 2933//5668 2593//5668 2412//5668
f 2933//5669 2422//5669 2593//5669
f 2933//5670 2412//5670 2929//5670
f 2933//5671 2907//5671 2912//5671
f 2934//5672 2930//5672 2908//5672
f 2934//5673 2908//5673 2913//5673
f 2935//5674 2909//5674 2914//5674
f 2935//5675 2931//5675 2909//5675
f 2936//5676 2932//5676 2916//5676
f 2937//5677 2420//5677 2422//5677
f 2937//5678 2426//5678 2420//5678
f 2937//5679 2422//5679 2933//5679
f 2937//5680 2912//5680 2917//5680
f 2937//5681 2933//5681 2912//5681
f 2938//5682 2913//5682 2918//5682
f 2938//5683 2934//5683 2913//5683
f 2939//5684 2935//5684 2914//5684
f 2939//5685 2914//5685 2919//5685
f 2940//5686 2936//5686 2916//5686
f 2940//5687 2921//5687 2926//5687
f 2940//5688 2916//5688 2921//5688
f 2941//5689 2917//5689 2922//5689
f 2941//5690 2428//5690 2426//5690
f 2941//5691 2439//5691 2428//5691
f 2941//5692 2937//5692 2917//5692
f 2941//5693 2426//5693 2937//5693
f 2942//5694 2918//5694 2923//5694
f 2942//5695 2938//5695 2918//5695
f 2942//5696 2923//5696 1//5696
f 2943//5697 2939//5697 2919//5697
f 2943//5698 2919//5698 2924//5698
f 2944//5699 2940//5699 2926//5699
f 2945//5700 2941//5700 2922//5700
f 2945//5701 2437//5701 2439//5701
f 2945//5702 2444//5702 2437//5702
f 2945//5703 2922//5703 2927//5703
f 2945//5704 2439//5704 2941//5704
f 2946//5705 2928//5705 2932//5705
f 2946//5706 2924//5706 2928//5706
f 2946//5707 2943//5707 2924//5707
f 2947//5708 2926//5708 2930//5708
f 2947//5709 2944//5709 2926//5709
f 2948//5710 2945//5710 2927//5710
f 2948//5711 2446//5711 2444//5711
f 2948//5712 2456//5712 2446//5712
f 2948//5713 2454//5713 2456//5713
f 2948//5714 2927//5714 2931//5714
f 2948//5715 2444//5715 2945//5715
f 2949//5716 2946//5716 2932//5716
f 2950//5717 2930//5717 2934//5717
f 2950//5718 2934//5718 2938//5718
f 2950//5719 2947//5719 2930//5719
f 2951//5720 2460//5720 2454//5720
f 2951//5721 2463//5721 2460//5721
f 2951//5722 2454//5722 2948//5722
f 2951//5723 2931//5723 2935//5723
f 2951//5724 2948//5724 2931//5724
f 2952//5725 2949//5725 2932//5725
f 2952//5726 2932//5726 2936//5726
f 2953//5727 2950//5727 2938//5727
f 2954//5728 2603//5728 2463//5728
f 2954//5729 2935//5729 2939//5729
f 2954//5730 2476//5730 2603//5730
f 2954//5731 2463//5731 2951//5731
f 2954//5732 2951//5732 2935//5732
f 2955//5733 2936//5733 2940//5733
f 2955//5734 2952//5734 2936//5734
f 2956//5735 2953//5735 2938//5735
f 2956//5736 2938//5736 2942//5736
f 2956//5737 2942//5737 1//5737
f 2957//5738 2939//5738 2943//5738
f 2957//5739 2474//5739 2476//5739
f 2957//5740 2479//5740 2474//5740
f 2957//5741 2954//5741 2939//5741
f 2957//5742 2476//5742 2954//5742
f 2958//5743 2955//5743 2940//5743
f 2958//5744 2940//5744 2944//5744
f 2959//5745 2608//5745 2479//5745
f 2959//5746 2489//5746 2608//5746
f 2959//5747 2479//5747 2957//5747
f 2959//5748 2943//5748 2946//5748
f 2959//5749 2957//5749 2943//5749
f 2960//5750 2958//5750 2944//5750
f 2960//5751 2944//5751 2947//5751
f 2961//5752 2959//5752 2946//5752
f 2961//5753 2487//5753 2489//5753
f 2961//5754 2493//5754 2487//5754
f 2961//5755 2946//5755 2949//5755
f 2961//5756 2489//5756 2959//5756
f 2962//5757 2960//5757 2947//5757
f 2962//5758 2947//5758 2950//5758
f 2963//5759 2949//5759 2952//5759
f 2963//5760 2952//5760 2955//5760
f 2963//5761 2961//5761 2949//5761
f 2963//5762 2493//5762 2961//5762
f 2963//5763 2497//5763 2493//5763
f 2963//5764 2504//5764 2497//5764
f 2964//5765 2950//5765 2953//5765
f 2964//5766 2953//5766 2956//5766
f 2964//5767 2962//5767 2950//5767
f 2965//5768 2504//5768 2963//5768
f 2965//5769 2963//5769 2955//5769
f 2965//5770 2507//5770 2504//5770
f 2965//5771 2511//5771 2507//5771
f 2965//5772 2515//5772 2511//5772
f 2966//5773 2956//5773 1//5773
f 2966//5774 2964//5774 2956//5774
f 2967//5775 2515//5775 2965//5775
f 2967//5776 2965//5776 2955//5776
f 2967//5777 2955//5777 2958//5777
f 2967//5778 2525//5778 2515//5778
f 2967//5779 2524//5779 2525//5779
f 2968//5780 2524//5780 2967//5780
f 2968//5781 2960//5781 2962//5781
f 2968//5782 2958//5782 2960//5782
f 2968//5783 2967//5783 2958//5783
f 2968//5784 2526//5784 2524//5784
f 2968//5785 2530//5785 2526//5785
f 2969//5786 2968//5786 2962//5786
f 2969//5787 2620//5787 2530//5787
f 2969//5788 2541//5788 2620//5788
f 2969//5789 2530//5789 2968//5789
f 2970//5790 2962//5790 2964//5790
f 2970//5791 2969//5791 2962//5791
f 2970//5792 2964//5792 2966//5792
f 2970//5793 2541//5793 2969//5793
f 2970//5794 2543//5794 2541//5794
f 2970//5795 2546//5795 2543//5795
f 2971//5796 2966//5796 1//5796
f 2971//5797 2546//5797 2970//5797
f 2971//5798 2970//5798 2966//5798
f 2971//5799 2547//5799 2546//5799
f 2971//5800 2555//5800 2547//5800
f 2971//5801 2296//5801 2555//5801
f 2971//5802 1//5802 2296//5802
f 2627//5803 69//5803 70//5803
f 2627//5804 70//5804 2972//5804
f 2973//5805 2974//5805 2975//5805
f 2976//5806 2975//5806 2974//5806
f 2977//5807 2976//5807 2974//5807
f 2978//5808 2974//5808 2973//5808
f 2979//5809 2977//5809 2974//5809
f 2980//5810 2974//5810 2978//5810
f 2981//5811 2979//5811 2974//5811
f 2982//5812 2974//5812 2980//5812
f 2983//5813 2981//5813 2974//5813
f 2984//5814 2974//5814 2982//5814
f 2985//5815 2983//5815 2974//5815
f 2986//5816 2974//5816 2984//5816
f 2987//5817 2985//5817 2974//5817
f 2988//5818 2974//5818 2986//5818
f 2989//5819 2987//5819 2974//5819
f 2990//5820 2974//5820 2988//5820
f 2991//5821 2989//5821 2974//5821
f 2992//5822 2974//5822 2990//5822
f 2993//5823 2991//5823 2974//5823
f 2994//5824 2974//5824 2992//5824
f 2995//5825 2993//5825 2974//5825
f 2996//5826 2974//5826 2994//5826
f 2997//5827 2995//5827 2974//5827
f 2998//5828 2974//5828 2996//5828
f 2999//5829 2997//5829 2974//5829
f 3000//5830 2974//5830 2998//5830
f 3001//5831 2999//5831 2974//5831
f 3002//5832 2974//5832 3000//5832
f 3003//5833 2974//5833 3002//5833
f 2972//5834 2974//5834 3003//5834
f 2972//5835 49//5835 2974//5835
f 70//5836 49//5836 2972//5836
f 2974//5837 3004//5837 3005//5837
f 2974//5838 3005//5838 3001//5838
f 49//5839 109//5839 3006//5839
f 49//5840 3006//5840 2974//5840
f 3007//5841 3008//5841 3009//5841
f 3007//5842 109//5842 3008//5842
f 109//5843 34//5843 3008//5843
f 3007//5844 3010//5844 109//5844
f 3010//5845 3006//5845 109//5845
f 34//5846 4//5846 3011//5846
f 34//5847 3011//5847 3008//5847
f 3011//5848 3012//5848 3013//5848
f 4//5849 17//5849 3011//5849
f 3011//5850 17//5850 3012//5850
f 3014//5851 3015//5851 17//5851
f 17//5852 3015//5852 3012//5852
f 72//5853 2661//5853 3016//5853
f 72//5854 3016//5854 73//5854
f 3014//5855 3//5855 3017//5855
f 17//5856 3//5856 3014//5856
f 3018//5857 3016//5857 3019//5857
f 3018//5858 3019//5858 3020//5858
f 3018//5859 3020//5859 3021//5859
f 3018//5860 3021//5860 3022//5860
f 3018//5861 3022//5861 3023//5861
f 3018//5862 3023//5862 3024//5862
f 3018//5863 3024//5863 3025//5863
f 3018//5864 3025//5864 3026//5864
f 3018//5865 3026//5865 3027//5865
f 3018//5866 3027//5866 3028//5866
f 3018//5867 3028//5867 3029//5867
f 3018//5868 3029//5868 3030//5868
f 3018//5869 3030//5869 3031//5869
f 3018//5870 3031//5870 3032//5870
f 3018//5871 3032//5871 3033//5871
f 3018//5872 3033//5872 3034//5872
f 3018//5873 3034//5873 3035//5873
f 3018//5874 3035//5874 3036//5874
f 3018//5875 3036//5875 3037//5875
f 3018//5876 3037//5876 3038//5876
f 3018//5877 3038//5877 3039//5877
f 3018//5878 3039//5878 3040//5878
f 3018//5879 3040//5879 3041//5879
f 3018//5880 3041//5880 3042//5880
f 3018//5881 3042//5881 3043//5881
f 3018//5882 3043//5882 3044//5882
f 3018//5883 3044//5883 3045//5883
f 3018//5884 3045//5884 3046//5884
f 3018//5885 3046//5885 3047//5885
f 74//5886 3016//5886 3018//5886
f 74//5887 73//5887 3016//5887
f 3048//5888 3018//5888 3049//5888
f 3049//5889 3018//5889 3050//5889
f 3050//5890 3018//5890 3047//5890
f 3//5891 18//5891 3017//5891
f 3017//5892 18//5892 3051//5892
f 3052//5893 3053//5893 3054//5893
f 76//5894 91//5894 3052//5894
f 3052//5895 74//5895 3053//5895
f 91//5896 74//5896 3052//5896
f 18//5897 20//5897 3055//5897
f 18//5898 3055//5898 3051//5898
f 3056//5899 3057//5899 3058//5899
f 20//5900 21//5900 3057//5900
f 20//5901 3057//5901 3056//5901
f 3059//5902 3055//5902 20//5902
f 3059//5903 20//5903 3056//5903
f 21//5904 76//5904 3052//5904
f 21//5905 3052//5905 3057//5905
f 3060//5906 3061//5906 228//5906
f 3060//5907 228//5907 227//5907
f 304//5908 3061//5908 302//5908
f 306//5909 3061//5909 304//5909
f 308//5910 3061//5910 306//5910
f 228//5911 3061//5911 308//5911
f 295//5912 3062//5912 166//5912
f 296//5913 3062//5913 295//5913
f 298//5914 3062//5914 296//5914
f 300//5915 3062//5915 298//5915
f 302//5916 3062//5916 300//5916
f 3061//5917 3062//5917 302//5917
f 3060//5918 211//5918 205//5918
f 3060//5919 217//5919 211//5919
f 3060//5920 221//5920 217//5920
f 3060//5921 227//5921 221//5921
f 3063//5922 180//5922 170//5922
f 3063//5923 186//5923 180//5923
f 3063//5924 192//5924 186//5924
f 3063//5925 199//5925 192//5925
f 3063//5926 205//5926 199//5926
f 3063//5927 3060//5927 205//5927
f 3063//5928 170//5928 166//5928
f 3062//5929 3063//5929 166//5929
f 207//5930 3064//5930 201//5930
f 213//5931 3064//5931 207//5931
f 219//5932 3064//5932 213//5932
f 224//5933 3064//5933 219//5933
f 176//5934 3065//5934 168//5934
f 181//5935 3065//5935 176//5935
f 187//5936 3065//5936 181//5936
f 194//5937 3065//5937 187//5937
f 201//5938 3065//5938 194//5938
f 3064//5939 3065//5939 201//5939
f 3065//5940 3066//5940 168//5940
f 168//5941 3066//5941 169//5941
f 224//5942 226//5942 3064//5942
f 3064//5943 226//5943 3067//5943
f 169//5944 3066//5944 297//5944
f 297//5945 3066//5945 299//5945
f 299//5946 3066//5946 301//5946
f 301//5947 3066//5947 303//5947
f 303//5948 3066//5948 305//5948
f 305//5949 3067//5949 307//5949
f 307//5950 3067//5950 309//5950
f 309//5951 3067//5951 310//5951
f 310//5952 3067//5952 226//5952
f 3066//5953 3067//5953 305//5953
f 3068//5954 3069//5954 233//5954
f 3068//5955 233//5955 237//5955
f 3068//5956 232//5956 223//5956
f 3068//5957 235//5957 232//5957
f 3068//5958 237//5958 235//5958
f 215//5959 3068//5959 223//5959
f 209//5960 3068//5960 215//5960
f 3070//5961 184//5961 177//5961
f 3070//5962 190//5962 184//5962
f 3070//5963 197//5963 190//5963
f 3070//5964 203//5964 197//5964
f 3070//5965 209//5965 203//5965
f 3070//5966 3068//5966 209//5966
f 3071//5967 3070//5967 177//5967
f 3071//5968 177//5968 174//5968
f 220//5969 3069//5969 216//5969
f 230//5970 3069//5970 220//5970
f 233//5971 3069//5971 230//5971
f 3069//5972 210//5972 216//5972
f 3069//5973 204//5973 210//5973
f 179//5974 3071//5974 174//5974
f 185//5975 3071//5975 179//5975
f 191//5976 3071//5976 185//5976
f 198//5977 3071//5977 191//5977
f 204//5978 3071//5978 198//5978
f 3069//5979 3071//5979 204//5979
f 2661//5980 2663//5980 3016//5980
f 3016//5981 2663//5981 3019//5981
f 3019//5982 2662//5982 3020//5982
f 2663//5983 2662//5983 3019//5983
f 3020//5984 2664//5984 3021//5984
f 2662//5985 2664//5985 3020//5985
f 3021//5986 2665//5986 3022//5986
f 2664//5987 2665//5987 3021//5987
f 3022//5988 2666//5988 3023//5988
f 2665//5989 2666//5989 3022//5989
f 3023//5990 2667//5990 3024//5990
f 2666//5991 2667//5991 3023//5991
f 3024//5992 2668//5992 3025//5992
f 2667//5993 2668//5993 3024//5993
f 3025//5994 2669//5994 3026//5994
f 2668//5995 2669//5995 3025//5995
f 2669//5996 2670//5996 3026//5996
f 3026//5997 2670//5997 3027//5997
f 2670//5998 2671//5998 3027//5998
f 3027//5999 2671//5999 3028//5999
f 2671//6000 2672//6000 3028//6000
f 3028//6001 2672//6001 3029//6001
f 2672//6002 2673//6002 3029//6002
f 3029//6003 2673//6003 3030//6003
f 2673//6004 2674//6004 3030//6004
f 3030//6005 2674//6005 3031//6005
f 2674//6006 2675//6006 3031//6006
f 3031//6007 2675//6007 3032//6007
f 2675//6008 2676//6008 3032//6008
f 3032//6009 2676//6009 3033//6009
f 2676//6010 2677//6010 3033//6010
f 3033//6011 2677//6011 3034//6011
f 2677//6012 2678//6012 3034//6012
f 3034//6013 2678//6013 3035//6013
f 2678//6014 2679//6014 3035//6014
f 3035//6015 2679//6015 3036//6015
f 2679//6016 2680//6016 3036//6016
f 3036//6017 2680//6017 3037//6017
f 2680//6018 2681//6018 3037//6018
f 3037//6019 2681//6019 3038//6019
f 3038//6020 2682//6020 3039//6020
f 2681//6021 2682//6021 3038//6021
f 2682//6022 2683//6022 3039//6022
f 3039//6023 2683//6023 3040//6023
f 3040//6024 2684//6024 3041//6024
f 2683//6025 2684//6025 3040//6025
f 3041//6026 2685//6026 3042//6026
f 2684//6027 2685//6027 3041//6027
f 3042//6028 2686//6028 3043//6028
f 2685//6029 2686//6029 3042//6029
f 3043//6030 2687//6030 3044//6030
f 2686//6031 2687//6031 3043//6031
f 3044//6032 2688//6032 3045//6032
f 2687//6033 2688//6033 3044//6033
f 3045//6034 2689//6034 3046//6034
f 2688//6035 2689//6035 3045//6035
f 3046//6036 2690//6036 3047//6036
f 2689//6037 2690//6037 3046//6037
f 3047//6038 2691//6038 3050//6038
f 2690//6039 2691//6039 3047//6039
f 3050//6040 2692//6040 3049//6040
f 2691//6041 2692//6041 3050//6041
f 2692//6042 2660//6042 3049//6042
f 3049//6043 2660//6043 3048//6043
f 3015//6044 3014//6044 3017//6044
f 3051//6045 3015//6045 3017//6045
f 3059//6046 3015//6046 3051//6046
f 3055//6047 3059//6047 3051//6047
f 3065//6048 3064//6048 3015//6048
f 3065//6049 3015//6049 3059//6049
f 3061//6050 3067//6050 3066//6050
f 3062//6051 3061//6051 3066//6051
f 3072//6052 3060//6052 3063//6052
f 3072//6053 3073//6053 3060//6053
f 3010//6054 2974//6054 3006//6054
f 3004//6055 3010//6055 3074//6055
f 2659//6056 3004//6056 3074//6056
f 3075//6057 2659//6057 3074//6057
f 2660//6058 3075//6058 3048//6058
f 2660//6059 2659//6059 3075//6059
f 3018//6060 3075//6060 3072//6060
f 3018//6061 3048//6061 3075//6061
f 3059//6062 3018//6062 3072//6062
f 3059//6063 3072//6063 3063//6063
f 3059//6064 3063//6064 3062//6064
f 3059//6065 3062//6065 3066//6065
f 3059//6066 3066//6066 3065//6066
f 3004//6067 2974//6067 3010//6067
f 3010//6068 3015//6068 3073//6068
f 3073//6069 3015//6069 3060//6069
f 3060//6070 3015//6070 3061//6070
f 3061//6071 3015//6071 3067//6071
f 3067//6072 3015//6072 3064//6072
f 3010//6073 3073//6073 3074//6073
f 3004//6074 2659//6074 3005//6074
f 3005//6075 2658//6075 3001//6075
f 2659//6076 2658//6076 3005//6076
f 3001//6077 2657//6077 2999//6077
f 2658//6078 2657//6078 3001//6078
f 2999//6079 2656//6079 2997//6079
f 2657//6080 2656//6080 2999//6080
f 2997//6081 2654//6081 2995//6081
f 2656//6082 2654//6082 2997//6082
f 2995//6083 2653//6083 2993//6083
f 2654//6084 2653//6084 2995//6084
f 2993//6085 2655//6085 2991//6085
f 2653//6086 2655//6086 2993//6086
f 2991//6087 2652//6087 2989//6087
f 2655//6088 2652//6088 2991//6088
f 2652//6089 2651//6089 2989//6089
f 2989//6090 2651//6090 2987//6090
f 2651//6091 2650//6091 2987//6091
f 2650//6092 2649//6092 2987//6092
f 2987//6093 2649//6093 2985//6093
f 2985//6094 2649//6094 2983//6094
f 2649//6095 2648//6095 2983//6095
f 2648//6096 2647//6096 2983//6096
f 2983//6097 2647//6097 2981//6097
f 2981//6098 2647//6098 2979//6098
f 2647//6099 2646//6099 2979//6099
f 2646//6100 2645//6100 2979//6100
f 2979//6101 2645//6101 2977//6101
f 2645//6102 2644//6102 2977//6102
f 2977//6103 2644//6103 2976//6103
f 2644//6104 2643//6104 2976//6104
f 2976//6105 2643//6105 2975//6105
f 2643//6106 2642//6106 2975//6106
f 2975//6107 2642//6107 2973//6107
f 2642//6108 2641//6108 2973//6108
f 2973//6109 2641//6109 2978//6109
f 2641//6110 2640//6110 2978//6110
f 2978//6111 2640//6111 2980//6111
f 2640//6112 2639//6112 2980//6112
f 2980//6113 2639//6113 2982//6113
f 2982//6114 2638//6114 2984//6114
f 2639//6115 2638//6115 2982//6115
f 2638//6116 2637//6116 2984//6116
f 2984//6117 2637//6117 2986//6117
f 2986//6118 2636//6118 2988//6118
f 2637//6119 2636//6119 2986//6119
f 2988//6120 2635//6120 2990//6120
f 2636//6121 2635//6121 2988//6121
f 2990//6122 2634//6122 2992//6122
f 2635//6123 2634//6123 2990//6123
f 2992//6124 2633//6124 2994//6124
f 2634//6125 2633//6125 2992//6125
f 2994//6126 2632//6126 2996//6126
f 2633//6127 2632//6127 2994//6127
f 2996//6128 2631//6128 2998//6128
f 2632//6129 2631//6129 2996//6129
f 2998//6130 2630//6130 3000//6130
f 2631//6131 2630//6131 2998//6131
f 3000//6132 2629//6132 3002//6132
f 2630//6133 2629//6133 3000//6133
f 3002//6134 2628//6134 3003//6134
f 2629//6135 2628//6135 3002//6135
f 2628//6136 2627//6136 3003//6136
f 3003//6137 2627//6137 2972//6137
f 3013//6138 3008//6138 3011//6138
f 3013//6139 3009//6139 3008//6139
f 3012//6140 3009//6140 3013//6140
f 3007//6141 3009//6141 3012//6141
f 3015//6142 3010//6142 3012//6142
f 3012//6143 3010//6143 3007//6143
f 74//6144 3056//6144 3053//6144
f 3018//6145 3059//6145 74//6145
f 74//6146 3059//6146 3056//6146
f 3058//6147 3054//6147 3056//6147
f 3054//6148 3053//6148 3056//6148
f 3054//6149 3058//6149 3052//6149
f 3052//6150 3058//6150 3057//6150
f 3076//6151 3069//6151 3077//6151
f 3071//6152 3069//6152 3076//6152
f 3070//6153 3078//6153 3068//6153
f 3078//6154 3079//6154 3068//6154
f 3076//6155 3078//6155 3071//6155
f 3071//6156 3078//6156 3070//6156
f 3079//6157 3077//6157 3069//6157
f 3079//6158 3069//6158 3068//6158
f 3074//6159 3077//6159 3079//6159
f 3074//6160 3073//6160 3077//6160
f 3073//6161 3072//6161 3077//6161
f 3077//6162 3072//6162 3076//6162
f 3072//6163 3075//6163 3076//6163
f 3076//6164 3075//6164 3078//6164
f 3075//6165 3074//6165 3079//6165
f 3075//6166 3079//6166 3078//6166
